id,level,order,source_order,curriculum,written,reading,meanings,parts_of_speech,common,examples,provenance
n5-vocab-0001,N5,1,53,"{""genki_lesson"": 1}","{""primary"": ""医者"", ""variants"": [""医者""], ""without_furigana"": ""医者"", ""with_furigana"": ""{医者}(いしゃ)"", ""lookup_text"": ""医者""}","{""primary"": ""いしゃ"", ""variants"": [""いしゃ""], ""source_text"": ""いしゃ""}","[""doctor"", ""physician""]","[{""code"": ""n"", ""label"": ""noun (common) (futsuumeishi)""}]",True,"[{""japanese_raw"": ""医者は彼の折れた足をついだ。"", ""japanese_furigana"": ""<furigana>医者は彼の折れた足をついだ。</furigana>"", ""english"": ""The doctor set his broken leg."", ""source"": ""tatoeba"", ""source_id"": ""190767""}]","{""level_map"": ""open-anki-jlpt-decks"", ""level_map_guid"": ""f&|8.,xzY9"", ""dictionary"": ""JMdict"", ""dictionary_entry_id"": ""1159980"", ""dictionary_lookup_aliases"": [], ""examples"": ""JMdict sense-linked Tatoeba examples""}"
n5-vocab-0002,N5,2,66,"{""genki_lesson"": 1}","{""primary"": ""今"", ""variants"": [""今""], ""without_furigana"": ""今"", ""with_furigana"": ""{今}(いま)"", ""lookup_text"": ""今""}","{""primary"": ""いま"", ""variants"": [""いま""], ""source_text"": ""いま""}","[""now""]","[{""code"": ""n"", ""label"": ""noun (common) (futsuumeishi)""}, {""code"": ""adj-no"", ""label"": ""nouns which may take the genitive case particle 'no'""}, {""code"": ""adv"", ""label"": ""adverb (fukushi)""}]",True,"[{""japanese_raw"": ""今のアナウンスは何だったのですか。"", ""japanese_furigana"": ""<furigana>今のアナウンスは何だったのですか。</furigana>"", ""english"": ""What did the announcement just say?"", ""source"": ""tatoeba"", ""source_id"": ""172752""}]","{""level_map"": ""open-anki-jlpt-decks"", ""level_map_guid"": ""N{Ld-iFO]H"", ""dictionary"": ""JMdict"", ""dictionary_entry_id"": ""1288850"", ""dictionary_lookup_aliases"": [], ""examples"": ""JMdict sense-linked Tatoeba examples""}"
n5-vocab-0003,N5,3,68,"{""genki_lesson"": 1}","{""primary"": ""妹"", ""variants"": [""妹""], ""without_furigana"": ""妹"", ""with_furigana"": ""{妹}(いもうと)"", ""lookup_text"": ""妹""}","{""primary"": ""いもうと"", ""variants"": [""いもうと""], ""source_text"": ""いもうと""}","[""younger sister (humble)""]","[{""code"": ""n"", ""label"": ""noun (common) (futsuumeishi)""}]",True,"[{""japanese_raw"": ""あのかわいい少女は私の妹です。"", ""japanese_furigana"": ""<furigana>あのかわいい少女は私の妹です。</furigana>"", ""english"": ""That pretty girl is my sister."", ""source"": ""tatoeba"", ""source_id"": ""231347""}]","{""level_map"": ""open-anki-jlpt-decks"", ""level_map_guid"": ""BL_XI^txw+"", ""dictionary"": ""JMdict"", ""dictionary_entry_id"": ""1524590"", ""dictionary_lookup_aliases"": [], ""examples"": ""JMdict sense-linked Tatoeba examples""}"
n5-vocab-0004,N5,4,90,"{""genki_lesson"": 1}","{""primary"": ""英語"", ""variants"": [""英語""], ""without_furigana"": ""英語"", ""with_furigana"": ""{英語}(えいご)"", ""lookup_text"": ""英語""}","{""primary"": ""えいご"", ""variants"": [""えいご""], ""source_text"": ""えいご""}","[""English (language)""]","[{""code"": ""n"", ""label"": ""noun (common) (futsuumeishi)""}]",True,"[{""japanese_raw"": ""アメリカでは英語を話します。"", ""japanese_furigana"": ""<furigana>アメリカでは英語を話します。</furigana>"", ""english"": ""They speak English in America."", ""source"": ""tatoeba"", ""source_id"": ""230259""}]","{""level_map"": ""open-anki-jlpt-decks"", ""level_map_guid"": ""l~kTfp|Na~"", ""dictionary"": ""JMdict"", ""dictionary_entry_id"": ""1174420"", ""dictionary_lookup_aliases"": [], ""examples"": ""JMdict sense-linked Tatoeba examples""}"
n5-vocab-0005,N5,5,91,"{""genki_lesson"": 1}","{""primary"": ""ええ"", ""variants"": [""ええ""], ""without_furigana"": ""ええ"", ""with_furigana"": ""ええ"", ""lookup_text"": ""ええ""}","{""primary"": ""ええ"", ""variants"": [""ええ""], ""source_text"": ""ええ""}","[""yes""]","[{""code"": ""int"", ""label"": ""interjection (kandoushi)""}, {""code"": ""adj-f"", ""label"": ""noun or verb acting prenominally""}]",True,"[{""japanese_raw"": ""君、ええ仕事をしてるな。"", ""japanese_furigana"": ""<furigana>君、ええ仕事をしてるな。</furigana>"", ""english"": ""You're doing good work there."", ""source"": ""tatoeba"", ""source_id"": ""74920""}, {""japanese_raw"": ""「マナカの絵、見して」「えーー、恥ずかしいですよー」"", ""japanese_furigana"": ""<furigana>「マナカの絵、見して」「えーー、恥ずかしいですよー」</furigana>"", ""english"": ""\""Lemme see your painting, Manaka.\"" \""Must you? It's embarrassing!\"""", ""source"": ""tatoeba"", ""source_id"": ""75055""}]","{""level_map"": ""open-anki-jlpt-decks"", ""level_map_guid"": ""K4f;DsCIdC"", ""dictionary"": ""JMdict"", ""dictionary_entry_id"": ""1001140"", ""dictionary_lookup_aliases"": [], ""examples"": ""JMdict sense-linked Tatoeba examples""}"
n5-vocab-0006,N5,6,102,"{""genki_lesson"": 1}","{""primary"": ""お母さん"", ""variants"": [""お母さん""], ""without_furigana"": ""お母さん"", ""with_furigana"": ""お{母}(かあ)さん"", ""lookup_text"": ""お母さん""}","{""primary"": ""おかあさん"", ""variants"": [""おかあさん""], ""source_text"": ""おかあさん""}","[""mother (formal)""]","[{""code"": ""n"", ""label"": ""noun (common) (futsuumeishi)""}, {""code"": ""pn"", ""label"": ""pronoun""}]",True,"[{""japanese_raw"": ""お母さんに口答えしてはいけませんよ。"", ""japanese_furigana"": ""<furigana>お母さんに口答えしてはいけませんよ。</furigana>"", ""english"": ""Don't answer your mother back."", ""source"": ""tatoeba"", ""source_id"": ""226625""}]","{""level_map"": ""open-anki-jlpt-decks"", ""level_map_guid"": ""JmU7?0Aw7)"", ""dictionary"": ""JMdict"", ""dictionary_entry_id"": ""1002650"", ""dictionary_lookup_aliases"": [], ""examples"": ""JMdict sense-linked Tatoeba examples""}"
n5-vocab-0007,N5,7,117,"{""genki_lesson"": 1}","{""primary"": ""お父さん"", ""variants"": [""お父さん""], ""without_furigana"": ""お父さん"", ""with_furigana"": ""お{父}(とう)さん"", ""lookup_text"": ""お父さん""}","{""primary"": ""おとうさん"", ""variants"": [""おとうさん""], ""source_text"": ""おとうさん""}","[""father (formal)""]","[{""code"": ""n"", ""label"": ""noun (common) (futsuumeishi)""}, {""code"": ""pn"", ""label"": ""pronoun""}]",True,"[{""japanese_raw"": ""お父さんは煙草の煙でたくさん輪を作れる。"", ""japanese_furigana"": ""<furigana>お父さんは煙草の煙でたくさん輪を作れる。</furigana>"", ""english"": ""Dad can blow many smoke rings."", ""source"": ""tatoeba"", ""source_id"": ""226723""}]","{""level_map"": ""open-anki-jlpt-decks"", ""level_map_guid"": ""Kh?V(6)C|2"", ""dictionary"": ""JMdict"", ""dictionary_entry_id"": ""1002590"", ""dictionary_lookup_aliases"": [], ""examples"": ""JMdict sense-linked Tatoeba examples""}"
n5-vocab-0008,N5,8,118,"{""genki_lesson"": 1}","{""primary"": ""弟"", ""variants"": [""弟""], ""without_furigana"": ""弟"", ""with_furigana"": ""{弟}(おとうと)"", ""lookup_text"": ""弟""}","{""primary"": ""おとうと"", ""variants"": [""おとうと""], ""source_text"": ""おとうと""}","[""younger brother""]","[{""code"": ""n"", ""label"": ""noun (common) (futsuumeishi)""}]",True,"[{""japanese_raw"": ""彼は私と弟を取り違えた。"", ""japanese_furigana"": ""<furigana>彼は私と弟を取り違えた。</furigana>"", ""english"": ""He mistook me for my younger brother."", ""source"": ""tatoeba"", ""source_id"": ""106259""}]","{""level_map"": ""open-anki-jlpt-decks"", ""level_map_guid"": ""ht,o]F,GkV"", ""dictionary"": ""JMdict"", ""dictionary_entry_id"": ""1581930"", ""dictionary_lookup_aliases"": [], ""examples"": ""JMdict sense-linked Tatoeba examples""}"
n5-vocab-0009,N5,9,126,"{""genki_lesson"": 1}","{""primary"": ""お兄さん"", ""variants"": [""お兄さん""], ""without_furigana"": ""お兄さん"", ""with_furigana"": ""お{兄}(にい)さん"", ""lookup_text"": ""お兄さん""}","{""primary"": ""おにいさん"", ""variants"": [""おにいさん""], ""source_text"": ""おにいさん""}","[""(someone else's) older brother (formal)""]","[{""code"": ""n"", ""label"": ""noun (common) (futsuumeishi)""}]",True,"[{""japanese_raw"": ""彼のお兄さんは有名なサッカーの選手です。"", ""japanese_furigana"": ""<furigana>彼のお兄さんは有名なサッカーの選手です。</furigana>"", ""english"": ""His brother is a famous soccer player."", ""source"": ""tatoeba"", ""source_id"": ""117748""}]","{""level_map"": ""open-anki-jlpt-decks"", ""level_map_guid"": ""c-e]c9shpL"", ""dictionary"": ""JMdict"", ""dictionary_entry_id"": ""1001830"", ""dictionary_lookup_aliases"": [], ""examples"": ""JMdict sense-linked Tatoeba examples""}"
n5-vocab-0010,N5,10,127,"{""genki_lesson"": 1}","{""primary"": ""お姉さん"", ""variants"": [""お姉さん""], ""without_furigana"": ""お姉さん"", ""with_furigana"": ""お{姉}(ねえ)さん"", ""lookup_text"": ""お姉さん""}","{""primary"": ""おねえさん"", ""variants"": [""おねえさん""], ""source_text"": ""おねえさん""}","[""older sister (formal)""]","[{""code"": ""n"", ""label"": ""noun (common) (futsuumeishi)""}]",True,"[{""japanese_raw"": ""あなたのお姉さんは審美感があるね。"", ""japanese_furigana"": ""<furigana>あなたのお姉さんは審美感があるね。</furigana>"", ""english"": ""Your sister has a sense of beauty."", ""source"": ""tatoeba"", ""source_id"": ""233601""}, {""japanese_raw"": ""ねえ蓮、お姉さんが手をつないであげようか？キミは毎年すぐにはぐれちゃうもんね。"", ""japanese_furigana"": ""<furigana>ねえ蓮、お姉さんが手をつないであげようか？キミは毎年すぐにはぐれちゃうもんね。</furigana>"", ""english"": ""By the way, Ren. Should I take your hand? Every year you wander off."", ""source"": ""tatoeba"", ""source_id"": ""75614""}]","{""level_map"": ""open-anki-jlpt-decks"", ""level_map_guid"": ""Q,2s6~F,9F"", ""dictionary"": ""JMdict"", ""dictionary_entry_id"": ""1001990"", ""dictionary_lookup_aliases"": [], ""examples"": ""JMdict sense-linked Tatoeba examples""}"
n5-vocab-0011,N5,11,156,"{""genki_lesson"": 1}","{""primary"": ""学生"", ""variants"": [""学生""], ""without_furigana"": ""学生"", ""with_furigana"": ""{学生}(がくせい)"", ""lookup_text"": ""学生""}","{""primary"": ""がくせい"", ""variants"": [""がくせい""], ""source_text"": ""がくせい""}","[""student""]","[{""code"": ""n"", ""label"": ""noun (common) (futsuumeishi)""}]",True,"[{""japanese_raw"": ""学生の半数が休んでいた。"", ""japanese_furigana"": ""<furigana>学生の半数が休んでいた。</furigana>"", ""english"": ""Half the students were absent."", ""source"": ""tatoeba"", ""source_id"": ""184267""}]","{""level_map"": ""open-anki-jlpt-decks"", ""level_map_guid"": ""JC,(K4dD=="", ""dictionary"": ""JMdict"", ""dictionary_entry_id"": ""1206900"", ""dictionary_lookup_aliases"": [], ""examples"": ""JMdict sense-linked Tatoeba examples""}"
n5-vocab-0012,N5,12,253,"{""genki_lesson"": 1}","{""primary"": ""午後"", ""variants"": [""午後""], ""without_furigana"": ""午後"", ""with_furigana"": ""{午後}(ごご)"", ""lookup_text"": ""午後""}","{""primary"": ""ごご"", ""variants"": [""ごご""], ""source_text"": ""ごご""}","[""afternoon"", ""P.M.""]","[{""code"": ""n"", ""label"": ""noun (common) (futsuumeishi)""}, {""code"": ""adv"", ""label"": ""adverb (fukushi)""}]",True,"[{""japanese_raw"": ""その急行は午後六時三十分着だ。"", ""japanese_furigana"": ""<furigana>その急行は午後六時三十分着だ。</furigana>"", ""english"": ""The express arrives at 6:30 p.m."", ""source"": ""tatoeba"", ""source_id"": ""211448""}]","{""level_map"": ""open-anki-jlpt-decks"", ""level_map_guid"": ""C_ZC&#?>G!"", ""dictionary"": ""JMdict"", ""dictionary_entry_id"": ""1268990"", ""dictionary_lookup_aliases"": [], ""examples"": ""JMdict sense-linked Tatoeba examples""}"
n5-vocab-0013,N5,13,256,"{""genki_lesson"": 1}","{""primary"": ""午前"", ""variants"": [""午前""], ""without_furigana"": ""午前"", ""with_furigana"": ""{午前}(ごぜん)"", ""lookup_text"": ""午前""}","{""primary"": ""ごぜん"", ""variants"": [""ごぜん""], ""source_text"": ""ごぜん""}","[""morning"", ""A.M.""]","[{""code"": ""n"", ""label"": ""noun (common) (futsuumeishi)""}, {""code"": ""adv"", ""label"": ""adverb (fukushi)""}]",True,"[{""japanese_raw"": ""その電車は午前９時にここを出発します。"", ""japanese_furigana"": ""<furigana>その電車は午前９時にここを出発します。</furigana>"", ""english"": ""The train departs here at 9:00 a.m."", ""source"": ""tatoeba"", ""source_id"": ""207576""}]","{""level_map"": ""open-anki-jlpt-decks"", ""level_map_guid"": ""ue~BwANA9n"", ""dictionary"": ""JMdict"", ""dictionary_entry_id"": ""1269060"", ""dictionary_lookup_aliases"": [], ""examples"": ""JMdict sense-linked Tatoeba examples""}"
n5-vocab-0014,N5,14,296,"{""genki_lesson"": 1}","{""primary"": ""仕事"", ""variants"": [""仕事""], ""without_furigana"": ""仕事"", ""with_furigana"": ""{仕事}(しごと)"", ""lookup_text"": ""仕事""}","{""primary"": ""しごと"", ""variants"": [""しごと""], ""source_text"": ""しごと""}","[""work"", ""job"", ""occupation"", ""employment""]","[{""code"": ""n"", ""label"": ""noun (common) (futsuumeishi)""}, {""code"": ""vs"", ""label"": ""noun or participle which takes the aux. verb suru""}, {""code"": ""vi"", ""label"": ""intransitive verb""}]",True,"[{""japanese_raw"": ""「あなたは仕事が気に入っていると思います」「いやそれどころか、嫌いです」"", ""japanese_furigana"": ""<furigana>「あなたは仕事が気に入っていると思います」「いやそれどころか、嫌いです」</furigana>"", ""english"": ""\""I think you like your job.\"" \""On the contrary, I hate it.\"""", ""source"": ""tatoeba"", ""source_id"": ""237276""}]","{""level_map"": ""open-anki-jlpt-decks"", ""level_map_guid"": ""BpR$XStq*~"", ""dictionary"": ""JMdict"", ""dictionary_entry_id"": ""1304970"", ""dictionary_lookup_aliases"": [], ""examples"": ""JMdict sense-linked Tatoeba examples""}"
n5-vocab-0015,N5,15,355,"{""genki_lesson"": 1}","{""primary"": ""先生"", ""variants"": [""先生""], ""without_furigana"": ""先生"", ""with_furigana"": ""{先生}(せんせい)"", ""lookup_text"": ""先生""}","{""primary"": ""せんせい"", ""variants"": [""せんせい""], ""source_text"": ""せんせい""}","[""teacher"", ""professor"", ""master"", ""doctor""]","[{""code"": ""n"", ""label"": ""noun (common) (futsuumeishi)""}, {""code"": ""n-suf"", ""label"": ""noun, used as a suffix""}]",True,"[{""japanese_raw"": ""われわれの先生は真の意味で紳士です。"", ""japanese_furigana"": ""<furigana>われわれの先生は真の意味で紳士です。</furigana>"", ""english"": ""Our teacher is a gentleman in the true sense of the word."", ""source"": ""tatoeba"", ""source_id"": ""191715""}, {""japanese_raw"": ""ぼくはジョーンズ先生に作文を直してもらった。"", ""japanese_furigana"": ""<furigana>ぼくはジョーンズ先生に作文を直してもらった。</furigana>"", ""english"": ""I had my composition corrected by Mr Jones."", ""source"": ""tatoeba"", ""source_id"": ""196345""}]","{""level_map"": ""open-anki-jlpt-decks"", ""level_map_guid"": ""A`19t`6J6t"", ""dictionary"": ""JMdict"", ""dictionary_entry_id"": ""1387990"", ""dictionary_lookup_aliases"": [], ""examples"": ""JMdict sense-linked Tatoeba examples""}"
n5-vocab-0016,N5,16,372,"{""genki_lesson"": 1}","{""primary"": ""大学"", ""variants"": [""大学""], ""without_furigana"": ""大学"", ""with_furigana"": ""{大学}(だいがく)"", ""lookup_text"": ""大学""}","{""primary"": ""だいがく"", ""variants"": [""だいがく""], ""source_text"": ""だいがく""}","[""college"", ""university""]","[{""code"": ""n"", ""label"": ""noun (common) (futsuumeishi)""}]",True,"[{""japanese_raw"": ""合格者の過半数は大学出身者であった。"", ""japanese_furigana"": ""<furigana>合格者の過半数は大学出身者であった。</furigana>"", ""english"": ""The majority of the successful candidates were university graduates."", ""source"": ""tatoeba"", ""source_id"": ""173167""}, {""japanese_raw"": ""あなたは理科系の大学に進んだほうがいいよ。"", ""japanese_furigana"": ""<furigana>あなたは理科系の大学に進んだほうがいいよ。</furigana>"", ""english"": ""You should go on to a technical college."", ""source"": ""tatoeba"", ""source_id"": ""231493""}]","{""level_map"": ""open-anki-jlpt-decks"", ""level_map_guid"": ""kHyc<WfmUQ"", ""dictionary"": ""JMdict"", ""dictionary_entry_id"": ""1413240"", ""dictionary_lookup_aliases"": [], ""examples"": ""JMdict sense-linked Tatoeba examples""}"
n5-vocab-0017,N5,17,441,"{""genki_lesson"": 1}","{""primary"": ""電話"", ""variants"": [""電話""], ""without_furigana"": ""電話"", ""with_furigana"": ""{電話}(でんわ)"", ""lookup_text"": ""電話""}","{""primary"": ""でんわ"", ""variants"": [""でんわ""], ""source_text"": ""でんわ""}","[""a telephone""]","[{""code"": ""n"", ""label"": ""noun (common) (futsuumeishi)""}, {""code"": ""vs"", ""label"": ""noun or participle which takes the aux. verb suru""}, {""code"": ""vt"", ""label"": ""transitive verb""}, {""code"": ""vi"", ""label"": ""intransitive verb""}]",True,"[{""japanese_raw"": ""電話は繰り返し鳴っていた。"", ""japanese_furigana"": ""<furigana>電話は繰り返し鳴っていた。</furigana>"", ""english"": ""The telephone rang repeatedly."", ""source"": ""tatoeba"", ""source_id"": ""124690""}]","{""level_map"": ""open-anki-jlpt-decks"", ""level_map_guid"": ""Q,geq&8^pJ"", ""dictionary"": ""JMdict"", ""dictionary_entry_id"": ""1443840"", ""dictionary_lookup_aliases"": [], ""examples"": ""JMdict sense-linked Tatoeba examples""}"
n5-vocab-0018,N5,18,469,"{""genki_lesson"": 1}","{""primary"": ""友達"", ""variants"": [""友達""], ""without_furigana"": ""友達"", ""with_furigana"": ""{友達}(ともだち)"", ""lookup_text"": ""友達""}","{""primary"": ""ともだち"", ""variants"": [""ともだち""], ""source_text"": ""ともだち""}","[""friend""]","[{""code"": ""n"", ""label"": ""noun (common) (futsuumeishi)""}]",True,"[{""japanese_raw"": ""メグは新しい友達をたくさん得た。"", ""japanese_furigana"": ""<furigana>メグは新しい友達をたくさん得た。</furigana>"", ""english"": ""Meg acquired many new friends."", ""source"": ""tatoeba"", ""source_id"": ""194630""}, {""japanese_raw"": ""犬は人間の最も親しい友達である。"", ""japanese_furigana"": ""<furigana>犬は人間の最も親しい友達である。</furigana>"", ""english"": ""Dogs are man's closest friends."", ""source"": ""tatoeba"", ""source_id"": ""175256""}]","{""level_map"": ""open-anki-jlpt-decks"", ""level_map_guid"": ""E)w$/p&I#O"", ""dictionary"": ""JMdict"", ""dictionary_entry_id"": ""1540170"", ""dictionary_lookup_aliases"": [], ""examples"": ""JMdict sense-linked Tatoeba examples""}"
n5-vocab-0019,N5,19,488,"{""genki_lesson"": 1}","{""primary"": ""何"", ""variants"": [""何""], ""without_furigana"": ""何"", ""with_furigana"": ""{何}(なん)"", ""lookup_text"": ""何""}","{""primary"": ""なん"", ""variants"": [""なん"", ""なに""], ""source_text"": ""なん; なに""}","[""what""]","[{""code"": ""pn"", ""label"": ""pronoun""}, {""code"": ""n"", ""label"": ""noun (common) (futsuumeishi)""}, {""code"": ""adv"", ""label"": ""adverb (fukushi)""}, {""code"": ""int"", ""label"": ""interjection (kandoushi)""}]",True,"[{""japanese_raw"": ""今のアナウンスは何だったのですか。"", ""japanese_furigana"": ""<furigana>今のアナウンスは何だったのですか。</furigana>"", ""english"": ""What did the announcement just say?"", ""source"": ""tatoeba"", ""source_id"": ""172752""}, {""japanese_raw"": ""なによ！出来ないの？この度胸なし！腰抜けッ！"", ""japanese_furigana"": ""<furigana>なによ！出来ないの？この度胸なし！腰抜けッ！</furigana>"", ""english"": ""What? You can't do it? You coward! Chicken!"", ""source"": ""tatoeba"", ""source_id"": ""75472""}]","{""level_map"": ""open-anki-jlpt-decks"", ""level_map_guid"": ""g<hW@mElnM"", ""dictionary"": ""JMdict"", ""dictionary_entry_id"": ""1577100"", ""dictionary_lookup_aliases"": [], ""examples"": ""JMdict sense-linked Tatoeba examples""}"
n5-vocab-0020,N5,20,490,"{""genki_lesson"": 1}","{""primary"": ""名前"", ""variants"": [""名前""], ""without_furigana"": ""名前"", ""with_furigana"": ""{名前}(なまえ)"", ""lookup_text"": ""名前""}","{""primary"": ""なまえ"", ""variants"": [""なまえ""], ""source_text"": ""なまえ""}","[""name""]","[{""code"": ""n"", ""label"": ""noun (common) (futsuumeishi)""}]",True,"[{""japanese_raw"": ""あなたの名前はリストからはずされた。"", ""japanese_furigana"": ""<furigana>あなたの名前はリストからはずされた。</furigana>"", ""english"": ""Your name was dropped from the list."", ""source"": ""tatoeba"", ""source_id"": ""232988""}, {""japanese_raw"": ""ああ、もしかして名前を呼ばれるのが恥ずかしいって？"", ""japanese_furigana"": ""<furigana>ああ、もしかして名前を呼ばれるのが恥ずかしいって？</furigana>"", ""english"": ""Ah, could it be you're embarrassed to be called by your first name?"", ""source"": ""tatoeba"", ""source_id"": ""76927""}]","{""level_map"": ""open-anki-jlpt-decks"", ""level_map_guid"": ""e6o_CEx8)b"", ""dictionary"": ""JMdict"", ""dictionary_entry_id"": ""1531710"", ""dictionary_lookup_aliases"": [], ""examples"": ""JMdict sense-linked Tatoeba examples""}"
n5-vocab-0021,N5,21,519,"{""genki_lesson"": 1}","{""primary"": ""はい"", ""variants"": [""はい""], ""without_furigana"": ""はい"", ""with_furigana"": ""はい"", ""lookup_text"": ""はい""}","{""primary"": ""はい"", ""variants"": [""はい""], ""source_text"": ""はい""}","[""yes""]","[{""code"": ""int"", ""label"": ""interjection (kandoushi)""}]",True,"[{""japanese_raw"": ""はいどうぞ、君が飛行機の中で読む雑誌です。"", ""japanese_furigana"": ""<furigana>はいどうぞ、君が飛行機の中で読む雑誌です。</furigana>"", ""english"": ""Here's a magazine for you to read in the plane."", ""source"": ""tatoeba"", ""source_id"": ""198338""}, {""japanese_raw"": ""「もしもし、ブラウンさんですか」「はい、そうです」"", ""japanese_furigana"": ""<furigana>「もしもし、ブラウンさんですか」「はい、そうです」</furigana>"", ""english"": ""\""Hello, is this Mrs. Brown?\"" \""Yes, this is Mrs. Brown.\"""", ""source"": ""tatoeba"", ""source_id"": ""236422""}]","{""level_map"": ""open-anki-jlpt-decks"", ""level_map_guid"": ""Q.;:Q&Nmh}"", ""dictionary"": ""JMdict"", ""dictionary_entry_id"": ""1010080"", ""dictionary_lookup_aliases"": [], ""examples"": ""JMdict sense-linked Tatoeba examples""}"
n5-vocab-0022,N5,22,549,"{""genki_lesson"": 1}","{""primary"": ""半"", ""variants"": [""半""], ""without_furigana"": ""半"", ""with_furigana"": ""{半}(はん)"", ""lookup_text"": ""半""}","{""primary"": ""はん"", ""variants"": [""はん""], ""source_text"": ""はん""}","[""half (e.g., にじはん | half-past two)""]","[{""code"": ""n-pref"", ""label"": ""noun, used as a prefix""}, {""code"": ""n"", ""label"": ""noun (common) (futsuumeishi)""}, {""code"": ""n-suf"", ""label"": ""noun, used as a suffix""}]",True,"[{""japanese_raw"": ""半時間したら彼はここに来るでしょう。"", ""japanese_furigana"": ""<furigana>半時間したら彼はここに来るでしょう。</furigana>"", ""english"": ""He will be here in half an hour."", ""source"": ""tatoeba"", ""source_id"": ""121264""}]","{""level_map"": ""open-anki-jlpt-decks"", ""level_map_guid"": ""s%lRHov]`n"", ""dictionary"": ""JMdict"", ""dictionary_entry_id"": ""1478750"", ""dictionary_lookup_aliases"": [], ""examples"": ""JMdict sense-linked Tatoeba examples""}"
n5-vocab-0023,N5,23,554,"{""genki_lesson"": 1}","{""primary"": ""番号"", ""variants"": [""番号""], ""without_furigana"": ""番号"", ""with_furigana"": ""{番号}(ばんごう)"", ""lookup_text"": ""番号""}","{""primary"": ""ばんごう"", ""variants"": [""ばんごう""], ""source_text"": ""ばんごう""}","[""number"", ""series of digits""]","[{""code"": ""n"", ""label"": ""noun (common) (futsuumeishi)""}]",True,"[{""japanese_raw"": ""ええ、じゃあ私の電話番号教えるね。"", ""japanese_furigana"": ""<furigana>ええ、じゃあ私の電話番号教えるね。</furigana>"", ""english"": ""OK. Let me give you my number."", ""source"": ""tatoeba"", ""source_id"": ""228016""}]","{""level_map"": ""open-anki-jlpt-decks"", ""level_map_guid"": ""c^xE))av$-"", ""dictionary"": ""JMdict"", ""dictionary_entry_id"": ""1482290"", ""dictionary_lookup_aliases"": [], ""examples"": ""JMdict sense-linked Tatoeba examples""}"
n5-vocab-0024,N5,24,699,"{""genki_lesson"": 1}","{""primary"": ""留学生"", ""variants"": [""留学生""], ""without_furigana"": ""留学生"", ""with_furigana"": ""{留学生}(りゅうがくせい)"", ""lookup_text"": ""留学生""}","{""primary"": ""りゅうがくせい"", ""variants"": [""りゅうがくせい""], ""source_text"": ""りゅうがくせい""}","[""international student""]","[{""code"": ""n"", ""label"": ""noun (common) (futsuumeishi)""}]",True,"[{""japanese_raw"": ""３人の中国人留学生がその大学に入学が許された。"", ""japanese_furigana"": ""<furigana>３人の中国人留学生がその大学に入学が許された。</furigana>"", ""english"": ""Three Chinese students were admitted to the college."", ""source"": ""tatoeba"", ""source_id"": ""235285""}]","{""level_map"": ""open-anki-jlpt-decks"", ""level_map_guid"": ""n89-KYTMQf"", ""dictionary"": ""JMdict"", ""dictionary_entry_id"": ""1552750"", ""dictionary_lookup_aliases"": [], ""examples"": ""JMdict sense-linked Tatoeba examples""}"
n5-vocab-0025,N5,25,714,"{""genki_lesson"": 1}","{""primary"": ""私"", ""variants"": [""私""], ""without_furigana"": ""私"", ""with_furigana"": ""{私}(わたし)"", ""lookup_text"": ""私""}","{""primary"": ""わたし"", ""variants"": [""わたし""], ""source_text"": ""わたし""}","[""I"", ""myself""]","[{""code"": ""pn"", ""label"": ""pronoun""}]",True,"[{""japanese_raw"": ""騒がしいホームで誰かが私の名前を呼んでいるのが聞こえた。"", ""japanese_furigana"": ""<furigana>騒がしいホームで誰かが私の名前を呼んでいるのが聞こえた。</furigana>"", ""english"": ""I could hear someone calling my name on the noisy platform."", ""source"": ""tatoeba"", ""source_id"": ""140263""}]","{""level_map"": ""open-anki-jlpt-decks"", ""level_map_guid"": ""I+Y7lySy.4"", ""dictionary"": ""JMdict"", ""dictionary_entry_id"": ""1311110"", ""dictionary_lookup_aliases"": [], ""examples"": ""JMdict sense-linked Tatoeba examples""}"
n5-vocab-0026,N5,26,17,"{""genki_lesson"": 2}","{""primary"": ""あそこ"", ""variants"": [""あそこ""], ""without_furigana"": ""あそこ"", ""with_furigana"": ""あそこ"", ""lookup_text"": ""あそこ""}","{""primary"": ""あそこ"", ""variants"": [""あそこ""], ""source_text"": ""あそこ""}","[""there"", ""over there"", ""that place""]","[{""code"": ""pn"", ""label"": ""pronoun""}, {""code"": ""n"", ""label"": ""noun (common) (futsuumeishi)""}]",True,"[{""japanese_raw"": ""あそこから人影が見えた。"", ""japanese_furigana"": ""<furigana>あそこから人影が見えた。</furigana>"", ""english"": ""A form appeared from over there."", ""source"": ""tatoeba"", ""source_id"": ""234430""}, {""japanese_raw"": ""先生、アソコがかゆいんです。"", ""japanese_furigana"": ""<furigana>先生、アソコがかゆいんです。</furigana>"", ""english"": ""Doctor, I've got an itch in my crotch."", ""source"": ""tatoeba"", ""source_id"": ""2733322""}]","{""level_map"": ""open-anki-jlpt-decks"", ""level_map_guid"": ""P>AI.lx+Jq"", ""dictionary"": ""JMdict"", ""dictionary_entry_id"": ""1000320"", ""dictionary_lookup_aliases"": [], ""examples"": ""JMdict sense-linked Tatoeba examples""}"
n5-vocab-0027,N5,27,43,"{""genki_lesson"": 2}","{""primary"": ""あれ"", ""variants"": [""あれ""], ""without_furigana"": ""あれ"", ""with_furigana"": ""あれ"", ""lookup_text"": ""あれ""}","{""primary"": ""あれ"", ""variants"": [""あれ""], ""source_text"": ""あれ""}","[""that one (over there)""]","[{""code"": ""pn"", ""label"": ""pronoun""}, {""code"": ""n"", ""label"": ""noun (common) (futsuumeishi)""}]",True,"[{""japanese_raw"": ""あれなら絶対大丈夫！"", ""japanese_furigana"": ""<furigana>あれなら絶対大丈夫！</furigana>"", ""english"": ""Yeah, she must be the sure thing!"", ""source"": ""tatoeba"", ""source_id"": ""229746""}, {""japanese_raw"": ""あれがこの町の大通りだ。"", ""japanese_furigana"": ""<furigana>あれがこの町の大通りだ。</furigana>"", ""english"": ""That is the main street of this city."", ""source"": ""tatoeba"", ""source_id"": ""229770""}]","{""level_map"": ""open-anki-jlpt-decks"", ""level_map_guid"": ""Co(PaI(^/_"", ""dictionary"": ""JMdict"", ""dictionary_entry_id"": ""1000580"", ""dictionary_lookup_aliases"": [], ""examples"": ""JMdict sense-linked Tatoeba examples""}"
n5-vocab-0028,N5,28,51,"{""genki_lesson"": 2}","{""primary"": ""いくら"", ""variants"": [""いくら""], ""without_furigana"": ""いくら"", ""with_furigana"": ""いくら"", ""lookup_text"": ""いくら""}","{""primary"": ""いくら"", ""variants"": [""いくら""], ""source_text"": ""いくら""}","[""how much"", ""how many""]","[{""code"": ""n"", ""label"": ""noun (common) (futsuumeishi)""}]",True,[],"{""level_map"": ""open-anki-jlpt-decks"", ""level_map_guid"": ""G7]VF2LkZL"", ""dictionary"": ""JMdict"", ""dictionary_entry_id"": ""1021180"", ""dictionary_lookup_aliases"": [], ""examples"": ""JMdict sense-linked Tatoeba examples""}"
n5-vocab-0029,N5,29,95,"{""genki_lesson"": 2}","{""primary"": ""鉛筆"", ""variants"": [""鉛筆""], ""without_furigana"": ""鉛筆"", ""with_furigana"": ""{鉛筆}(えんぴつ)"", ""lookup_text"": ""鉛筆""}","{""primary"": ""えんぴつ"", ""variants"": [""えんぴつ""], ""source_text"": ""えんぴつ""}","[""pencil""]","[{""code"": ""n"", ""label"": ""noun (common) (futsuumeishi)""}]",True,"[{""japanese_raw"": ""ペンか鉛筆を持っていますか。"", ""japanese_furigana"": ""<furigana>ペンか鉛筆を持っていますか。</furigana>"", ""english"": ""Do you have a pen or a pencil?"", ""source"": ""tatoeba"", ""source_id"": ""196645""}]","{""level_map"": ""open-anki-jlpt-decks"", ""level_map_guid"": ""ArKUTnLoi2"", ""dictionary"": ""JMdict"", ""dictionary_entry_id"": ""1178590"", ""dictionary_lookup_aliases"": [], ""examples"": ""JMdict sense-linked Tatoeba examples""}"
n5-vocab-0030,N5,30,116,"{""genki_lesson"": 2}","{""primary"": ""お手洗い"", ""variants"": [""お手洗い""], ""without_furigana"": ""お手洗い"", ""with_furigana"": ""お{手洗}(てあら)い"", ""lookup_text"": ""お手洗い""}","{""primary"": ""おてあらい"", ""variants"": [""おてあらい""], ""source_text"": ""おてあらい""}","[""toilet"", ""restroom"", ""bathroom (lit."", ""a place to wash one's hands)""]","[{""code"": ""n"", ""label"": ""noun (common) (futsuumeishi)""}]",True,"[{""japanese_raw"": ""お手洗いはどこですか。"", ""japanese_furigana"": ""<furigana>お手洗いはどこですか。</furigana>"", ""english"": ""Where's the restroom?"", ""source"": ""tatoeba"", ""source_id"": ""227063""}]","{""level_map"": ""open-anki-jlpt-decks"", ""level_map_guid"": ""jX+//z~!X8"", ""dictionary"": ""JMdict"", ""dictionary_entry_id"": ""1002100"", ""dictionary_lookup_aliases"": [], ""examples"": ""JMdict sense-linked Tatoeba examples""}"
n5-vocab-0031,N5,31,160,"{""genki_lesson"": 2}","{""primary"": ""傘"", ""variants"": [""傘""], ""without_furigana"": ""傘"", ""with_furigana"": ""{傘}(かさ)"", ""lookup_text"": ""傘""}","{""primary"": ""かさ"", ""variants"": [""かさ""], ""source_text"": ""かさ""}","[""umbrella"", ""parasol""]","[{""code"": ""n"", ""label"": ""noun (common) (futsuumeishi)""}]",True,"[{""japanese_raw"": ""タクシーに傘を忘れてしまった。"", ""japanese_furigana"": ""<furigana>タクシーに傘を忘れてしまった。</furigana>"", ""english"": ""I left my umbrella in the cab."", ""source"": ""tatoeba"", ""source_id"": ""203724""}]","{""level_map"": ""open-anki-jlpt-decks"", ""level_map_guid"": ""p_LV=Cf?pc"", ""dictionary"": ""JMdict"", ""dictionary_entry_id"": ""1301940"", ""dictionary_lookup_aliases"": [], ""examples"": ""JMdict sense-linked Tatoeba examples""}"
n5-vocab-0032,N5,32,172,"{""genki_lesson"": 2}","{""primary"": ""かばん"", ""variants"": [""かばん""], ""without_furigana"": ""かばん"", ""with_furigana"": ""かばん"", ""lookup_text"": ""かばん""}","{""primary"": ""かばん"", ""variants"": [""かばん""], ""source_text"": ""かばん""}","[""bag"", ""basket""]","[{""code"": ""n"", ""label"": ""noun (common) (futsuumeishi)""}]",True,"[{""japanese_raw"": ""かばん全部に荷札をつけなさい。"", ""japanese_furigana"": ""<furigana>かばん全部に荷札をつけなさい。</furigana>"", ""english"": ""Attach labels to all the bags."", ""source"": ""tatoeba"", ""source_id"": ""226243""}]","{""level_map"": ""open-anki-jlpt-decks"", ""level_map_guid"": ""M4T~@ehWYB"", ""dictionary"": ""JMdict"", ""dictionary_entry_id"": ""1208910"", ""dictionary_lookup_aliases"": [], ""examples"": ""JMdict sense-linked Tatoeba examples""}"
n5-vocab-0033,N5,33,197,"{""genki_lesson"": 2}","{""primary"": ""喫茶店"", ""variants"": [""喫茶店""], ""without_furigana"": ""喫茶店"", ""with_furigana"": ""{喫茶店}(きっさてん)"", ""lookup_text"": ""喫茶店""}","{""primary"": ""きっさてん"", ""variants"": [""きっさてん""], ""source_text"": ""きっさてん""}","[""café""]","[{""code"": ""n"", ""label"": ""noun (common) (futsuumeishi)""}]",True,"[{""japanese_raw"": ""私たちは喫茶店で昼食をとった。"", ""japanese_furigana"": ""<furigana>私たちは喫茶店で昼食をとった。</furigana>"", ""english"": ""We ate lunch in a coffee lounge."", ""source"": ""tatoeba"", ""source_id"": ""165940""}]","{""level_map"": ""open-anki-jlpt-decks"", ""level_map_guid"": ""b3?(}lhy[4"", ""dictionary"": ""JMdict"", ""dictionary_entry_id"": ""1226440"", ""dictionary_lookup_aliases"": [], ""examples"": ""JMdict sense-linked Tatoeba examples""}"
n5-vocab-0034,N5,34,214,"{""genki_lesson"": 2}","{""primary"": ""銀行"", ""variants"": [""銀行""], ""without_furigana"": ""銀行"", ""with_furigana"": ""{銀行}(ぎんこう)"", ""lookup_text"": ""銀行""}","{""primary"": ""ぎんこう"", ""variants"": [""ぎんこう""], ""source_text"": ""ぎんこう""}","[""bank""]","[{""code"": ""n"", ""label"": ""noun (common) (futsuumeishi)""}]",True,"[{""japanese_raw"": ""ジェーンはお金を引き出しに銀行へ行った。"", ""japanese_furigana"": ""<furigana>ジェーンはお金を引き出しに銀行へ行った。</furigana>"", ""english"": ""Jane went to the bank to take out some money."", ""source"": ""tatoeba"", ""source_id"": ""216508""}]","{""level_map"": ""open-anki-jlpt-decks"", ""level_map_guid"": ""dJzM6E^Crr"", ""dictionary"": ""JMdict"", ""dictionary_entry_id"": ""1243490"", ""dictionary_lookup_aliases"": [], ""examples"": ""JMdict sense-linked Tatoeba examples""}"
n5-vocab-0035,N5,35,221,"{""genki_lesson"": 2}","{""primary"": ""靴"", ""variants"": [""靴""], ""without_furigana"": ""靴"", ""with_furigana"": ""{靴}(くつ)"", ""lookup_text"": ""靴""}","{""primary"": ""くつ"", ""variants"": [""くつ""], ""source_text"": ""くつ""}","[""shoes"", ""footwear""]","[{""code"": ""n"", ""label"": ""noun (common) (futsuumeishi)""}]",True,"[{""japanese_raw"": ""くつは革でつくられている。"", ""japanese_furigana"": ""<furigana>くつは革でつくられている。</furigana>"", ""english"": ""The shoes are made of leather."", ""source"": ""tatoeba"", ""source_id"": ""225653""}]","{""level_map"": ""open-anki-jlpt-decks"", ""level_map_guid"": ""n}XPqtAFrb"", ""dictionary"": ""JMdict"", ""dictionary_entry_id"": ""1246700"", ""dictionary_lookup_aliases"": [], ""examples"": ""JMdict sense-linked Tatoeba examples""}"
n5-vocab-0036,N5,36,268,"{""genki_lesson"": 2}","{""primary"": ""これ"", ""variants"": [""これ""], ""without_furigana"": ""これ"", ""with_furigana"": ""これ"", ""lookup_text"": ""これ""}","{""primary"": ""これ"", ""variants"": [""これ""], ""source_text"": ""これ""}","[""this one""]","[{""code"": ""pn"", ""label"": ""pronoun""}, {""code"": ""adv"", ""label"": ""adverb (fukushi)""}]",True,"[{""japanese_raw"": ""これは面白い本だよ。"", ""japanese_furigana"": ""<furigana>これは面白い本だよ。</furigana>"", ""english"": ""This is an interesting book."", ""source"": ""tatoeba"", ""source_id"": ""218077""}, {""japanese_raw"": ""これは兄です。かっこいいですね。"", ""japanese_furigana"": ""<furigana>これは兄です。かっこいいですね。</furigana>"", ""english"": ""This is my brother. Handsome, isn't he?"", ""source"": ""tatoeba"", ""source_id"": ""74148""}]","{""level_map"": ""open-anki-jlpt-decks"", ""level_map_guid"": ""CY7%/#&PC;"", ""dictionary"": ""JMdict"", ""dictionary_entry_id"": ""1628530"", ""dictionary_lookup_aliases"": [], ""examples"": ""JMdict sense-linked Tatoeba examples""}"
n5-vocab-0037,N5,37,276,"{""genki_lesson"": 2}","{""primary"": ""財布"", ""variants"": [""財布""], ""without_furigana"": ""財布"", ""with_furigana"": ""{財布}(さいふ)"", ""lookup_text"": ""財布""}","{""primary"": ""さいふ"", ""variants"": [""さいふ""], ""source_text"": ""さいふ""}","[""wallet""]","[{""code"": ""n"", ""label"": ""noun (common) (futsuumeishi)""}]",True,"[{""japanese_raw"": ""あなたの財布は私のに似ている。"", ""japanese_furigana"": ""<furigana>あなたの財布は私のに似ている。</furigana>"", ""english"": ""Your purse is similar to mine."", ""source"": ""tatoeba"", ""source_id"": ""233280""}]","{""level_map"": ""open-anki-jlpt-decks"", ""level_map_guid"": ""xwbRMO4c<;"", ""dictionary"": ""JMdict"", ""dictionary_entry_id"": ""1296970"", ""dictionary_lookup_aliases"": [], ""examples"": ""JMdict sense-linked Tatoeba examples""}"
n5-vocab-0038,N5,38,277,"{""genki_lesson"": 2}","{""primary"": ""魚"", ""variants"": [""魚""], ""without_furigana"": ""魚"", ""with_furigana"": ""{魚}(さかな)"", ""lookup_text"": ""魚""}","{""primary"": ""さかな"", ""variants"": [""さかな""], ""source_text"": ""さかな""}","[""fish""]","[{""code"": ""n"", ""label"": ""noun (common) (futsuumeishi)""}]",True,"[{""japanese_raw"": ""こうして私はいつも魚を料理する。"", ""japanese_furigana"": ""<furigana>こうして私はいつも魚を料理する。</furigana>"", ""english"": ""This is how I usually cook fish."", ""source"": ""tatoeba"", ""source_id"": ""225005""}]","{""level_map"": ""open-anki-jlpt-decks"", ""level_map_guid"": ""zzI@?Uq@Z["", ""dictionary"": ""JMdict"", ""dictionary_entry_id"": ""1578010"", ""dictionary_lookup_aliases"": [], ""examples"": ""JMdict sense-linked Tatoeba examples""}"
n5-vocab-0039,N5,39,297,"{""genki_lesson"": 2}","{""primary"": ""辞書"", ""variants"": [""辞書""], ""without_furigana"": ""辞書"", ""with_furigana"": ""{辞書}(じしょ)"", ""lookup_text"": ""辞書""}","{""primary"": ""じしょ"", ""variants"": [""じしょ""], ""source_text"": ""じしょ""}","[""dictionary""]","[{""code"": ""n"", ""label"": ""noun (common) (futsuumeishi)""}]",True,"[{""japanese_raw"": ""正確なつづりは辞書で調べなさい。"", ""japanese_furigana"": ""<furigana>正確なつづりは辞書で調べなさい。</furigana>"", ""english"": ""I refer you to the dictionary for the correct spelling."", ""source"": ""tatoeba"", ""source_id"": ""142976""}]","{""level_map"": ""open-anki-jlpt-decks"", ""level_map_guid"": ""Ls?+XP<x!7"", ""dictionary"": ""JMdict"", ""dictionary_entry_id"": ""1318970"", ""dictionary_lookup_aliases"": [], ""examples"": ""JMdict sense-linked Tatoeba examples""}"
n5-vocab-0040,N5,40,302,"{""genki_lesson"": 2}","{""primary"": ""自転車"", ""variants"": [""自転車""], ""without_furigana"": ""自転車"", ""with_furigana"": ""{自転車}(じてんしゃ)"", ""lookup_text"": ""自転車""}","{""primary"": ""じてんしゃ"", ""variants"": [""じてんしゃ""], ""source_text"": ""じてんしゃ""}","[""bicycle""]","[{""code"": ""n"", ""label"": ""noun (common) (futsuumeishi)""}]",True,"[{""japanese_raw"": ""ケンは自転車を白く塗りました。"", ""japanese_furigana"": ""<furigana>ケンは自転車を白く塗りました。</furigana>"", ""english"": ""Ken painted his bicycle white."", ""source"": ""tatoeba"", ""source_id"": ""225128""}]","{""level_map"": ""open-anki-jlpt-decks"", ""level_map_guid"": ""cQ/jE!IBMW"", ""dictionary"": ""JMdict"", ""dictionary_entry_id"": ""1318290"", ""dictionary_lookup_aliases"": [], ""examples"": ""JMdict sense-linked Tatoeba examples""}"
n5-vocab-0041,N5,41,327,"{""genki_lesson"": 2}","{""primary"": ""新聞"", ""variants"": [""新聞""], ""without_furigana"": ""新聞"", ""with_furigana"": ""{新聞}(しんぶん)"", ""lookup_text"": ""新聞""}","{""primary"": ""しんぶん"", ""variants"": [""しんぶん""], ""source_text"": ""しんぶん""}","[""newspaper""]","[{""code"": ""n"", ""label"": ""noun (common) (futsuumeishi)""}]",True,"[{""japanese_raw"": ""ジョンのことが新聞に出ていた。"", ""japanese_furigana"": ""<furigana>ジョンのことが新聞に出ていた。</furigana>"", ""english"": ""John was mentioned in the paper."", ""source"": ""tatoeba"", ""source_id"": ""215457""}]","{""level_map"": ""open-anki-jlpt-decks"", ""level_map_guid"": ""u)<uacY_Qa"", ""dictionary"": ""JMdict"", ""dictionary_entry_id"": ""1362360"", ""dictionary_lookup_aliases"": [], ""examples"": ""JMdict sense-linked Tatoeba examples""}"
n5-vocab-0042,N5,42,368,"{""genki_lesson"": 2}","{""primary"": ""それ"", ""variants"": [""それ""], ""without_furigana"": ""それ"", ""with_furigana"": ""それ"", ""lookup_text"": ""それ""}","{""primary"": ""それ"", ""variants"": [""それ""], ""source_text"": ""それ""}","[""that one""]","[{""code"": ""pn"", ""label"": ""pronoun""}]",True,"[{""japanese_raw"": ""万一それが起これば、君はどうしますか。"", ""japanese_furigana"": ""<furigana>万一それが起これば、君はどうしますか。</furigana>"", ""english"": ""Should that happen, what will you do?"", ""source"": ""tatoeba"", ""source_id"": ""81191""}, {""japanese_raw"": ""それが高1の時だから17年が経ちました。"", ""japanese_furigana"": ""<furigana>それが高1の時だから17年が経ちました。</furigana>"", ""english"": ""That was when I was in the first year at high school, so 17 years have passed since then."", ""source"": ""tatoeba"", ""source_id"": ""74146""}]","{""level_map"": ""open-anki-jlpt-decks"", ""level_map_guid"": ""t%n)3@@XX+"", ""dictionary"": ""JMdict"", ""dictionary_entry_id"": ""1006970"", ""dictionary_lookup_aliases"": [], ""examples"": ""JMdict sense-linked Tatoeba examples""}"
n5-vocab-0043,N5,43,379,"{""genki_lesson"": 2}","{""primary"": ""高い"", ""variants"": [""高い""], ""without_furigana"": ""高い"", ""with_furigana"": ""{高}(たか)い"", ""lookup_text"": ""高い""}","{""primary"": ""たかい"", ""variants"": [""たかい""], ""source_text"": ""たかい""}","[""tall"", ""high"", ""expensive""]","[{""code"": ""adj-i"", ""label"": ""adjective (keiyoushi)""}]",True,"[{""japanese_raw"": ""富士山は日本で一番高い山です。"", ""japanese_furigana"": ""<furigana>富士山は日本で一番高い山です。</furigana>"", ""english"": ""Mt. Fuji is the highest mountain in Japan."", ""source"": ""tatoeba"", ""source_id"": ""84930""}, {""japanese_raw"": ""そんな高い車を買う余裕はありません。"", ""japanese_furigana"": ""<furigana>そんな高い車を買う余裕はありません。</furigana>"", ""english"": ""I can't afford to buy such an expensive car."", ""source"": ""tatoeba"", ""source_id"": ""204136""}]","{""level_map"": ""open-anki-jlpt-decks"", ""level_map_guid"": ""veG&GbRNS("", ""dictionary"": ""JMdict"", ""dictionary_entry_id"": ""1283190"", ""dictionary_lookup_aliases"": [], ""examples"": ""JMdict sense-linked Tatoeba examples""}"
n5-vocab-0044,N5,44,395,"{""genki_lesson"": 2}","{""primary"": ""誰"", ""variants"": [""誰""], ""without_furigana"": ""誰"", ""with_furigana"": ""{誰}(だれ)"", ""lookup_text"": ""誰""}","{""primary"": ""だれ"", ""variants"": [""だれ""], ""source_text"": ""だれ""}","[""who""]","[{""code"": ""pn"", ""label"": ""pronoun""}]",True,"[{""japanese_raw"": ""あそこに立ってる女の人はだれですか。"", ""japanese_furigana"": ""<furigana>あそこに立ってる女の人はだれですか。</furigana>"", ""english"": ""Who is the woman standing there?"", ""source"": ""tatoeba"", ""source_id"": ""234401""}]","{""level_map"": ""open-anki-jlpt-decks"", ""level_map_guid"": ""gDqm6J+#/O"", ""dictionary"": ""JMdict"", ""dictionary_entry_id"": ""1416830"", ""dictionary_lookup_aliases"": [], ""examples"": ""JMdict sense-linked Tatoeba examples""}"
n5-vocab-0045,N5,45,425,"{""genki_lesson"": 2}","{""primary"": ""テープ"", ""variants"": [""テープ""], ""without_furigana"": ""テープ"", ""with_furigana"": ""テープ"", ""lookup_text"": ""テープ""}","{""primary"": ""テープ"", ""variants"": [""テープ""], ""source_text"": ""テープ""}","[""tape""]","[{""code"": ""n"", ""label"": ""noun (common) (futsuumeishi)""}]",True,"[{""japanese_raw"": ""君はそのコンサートをテープにとったか。"", ""japanese_furigana"": ""<furigana>君はそのコンサートをテープにとったか。</furigana>"", ""english"": ""Did you tape that concert?"", ""source"": ""tatoeba"", ""source_id"": ""177769""}]","{""level_map"": ""open-anki-jlpt-decks"", ""level_map_guid"": ""H|,pBh(;BD"", ""dictionary"": ""JMdict"", ""dictionary_entry_id"": ""1078750"", ""dictionary_lookup_aliases"": [], ""examples"": ""JMdict sense-linked Tatoeba examples""}"
n5-vocab-0046,N5,46,450,"{""genki_lesson"": 2}","{""primary"": ""どうも"", ""variants"": [""どうも""], ""without_furigana"": ""どうも"", ""with_furigana"": ""どうも"", ""lookup_text"": ""どうも""}","{""primary"": ""どうも"", ""variants"": [""どうも""], ""source_text"": ""どうも""}","[""Thank you"", ""somehow"", ""no matter how hard one may try""]","[{""code"": ""int"", ""label"": ""interjection (kandoushi)""}, {""code"": ""adv"", ""label"": ""adverb (fukushi)""}]",True,"[{""japanese_raw"": ""どうも、川口太郎です。"", ""japanese_furigana"": ""<furigana>どうも、川口太郎です。</furigana>"", ""english"": ""Hi, I'm Taro Kawaguchi."", ""source"": ""tatoeba"", ""source_id"": ""201199""}, {""japanese_raw"": ""お土産を頂いてご親切にどうも。"", ""japanese_furigana"": ""<furigana>お土産を頂いてご親切にどうも。</furigana>"", ""english"": ""It is so nice of you to give me a present."", ""source"": ""tatoeba"", ""source_id"": ""226803""}]","{""level_map"": ""open-anki-jlpt-decks"", ""level_map_guid"": ""Maz]_B`w,4"", ""dictionary"": ""JMdict"", ""dictionary_entry_id"": ""1009000"", ""dictionary_lookup_aliases"": [], ""examples"": ""JMdict sense-linked Tatoeba examples""}"
n5-vocab-0047,N5,47,456,"{""genki_lesson"": 2}","{""primary"": ""時計"", ""variants"": [""時計""], ""without_furigana"": ""時計"", ""with_furigana"": ""{時計}(とけい)"", ""lookup_text"": ""時計""}","{""primary"": ""とけい"", ""variants"": [""とけい""], ""source_text"": ""とけい""}","[""a watch"", ""a clock""]","[{""code"": ""n"", ""label"": ""noun (common) (futsuumeishi)""}]",True,"[{""japanese_raw"": ""あなたの時計では何時ですか。"", ""japanese_furigana"": ""<furigana>あなたの時計では何時ですか。</furigana>"", ""english"": ""What time is it by your watch?"", ""source"": ""tatoeba"", ""source_id"": ""233246""}]","{""level_map"": ""open-anki-jlpt-decks"", ""level_map_guid"": ""u/fL<ne:Cb"", ""dictionary"": ""JMdict"", ""dictionary_entry_id"": ""1316140"", ""dictionary_lookup_aliases"": [], ""examples"": ""JMdict sense-linked Tatoeba examples""}"
n5-vocab-0048,N5,48,457,"{""genki_lesson"": 2}","{""primary"": ""どこ"", ""variants"": [""どこ""], ""without_furigana"": ""どこ"", ""with_furigana"": ""どこ"", ""lookup_text"": ""どこ""}","{""primary"": ""どこ"", ""variants"": [""どこ""], ""source_text"": ""どこ""}","[""where"", ""what place""]","[{""code"": ""pn"", ""label"": ""pronoun""}]",True,"[{""japanese_raw"": ""あなたはどこでテレビを見ますか。"", ""japanese_furigana"": ""<furigana>あなたはどこでテレビを見ますか。</furigana>"", ""english"": ""Where do you watch television?"", ""source"": ""tatoeba"", ""source_id"": ""232489""}]","{""level_map"": ""open-anki-jlpt-decks"", ""level_map_guid"": ""h_Fa6?Ps@9"", ""dictionary"": ""JMdict"", ""dictionary_entry_id"": ""1577140"", ""dictionary_lookup_aliases"": [], ""examples"": ""JMdict sense-linked Tatoeba examples""}"
n5-vocab-0049,N5,49,460,"{""genki_lesson"": 2}","{""primary"": ""図書館"", ""variants"": [""図書館""], ""without_furigana"": ""図書館"", ""with_furigana"": ""{図書館}(としょかん)"", ""lookup_text"": ""図書館""}","{""primary"": ""としょかん"", ""variants"": [""としょかん""], ""source_text"": ""としょかん""}","[""library""]","[{""code"": ""n"", ""label"": ""noun (common) (futsuumeishi)""}]",True,"[{""japanese_raw"": ""私たちの学校には立派な図書館があります。"", ""japanese_furigana"": ""<furigana>私たちの学校には立派な図書館があります。</furigana>"", ""english"": ""We have a nice school library."", ""source"": ""tatoeba"", ""source_id"": ""167040""}]","{""level_map"": ""open-anki-jlpt-decks"", ""level_map_guid"": ""mp0X0~7Y`^"", ""dictionary"": ""JMdict"", ""dictionary_entry_id"": ""1370420"", ""dictionary_lookup_aliases"": [], ""examples"": ""JMdict sense-linked Tatoeba examples""}"
n5-vocab-0050,N5,50,475,"{""genki_lesson"": 2}","{""primary"": ""どれ"", ""variants"": [""どれ""], ""without_furigana"": ""どれ"", ""with_furigana"": ""どれ"", ""lookup_text"": ""どれ""}","{""primary"": ""どれ"", ""variants"": [""どれ""], ""source_text"": ""どれ""}","[""which one""]","[{""code"": ""pn"", ""label"": ""pronoun""}, {""code"": ""int"", ""label"": ""interjection (kandoushi)""}]",True,"[{""japanese_raw"": ""あなたの鞄はどれですか。"", ""japanese_furigana"": ""<furigana>あなたの鞄はどれですか。</furigana>"", ""english"": ""Which is your bag?"", ""source"": ""tatoeba"", ""source_id"": ""233400""}, {""japanese_raw"": ""あなたはそれらのうちのどれを選んでもよい。"", ""japanese_furigana"": ""<furigana>あなたはそれらのうちのどれを選んでもよい。</furigana>"", ""english"": ""You may choose any of them."", ""source"": ""tatoeba"", ""source_id"": ""232562""}]","{""level_map"": ""open-anki-jlpt-decks"", ""level_map_guid"": ""icGG-;4x}M"", ""dictionary"": ""JMdict"", ""dictionary_entry_id"": ""1009290"", ""dictionary_lookup_aliases"": [], ""examples"": ""JMdict sense-linked Tatoeba examples""}"
n5-vocab-0051,N5,51,498,"{""genki_lesson"": 2}","{""primary"": ""肉"", ""variants"": [""肉""], ""without_furigana"": ""肉"", ""with_furigana"": ""{肉}(にく)"", ""lookup_text"": ""肉""}","{""primary"": ""にく"", ""variants"": [""にく""], ""source_text"": ""にく""}","[""meat""]","[{""code"": ""n"", ""label"": ""noun (common) (futsuumeishi)""}]",True,"[{""japanese_raw"": ""その動物は肉を常食としている。"", ""japanese_furigana"": ""<furigana>その動物は肉を常食としている。</furigana>"", ""english"": ""That animal feeds on flesh."", ""source"": ""tatoeba"", ""source_id"": ""207446""}, {""japanese_raw"": ""その魚と肉を冷凍してください。"", ""japanese_furigana"": ""<furigana>その魚と肉を冷凍してください。</furigana>"", ""english"": ""Please freeze the fish and meat."", ""source"": ""tatoeba"", ""source_id"": ""211437""}]","{""level_map"": ""open-anki-jlpt-decks"", ""level_map_guid"": ""Go(gh2eIxK"", ""dictionary"": ""JMdict"", ""dictionary_entry_id"": ""1463520"", ""dictionary_lookup_aliases"": [], ""examples"": ""JMdict sense-linked Tatoeba examples""}"
n5-vocab-0052,N5,52,512,"{""genki_lesson"": 2}","{""primary"": ""ノート"", ""variants"": [""ノート""], ""without_furigana"": ""ノート"", ""with_furigana"": ""ノート"", ""lookup_text"": ""ノート""}","{""primary"": ""ノート"", ""variants"": [""ノート""], ""source_text"": ""ノート""}","[""notebook""]","[{""code"": ""n"", ""label"": ""noun (common) (futsuumeishi)""}, {""code"": ""vs"", ""label"": ""noun or participle which takes the aux. verb suru""}, {""code"": ""vt"", ""label"": ""transitive verb""}]",True,"[{""japanese_raw"": ""彼女は本の絵をノートに書き移した。"", ""japanese_furigana"": ""<furigana>彼女は本の絵をノートに書き移した。</furigana>"", ""english"": ""She transferred the picture in the book to her notebook."", ""source"": ""tatoeba"", ""source_id"": ""86681""}, {""japanese_raw"": ""アップルの新型ノートは予定通りに発表されるだろうか。"", ""japanese_furigana"": ""<furigana>アップルの新型ノートは予定通りに発表されるだろうか。</furigana>"", ""english"": ""Will Apple's new model notebook be announced on schedule?"", ""source"": ""tatoeba"", ""source_id"": ""76907""}]","{""level_map"": ""open-anki-jlpt-decks"", ""level_map_guid"": ""Go~p$PSFcm"", ""dictionary"": ""JMdict"", ""dictionary_entry_id"": ""1093450"", ""dictionary_lookup_aliases"": [], ""examples"": ""JMdict sense-linked Tatoeba examples""}"
n5-vocab-0053,N5,53,598,"{""genki_lesson"": 2}","{""primary"": ""ペン"", ""variants"": [""ペン""], ""without_furigana"": ""ペン"", ""with_furigana"": ""ペン"", ""lookup_text"": ""ペン""}","{""primary"": ""ペン"", ""variants"": [""ペン""], ""source_text"": ""ペン""}","[""pen""]","[{""code"": ""n"", ""label"": ""noun (common) (futsuumeishi)""}]",True,"[{""japanese_raw"": ""ペンか鉛筆を持っていますか。"", ""japanese_furigana"": ""<furigana>ペンか鉛筆を持っていますか。</furigana>"", ""english"": ""Do you have a pen or a pencil?"", ""source"": ""tatoeba"", ""source_id"": ""196645""}]","{""level_map"": ""open-anki-jlpt-decks"", ""level_map_guid"": ""PpbmxKp]%S"", ""dictionary"": ""JMdict"", ""dictionary_entry_id"": ""1121380"", ""dictionary_lookup_aliases"": [], ""examples"": ""JMdict sense-linked Tatoeba examples""}"
n5-vocab-0054,N5,54,601,"{""genki_lesson"": 2}","{""primary"": ""帽子"", ""variants"": [""帽子""], ""without_furigana"": ""帽子"", ""with_furigana"": ""{帽子}(ぼうし)"", ""lookup_text"": ""帽子""}","{""primary"": ""ぼうし"", ""variants"": [""ぼうし""], ""source_text"": ""ぼうし""}","[""hat"", ""cap""]","[{""code"": ""n"", ""label"": ""noun (common) (futsuumeishi)""}, {""code"": ""vs"", ""label"": ""noun or participle which takes the aux. verb suru""}, {""code"": ""vi"", ""label"": ""intransitive verb""}]",True,"[{""japanese_raw"": ""この帽子は１０００円なら安い。"", ""japanese_furigana"": ""<furigana>この帽子は１０００円なら安い。</furigana>"", ""english"": ""This hat is cheap at 1000 yen."", ""source"": ""tatoeba"", ""source_id"": ""219814""}]","{""level_map"": ""open-anki-jlpt-decks"", ""level_map_guid"": ""whud$h6Xsa"", ""dictionary"": ""JMdict"", ""dictionary_entry_id"": ""1519170"", ""dictionary_lookup_aliases"": [], ""examples"": ""JMdict sense-linked Tatoeba examples""}"
n5-vocab-0055,N5,55,610,"{""genki_lesson"": 2}","{""primary"": ""本"", ""variants"": [""本""], ""without_furigana"": ""本"", ""with_furigana"": ""{本}(ほん)"", ""lookup_text"": ""本""}","{""primary"": ""ほん"", ""variants"": [""ほん""], ""source_text"": ""ほん""}","[""book""]","[{""code"": ""n"", ""label"": ""noun (common) (futsuumeishi)""}, {""code"": ""pref"", ""label"": ""prefix""}, {""code"": ""ctr"", ""label"": ""counter""}]",True,"[{""japanese_raw"": ""ウイスキーを１本持っています。"", ""japanese_furigana"": ""<furigana>ウイスキーを１本持っています。</furigana>"", ""english"": ""I have a bottle of whiskey."", ""source"": ""tatoeba"", ""source_id"": ""228339""}, {""japanese_raw"": ""昨日はその本を８０ページまで読んだ。"", ""japanese_furigana"": ""<furigana>昨日はその本を８０ページまで読んだ。</furigana>"", ""english"": ""I read the book up to page 80 yesterday."", ""source"": ""tatoeba"", ""source_id"": ""170005""}]","{""level_map"": ""open-anki-jlpt-decks"", ""level_map_guid"": ""PgM`&0<&bX"", ""dictionary"": ""JMdict"", ""dictionary_entry_id"": ""1522150"", ""dictionary_lookup_aliases"": [], ""examples"": ""JMdict sense-linked Tatoeba examples""}"
n5-vocab-0056,N5,56,668,"{""genki_lesson"": 2}","{""primary"": ""野菜"", ""variants"": [""野菜""], ""without_furigana"": ""野菜"", ""with_furigana"": ""{野菜}(やさい)"", ""lookup_text"": ""野菜""}","{""primary"": ""やさい"", ""variants"": [""やさい""], ""source_text"": ""やさい""}","[""vegetable""]","[{""code"": ""n"", ""label"": ""noun (common) (futsuumeishi)""}]",True,"[{""japanese_raw"": ""その店は野菜を売っている。"", ""japanese_furigana"": ""<furigana>その店は野菜を売っている。</furigana>"", ""english"": ""The store deals in vegetables."", ""source"": ""tatoeba"", ""source_id"": ""207603""}]","{""level_map"": ""open-anki-jlpt-decks"", ""level_map_guid"": ""qVg2VfFKQ;"", ""dictionary"": ""JMdict"", ""dictionary_entry_id"": ""1537370"", ""dictionary_lookup_aliases"": [], ""examples"": ""JMdict sense-linked Tatoeba examples""}"
n5-vocab-0057,N5,57,678,"{""genki_lesson"": 2}","{""primary"": ""郵便局"", ""variants"": [""郵便局""], ""without_furigana"": ""郵便局"", ""with_furigana"": ""{郵便局}(ゆうびんきょく)"", ""lookup_text"": ""郵便局""}","{""primary"": ""ゆうびんきょく"", ""variants"": [""ゆうびんきょく""], ""source_text"": ""ゆうびんきょく""}","[""post office""]","[{""code"": ""n"", ""label"": ""noun (common) (futsuumeishi)""}]",True,"[{""japanese_raw"": ""あの〜郵便局はどちらでしょうか。"", ""japanese_furigana"": ""<furigana>あの〜郵便局はどちらでしょうか。</furigana>"", ""english"": ""Uh..., where's the post office?"", ""source"": ""tatoeba"", ""source_id"": ""231383""}]","{""level_map"": ""open-anki-jlpt-decks"", ""level_map_guid"": ""E9^vm]j#7*"", ""dictionary"": ""JMdict"", ""dictionary_entry_id"": ""1542430"", ""dictionary_lookup_aliases"": [], ""examples"": ""JMdict sense-linked Tatoeba examples""}"
n5-vocab-0058,N5,58,12,"{""genki_lesson"": 3}","{""primary"": ""朝"", ""variants"": [""朝""], ""without_furigana"": ""朝"", ""with_furigana"": ""{朝}(あさ)"", ""lookup_text"": ""朝""}","{""primary"": ""あさ"", ""variants"": [""あさ""], ""source_text"": ""あさ""}","[""morning""]","[{""code"": ""n"", ""label"": ""noun (common) (futsuumeishi)""}, {""code"": ""adv"", ""label"": ""adverb (fukushi)""}]",True,"[{""japanese_raw"": ""６月にしては寒い朝だ。"", ""japanese_furigana"": ""<furigana>６月にしては寒い朝だ。</furigana>"", ""english"": ""It is a cold morning for June."", ""source"": ""tatoeba"", ""source_id"": ""235070""}]","{""level_map"": ""open-anki-jlpt-decks"", ""level_map_guid"": ""g|Q>VbnCii"", ""dictionary"": ""JMdict"", ""dictionary_entry_id"": ""1428280"", ""dictionary_lookup_aliases"": [], ""examples"": ""JMdict sense-linked Tatoeba examples""}"
n5-vocab-0059,N5,59,13,"{""genki_lesson"": 3}","{""primary"": ""朝御飯"", ""variants"": [""朝御飯""], ""without_furigana"": ""朝御飯"", ""with_furigana"": ""{朝御飯}(あさごはん)"", ""lookup_text"": ""朝御飯""}","{""primary"": ""あさごはん"", ""variants"": [""あさごはん""], ""source_text"": ""あさごはん""}","[""breakfast""]","[{""code"": ""n"", ""label"": ""noun (common) (futsuumeishi)""}]",True,"[{""japanese_raw"": ""朝ごはんにはなにがよろしいですか。"", ""japanese_furigana"": ""<furigana>朝ごはんにはなにがよろしいですか。</furigana>"", ""english"": ""What would you like for breakfast?"", ""source"": ""tatoeba"", ""source_id"": ""126248""}]","{""level_map"": ""open-anki-jlpt-decks"", ""level_map_guid"": ""wWUR=G6*(U"", ""dictionary"": ""JMdict"", ""dictionary_entry_id"": ""1586330"", ""dictionary_lookup_aliases"": [], ""examples"": ""JMdict sense-linked Tatoeba examples""}"
n5-vocab-0060,N5,60,16,"{""genki_lesson"": 3}","{""primary"": ""明日"", ""variants"": [""明日""], ""without_furigana"": ""明日"", ""with_furigana"": ""{明日}(あした)"", ""lookup_text"": ""明日""}","{""primary"": ""あした"", ""variants"": [""あした""], ""source_text"": ""あした""}","[""tomorrow""]","[{""code"": ""n"", ""label"": ""noun (common) (futsuumeishi)""}, {""code"": ""adv"", ""label"": ""adverb (fukushi)""}]",True,"[{""japanese_raw"": ""あしたは一日中ひまです。"", ""japanese_furigana"": ""<furigana>あしたは一日中ひまです。</furigana>"", ""english"": ""I'll be free all day tomorrow."", ""source"": ""tatoeba"", ""source_id"": ""234469""}]","{""level_map"": ""open-anki-jlpt-decks"", ""level_map_guid"": ""xZI7N3AauN"", ""dictionary"": ""JMdict"", ""dictionary_entry_id"": ""1584660"", ""dictionary_lookup_aliases"": [], ""examples"": ""JMdict sense-linked Tatoeba examples""}"
n5-vocab-0061,N5,61,47,"{""genki_lesson"": 3}","{""primary"": ""家"", ""variants"": [""家""], ""without_furigana"": ""家"", ""with_furigana"": ""{家}(いえ)"", ""lookup_text"": ""家""}","{""primary"": ""いえ"", ""variants"": [""いえ""], ""source_text"": ""いえ""}","[""house"", ""home""]","[{""code"": ""n"", ""label"": ""noun (common) (futsuumeishi)""}]",True,"[{""japanese_raw"": ""木立の間に家が見える。"", ""japanese_furigana"": ""<furigana>木立の間に家が見える。</furigana>"", ""english"": ""I see a house among the trees."", ""source"": ""tatoeba"", ""source_id"": ""80048""}, {""japanese_raw"": ""あの家の繁栄は大戦中からのことだ。"", ""japanese_furigana"": ""<furigana>あの家の繁栄は大戦中からのことだ。</furigana>"", ""english"": ""The prosperity of the family dates from the Great War."", ""source"": ""tatoeba"", ""source_id"": ""231180""}]","{""level_map"": ""open-anki-jlpt-decks"", ""level_map_guid"": ""QGc`#y1e97"", ""dictionary"": ""JMdict"", ""dictionary_entry_id"": ""1191730"", ""dictionary_lookup_aliases"": [], ""examples"": ""JMdict sense-linked Tatoeba examples""}"
n5-vocab-0062,N5,62,60,"{""genki_lesson"": 3}","{""primary"": ""いつ"", ""variants"": [""いつ""], ""without_furigana"": ""いつ"", ""with_furigana"": ""いつ"", ""lookup_text"": ""いつ""}","{""primary"": ""いつ"", ""variants"": [""いつ""], ""source_text"": ""いつ""}","[""when""]","[{""code"": ""pn"", ""label"": ""pronoun""}]",True,"[{""japanese_raw"": ""いつ旅行においでになりますか。"", ""japanese_furigana"": ""<furigana>いつ旅行においでになりますか。</furigana>"", ""english"": ""When will you go on a journey?"", ""source"": ""tatoeba"", ""source_id"": ""228596""}]","{""level_map"": ""open-anki-jlpt-decks"", ""level_map_guid"": ""oGX1~x%YQo"", ""dictionary"": ""JMdict"", ""dictionary_entry_id"": ""1188760"", ""dictionary_lookup_aliases"": [], ""examples"": ""JMdict sense-linked Tatoeba examples""}"
n5-vocab-0063,N5,63,81,"{""genki_lesson"": 3}","{""primary"": ""うち"", ""variants"": [""うち""], ""without_furigana"": ""うち"", ""with_furigana"": ""うち"", ""lookup_text"": ""うち""}","{""primary"": ""うち"", ""variants"": [""うち""], ""source_text"": ""うち""}","[""home"", ""house"", ""my place""]","[{""code"": ""n"", ""label"": ""noun (common) (futsuumeishi)""}]",True,"[{""japanese_raw"": ""うちには十頭の牛がいる。"", ""japanese_furigana"": ""<furigana>うちには十頭の牛がいる。</furigana>"", ""english"": ""We have ten cattle."", ""source"": ""tatoeba"", ""source_id"": ""228246""}, {""japanese_raw"": ""家へついたら電話が鳴っていた。"", ""japanese_furigana"": ""<furigana>家へついたら電話が鳴っていた。</furigana>"", ""english"": ""The telephone was ringing when I got home."", ""source"": ""tatoeba"", ""source_id"": ""187003""}]","{""level_map"": ""open-anki-jlpt-decks"", ""level_map_guid"": ""u5l2?%hKEd"", ""dictionary"": ""JMdict"", ""dictionary_entry_id"": ""1191740"", ""dictionary_lookup_aliases"": [], ""examples"": ""JMdict sense-linked Tatoeba examples""}"
n5-vocab-0064,N5,64,88,"{""genki_lesson"": 3}","{""primary"": ""映画"", ""variants"": [""映画""], ""without_furigana"": ""映画"", ""with_furigana"": ""{映画}(えいが)"", ""lookup_text"": ""映画""}","{""primary"": ""えいが"", ""variants"": [""えいが""], ""source_text"": ""えいが""}","[""movie"", ""film""]","[{""code"": ""n"", ""label"": ""noun (common) (futsuumeishi)""}]",True,"[{""japanese_raw"": ""その映画をもう一度見たいな。"", ""japanese_furigana"": ""<furigana>その映画をもう一度見たいな。</furigana>"", ""english"": ""I want to see the movie again."", ""source"": ""tatoeba"", ""source_id"": ""212237""}]","{""level_map"": ""open-anki-jlpt-decks"", ""level_map_guid"": ""Q842_8x`<%"", ""dictionary"": ""JMdict"", ""dictionary_entry_id"": ""1173720"", ""dictionary_lookup_aliases"": [], ""examples"": ""JMdict sense-linked Tatoeba examples""}"
n5-vocab-0065,N5,65,105,"{""genki_lesson"": 3}","{""primary"": ""起きる"", ""variants"": [""起きる""], ""without_furigana"": ""起きる"", ""with_furigana"": ""{起}(お)きる"", ""lookup_text"": ""起きる""}","{""primary"": ""おきる"", ""variants"": [""おきる""], ""source_text"": ""おきる""}","[""to get up (e.g."", ""from sleeping)"", ""to happen""]","[{""code"": ""v1"", ""label"": ""Ichidan verb""}, {""code"": ""vi"", ""label"": ""intransitive verb""}]",True,"[{""japanese_raw"": ""６時ごろ起きた。"", ""japanese_furigana"": ""<furigana>６時ごろ起きた。</furigana>"", ""english"": ""I got up at about six."", ""source"": ""tatoeba"", ""source_id"": ""235061""}, {""japanese_raw"": ""お子さんはまだ起きているのですか。"", ""japanese_furigana"": ""<furigana>お子さんはまだ起きているのですか。</furigana>"", ""english"": ""Is the kid still up?"", ""source"": ""tatoeba"", ""source_id"": ""227112""}]","{""level_map"": ""open-anki-jlpt-decks"", ""level_map_guid"": ""i~#f<a525w"", ""dictionary"": ""JMdict"", ""dictionary_entry_id"": ""1223640"", ""dictionary_lookup_aliases"": [], ""examples"": ""JMdict sense-linked Tatoeba examples""}"
n5-vocab-0066,N5,66,108,"{""genki_lesson"": 3}","{""primary"": ""お酒"", ""variants"": [""お酒""], ""without_furigana"": ""お酒"", ""with_furigana"": ""お{酒}(さけ)"", ""lookup_text"": ""お酒""}","{""primary"": ""おさけ"", ""variants"": [""おさけ""], ""source_text"": ""おさけ""}","[""sake"", ""alcohol""]","[{""code"": ""n"", ""label"": ""noun (common) (futsuumeishi)""}]",False,"[{""japanese_raw"": ""夫はたまに御酒をたしなみます。"", ""japanese_furigana"": ""<furigana>夫はたまに御酒をたしなみます。</furigana>"", ""english"": ""My husband enjoys his glass once in a while."", ""source"": ""tatoeba"", ""source_id"": ""84998""}]","{""level_map"": ""open-anki-jlpt-decks"", ""level_map_guid"": ""BPnYG]G`g3"", ""dictionary"": ""JMdict"", ""dictionary_entry_id"": ""1329015"", ""dictionary_lookup_aliases"": [], ""examples"": ""JMdict sense-linked Tatoeba examples""}"
n5-vocab-0067,N5,67,115,"{""genki_lesson"": 3}","{""primary"": ""お茶"", ""variants"": [""お茶""], ""without_furigana"": ""お茶"", ""with_furigana"": ""お{茶}(ちゃ)"", ""lookup_text"": ""お茶""}","{""primary"": ""おちゃ"", ""variants"": [""おちゃ""], ""source_text"": ""おちゃ""}","[""(green) tea""]","[{""code"": ""n"", ""label"": ""noun (common) (futsuumeishi)""}, {""code"": ""vs"", ""label"": ""noun or participle which takes the aux. verb suru""}, {""code"": ""vi"", ""label"": ""intransitive verb""}]",True,"[{""japanese_raw"": ""３時はお茶にしよう。"", ""japanese_furigana"": ""<furigana>３時はお茶にしよう。</furigana>"", ""english"": ""Let's have tea at 3:00."", ""source"": ""tatoeba"", ""source_id"": ""235316""}, {""japanese_raw"": ""ご都合のよいときにお茶を飲みにお寄りになりませんか。"", ""japanese_furigana"": ""<furigana>ご都合のよいときにお茶を飲みにお寄りになりませんか。</furigana>"", ""english"": ""Why don't you drop in for tea at your convenience?"", ""source"": ""tatoeba"", ""source_id"": ""217046""}]","{""level_map"": ""open-anki-jlpt-decks"", ""level_map_guid"": ""o|6tDcd,cL"", ""dictionary"": ""JMdict"", ""dictionary_entry_id"": ""1002430"", ""dictionary_lookup_aliases"": [], ""examples"": ""JMdict sense-linked Tatoeba examples""}"
n5-vocab-0068,N5,68,139,"{""genki_lesson"": 3}","{""primary"": ""音楽"", ""variants"": [""音楽""], ""without_furigana"": ""音楽"", ""with_furigana"": ""{音楽}(おんがく)"", ""lookup_text"": ""音楽""}","{""primary"": ""おんがく"", ""variants"": [""おんがく""], ""source_text"": ""おんがく""}","[""Music""]","[{""code"": ""n"", ""label"": ""noun (common) (futsuumeishi)""}]",True,"[{""japanese_raw"": ""あの音楽は彼の気にさわる。"", ""japanese_furigana"": ""<furigana>あの音楽は彼の気にさわる。</furigana>"", ""english"": ""That music gets on his nerves."", ""source"": ""tatoeba"", ""source_id"": ""231187""}]","{""level_map"": ""open-anki-jlpt-decks"", ""level_map_guid"": ""fcOO[?V993"", ""dictionary"": ""JMdict"", ""dictionary_entry_id"": ""1183720"", ""dictionary_lookup_aliases"": [], ""examples"": ""JMdict sense-linked Tatoeba examples""}"
n5-vocab-0069,N5,69,168,"{""genki_lesson"": 3}","{""primary"": ""学校"", ""variants"": [""学校""], ""without_furigana"": ""学校"", ""with_furigana"": ""{学校}(がっこう)"", ""lookup_text"": ""学校""}","{""primary"": ""がっこう"", ""variants"": [""がっこう""], ""source_text"": ""がっこう""}","[""a school""]","[{""code"": ""n"", ""label"": ""noun (common) (futsuumeishi)""}]",True,"[{""japanese_raw"": ""この学校はたくさんの生徒がいます。"", ""japanese_furigana"": ""<furigana>この学校はたくさんの生徒がいます。</furigana>"", ""english"": ""This school has many students."", ""source"": ""tatoeba"", ""source_id"": ""222600""}]","{""level_map"": ""open-anki-jlpt-decks"", ""level_map_guid"": ""jMUlk]n4bL"", ""dictionary"": ""JMdict"", ""dictionary_entry_id"": ""1206730"", ""dictionary_lookup_aliases"": [], ""examples"": ""JMdict sense-linked Tatoeba examples""}"
n5-vocab-0070,N5,70,204,"{""genki_lesson"": 3}","{""primary"": ""今日"", ""variants"": [""今日""], ""without_furigana"": ""今日"", ""with_furigana"": ""{今日}(きょう)"", ""lookup_text"": ""今日""}","{""primary"": ""きょう"", ""variants"": [""きょう""], ""source_text"": ""きょう""}","[""today"", ""this day""]","[{""code"": ""n"", ""label"": ""noun (common) (futsuumeishi)""}, {""code"": ""adv"", ""label"": ""adverb (fukushi)""}]",True,"[{""japanese_raw"": ""今日は何をしたいですか。"", ""japanese_furigana"": ""<furigana>今日は何をしたいですか。</furigana>"", ""english"": ""What would you like to do today?"", ""source"": ""tatoeba"", ""source_id"": ""232046""}, {""japanese_raw"": ""その事故は去年の今日、起きたのだ。"", ""japanese_furigana"": ""<furigana>その事故は去年の今日、起きたのだ。</furigana>"", ""english"": ""The accident happened a year ago today."", ""source"": ""tatoeba"", ""source_id"": ""209845""}]","{""level_map"": ""open-anki-jlpt-decks"", ""level_map_guid"": ""bCP{!%CS>."", ""dictionary"": ""JMdict"", ""dictionary_entry_id"": ""1579110"", ""dictionary_lookup_aliases"": [], ""examples"": ""JMdict sense-linked Tatoeba examples""}"
n5-vocab-0071,N5,71,251,"{""genki_lesson"": 3}","{""primary"": ""コーヒー"", ""variants"": [""コーヒー""], ""without_furigana"": ""コーヒー"", ""with_furigana"": ""コーヒー"", ""lookup_text"": ""コーヒー""}","{""primary"": ""コーヒー"", ""variants"": [""コーヒー""], ""source_text"": ""コーヒー""}","[""coffee""]","[{""code"": ""n"", ""label"": ""noun (common) (futsuumeishi)""}]",True,"[{""japanese_raw"": ""彼は熱いコーヒーをゆっくりすすった。"", ""japanese_furigana"": ""<furigana>彼は熱いコーヒーをゆっくりすすった。</furigana>"", ""english"": ""He sipped the hot coffee slowly."", ""source"": ""tatoeba"", ""source_id"": ""101393""}]","{""level_map"": ""open-anki-jlpt-decks"", ""level_map_guid"": ""d<P1^SSa-:"", ""dictionary"": ""JMdict"", ""dictionary_entry_id"": ""1049180"", ""dictionary_lookup_aliases"": [], ""examples"": ""JMdict sense-linked Tatoeba examples""}"
n5-vocab-0072,N5,72,273,"{""genki_lesson"": 3}","{""primary"": ""今晩"", ""variants"": [""今晩""], ""without_furigana"": ""今晩"", ""with_furigana"": ""{今晩}(こんばん)"", ""lookup_text"": ""今晩""}","{""primary"": ""こんばん"", ""variants"": [""こんばん""], ""source_text"": ""こんばん""}","[""tonight"", ""this evening""]","[{""code"": ""n"", ""label"": ""noun (common) (futsuumeishi)""}, {""code"": ""adv"", ""label"": ""adverb (fukushi)""}]",True,"[{""japanese_raw"": ""今晩は少し熱っぽいのです。"", ""japanese_furigana"": ""<furigana>今晩は少し熱っぽいのです。</furigana>"", ""english"": ""I feel a bit feverish tonight."", ""source"": ""tatoeba"", ""source_id"": ""171230""}]","{""level_map"": ""open-anki-jlpt-decks"", ""level_map_guid"": ""F3};?W>+5Y"", ""dictionary"": ""JMdict"", ""dictionary_entry_id"": ""1289470"", ""dictionary_lookup_aliases"": [], ""examples"": ""JMdict sense-linked Tatoeba examples""}"
n5-vocab-0073,N5,73,283,"{""genki_lesson"": 3}","{""primary"": ""雑誌"", ""variants"": [""雑誌""], ""without_furigana"": ""雑誌"", ""with_furigana"": ""{雑誌}(ざっし)"", ""lookup_text"": ""雑誌""}","{""primary"": ""ざっし"", ""variants"": [""ざっし""], ""source_text"": ""ざっし""}","[""magazine"", ""journal""]","[{""code"": ""n"", ""label"": ""noun (common) (futsuumeishi)""}]",True,"[{""japanese_raw"": ""その雑誌はどこで買えますか。"", ""japanese_furigana"": ""<furigana>その雑誌はどこで買えますか。</furigana>"", ""english"": ""Where can I buy that magazine?"", ""source"": ""tatoeba"", ""source_id"": ""210481""}]","{""level_map"": ""open-anki-jlpt-decks"", ""level_map_guid"": ""gVzfIhXfBF"", ""dictionary"": ""JMdict"", ""dictionary_entry_id"": ""1299400"", ""dictionary_lookup_aliases"": [], ""examples"": ""JMdict sense-linked Tatoeba examples""}"
n5-vocab-0074,N5,74,340,"{""genki_lesson"": 3}","{""primary"": ""スポーツ"", ""variants"": [""スポーツ""], ""without_furigana"": ""スポーツ"", ""with_furigana"": ""スポーツ"", ""lookup_text"": ""スポーツ""}","{""primary"": ""スポーツ"", ""variants"": [""スポーツ""], ""source_text"": ""スポーツ""}","[""sport(s)""]","[{""code"": ""n"", ""label"": ""noun (common) (futsuumeishi)""}]",True,"[{""japanese_raw"": ""ところであなたはどんなスポーツが好きですか。"", ""japanese_furigana"": ""<furigana>ところであなたはどんなスポーツが好きですか。</furigana>"", ""english"": ""Well, what sports do you like?"", ""source"": ""tatoeba"", ""source_id"": ""200846""}]","{""level_map"": ""open-anki-jlpt-decks"", ""level_map_guid"": ""F^wO!?E%?^"", ""dictionary"": ""JMdict"", ""dictionary_entry_id"": ""1073210"", ""dictionary_lookup_aliases"": [], ""examples"": ""JMdict sense-linked Tatoeba examples""}"
n5-vocab-0075,N5,75,411,"{""genki_lesson"": 3}","{""primary"": ""ちょっと"", ""variants"": [""ちょっと""], ""without_furigana"": ""ちょっと"", ""with_furigana"": ""ちょっと"", ""lookup_text"": ""ちょっと""}","{""primary"": ""ちょっと"", ""variants"": [""ちょっと""], ""source_text"": ""ちょっと""}","[""a little"", ""somewhat"", ""just a little"", ""somewhat""]","[{""code"": ""adv"", ""label"": ""adverb (fukushi)""}, {""code"": ""int"", ""label"": ""interjection (kandoushi)""}, {""code"": ""exp"", ""label"": ""expressions (phrases, clauses, etc.)""}, {""code"": ""suf"", ""label"": ""suffix""}]",True,"[{""japanese_raw"": ""ちょっと、そこのきみ！"", ""japanese_furigana"": ""<furigana>ちょっと、そこのきみ！</furigana>"", ""english"": ""Hey, you there!"", ""source"": ""tatoeba"", ""source_id"": ""74695""}, {""japanese_raw"": ""この机は私にはちょっと低い。"", ""japanese_furigana"": ""<furigana>この机は私にはちょっと低い。</furigana>"", ""english"": ""This desk is a little low for me."", ""source"": ""tatoeba"", ""source_id"": ""222523""}]","{""level_map"": ""open-anki-jlpt-decks"", ""level_map_guid"": ""j)OcO!#[%u"", ""dictionary"": ""JMdict"", ""dictionary_entry_id"": ""1163940"", ""dictionary_lookup_aliases"": [], ""examples"": ""JMdict sense-linked Tatoeba examples""}"
n5-vocab-0076,N5,76,437,"{""genki_lesson"": 3}","{""primary"": ""テレビ"", ""variants"": [""テレビ""], ""without_furigana"": ""テレビ"", ""with_furigana"": ""テレビ"", ""lookup_text"": ""テレビ""}","{""primary"": ""テレビ"", ""variants"": [""テレビ""], ""source_text"": ""テレビ""}","[""television"", ""TV""]","[{""code"": ""n"", ""label"": ""noun (common) (futsuumeishi)""}]",True,"[{""japanese_raw"": ""あなたはどこでテレビを見ますか。"", ""japanese_furigana"": ""<furigana>あなたはどこでテレビを見ますか。</furigana>"", ""english"": ""Where do you watch television?"", ""source"": ""tatoeba"", ""source_id"": ""232489""}]","{""level_map"": ""open-anki-jlpt-decks"", ""level_map_guid"": ""pQXZQB+G|d"", ""dictionary"": ""JMdict"", ""dictionary_entry_id"": ""1080510"", ""dictionary_lookup_aliases"": [], ""examples"": ""JMdict sense-linked Tatoeba examples""}"
n5-vocab-0077,N5,77,455,"{""genki_lesson"": 3}","{""primary"": ""時々"", ""variants"": [""時々""], ""without_furigana"": ""時々"", ""with_furigana"": ""{時々}(ときどき)"", ""lookup_text"": ""時々""}","{""primary"": ""ときどき"", ""variants"": [""ときどき""], ""source_text"": ""ときどき""}","[""sometimes""]","[{""code"": ""adv"", ""label"": ""adverb (fukushi)""}, {""code"": ""adj-no"", ""label"": ""nouns which may take the genitive case particle 'no'""}, {""code"": ""n"", ""label"": ""noun (common) (futsuumeishi)""}]",True,"[{""japanese_raw"": ""ジェーンはときどき学校まで走っていく。"", ""japanese_furigana"": ""<furigana>ジェーンはときどき学校まで走っていく。</furigana>"", ""english"": ""Jane sometimes runs to school."", ""source"": ""tatoeba"", ""source_id"": ""216490""}]","{""level_map"": ""open-anki-jlpt-decks"", ""level_map_guid"": ""s+W64X?THZ"", ""dictionary"": ""JMdict"", ""dictionary_entry_id"": ""1598680"", ""dictionary_lookup_aliases"": [], ""examples"": ""JMdict sense-linked Tatoeba examples""}"
n5-vocab-0078,N5,78,470,"{""genki_lesson"": 3}","{""primary"": ""土曜日"", ""variants"": [""土曜日""], ""without_furigana"": ""土曜日"", ""with_furigana"": ""{土曜日}(どようび)"", ""lookup_text"": ""土曜日""}","{""primary"": ""どようび"", ""variants"": [""どようび""], ""source_text"": ""どようび""}","[""Saturday""]","[{""code"": ""n"", ""label"": ""noun (common) (futsuumeishi)""}, {""code"": ""adv"", ""label"": ""adverb (fukushi)""}]",True,"[{""japanese_raw"": ""私は土曜日からここにいます。"", ""japanese_furigana"": ""<furigana>私は土曜日からここにいます。</furigana>"", ""english"": ""I've been here since Saturday."", ""source"": ""tatoeba"", ""source_id"": ""154894""}]","{""level_map"": ""open-anki-jlpt-decks"", ""level_map_guid"": ""Q%+.*M.E9m"", ""dictionary"": ""JMdict"", ""dictionary_entry_id"": ""1445590"", ""dictionary_lookup_aliases"": [], ""examples"": ""JMdict sense-linked Tatoeba examples""}"
n5-vocab-0079,N5,79,501,"{""genki_lesson"": 3}","{""primary"": ""日曜日"", ""variants"": [""日曜日""], ""without_furigana"": ""日曜日"", ""with_furigana"": ""{日曜日}(にちようび)"", ""lookup_text"": ""日曜日""}","{""primary"": ""にちようび"", ""variants"": [""にちようび""], ""source_text"": ""にちようび""}","[""Sunday""]","[{""code"": ""n"", ""label"": ""noun (common) (futsuumeishi)""}, {""code"": ""adv"", ""label"": ""adverb (fukushi)""}]",True,"[{""japanese_raw"": ""その店は日曜日は閉まっている。"", ""japanese_furigana"": ""<furigana>その店は日曜日は閉まっている。</furigana>"", ""english"": ""The shop is closed on Sundays."", ""source"": ""tatoeba"", ""source_id"": ""207608""}]","{""level_map"": ""open-anki-jlpt-decks"", ""level_map_guid"": ""XSi31p{-G"", ""dictionary"": ""JMdict"", ""dictionary_entry_id"": ""1464900"", ""dictionary_lookup_aliases"": [], ""examples"": ""JMdict sense-linked Tatoeba examples""}"
n5-vocab-0080,N5,80,510,"{""genki_lesson"": 3}","{""primary"": ""寝る"", ""variants"": [""寝る""], ""without_furigana"": ""寝る"", ""with_furigana"": ""{寝}(ね)る"", ""lookup_text"": ""寝る""}","{""primary"": ""ねる"", ""variants"": [""ねる""], ""source_text"": ""ねる""}","[""to sleep"", ""to go to sleep"", ""to go to bed""]","[{""code"": ""v1"", ""label"": ""Ichidan verb""}, {""code"": ""vi"", ""label"": ""intransitive verb""}]",True,"[{""japanese_raw"": ""寝る前に歯を磨きなさい。"", ""japanese_furigana"": ""<furigana>寝る前に歯を磨きなさい。</furigana>"", ""english"": ""Brush your teeth before going to bed."", ""source"": ""tatoeba"", ""source_id"": ""145651""}, {""japanese_raw"": ""赤ん坊は１日中寝ていた。"", ""japanese_furigana"": ""<furigana>赤ん坊は１日中寝ていた。</furigana>"", ""english"": ""The baby was sleeping all day long."", ""source"": ""tatoeba"", ""source_id"": ""142199""}]","{""level_map"": ""open-anki-jlpt-decks"", ""level_map_guid"": ""PAI>}YTMT!"", ""dictionary"": ""JMdict"", ""dictionary_entry_id"": ""1360010"", ""dictionary_lookup_aliases"": [], ""examples"": ""JMdict sense-linked Tatoeba examples""}"
n5-vocab-0081,N5,81,543,"{""genki_lesson"": 3}","{""primary"": ""早い"", ""variants"": [""早い""], ""without_furigana"": ""早い"", ""with_furigana"": ""{早}(はや)い"", ""lookup_text"": ""早い""}","{""primary"": ""はやい"", ""variants"": [""はやい""], ""source_text"": ""はやい""}","[""early""]","[{""code"": ""adj-i"", ""label"": ""adjective (keiyoushi)""}]",True,"[{""japanese_raw"": ""子供は成長が早い。"", ""japanese_furigana"": ""<furigana>子供は成長が早い。</furigana>"", ""english"": ""Children grow very quickly."", ""source"": ""tatoeba"", ""source_id"": ""168525""}, {""japanese_raw"": ""今年は春の訪れが早かった。"", ""japanese_furigana"": ""<furigana>今年は春の訪れが早かった。</furigana>"", ""english"": ""Spring has come early this year."", ""source"": ""tatoeba"", ""source_id"": ""171315""}]","{""level_map"": ""open-anki-jlpt-decks"", ""level_map_guid"": ""J6yYVxGFN*"", ""dictionary"": ""JMdict"", ""dictionary_entry_id"": ""1404975"", ""dictionary_lookup_aliases"": [], ""examples"": ""JMdict sense-linked Tatoeba examples""}"
n5-vocab-0082,N5,82,555,"{""genki_lesson"": 3}","{""primary"": ""晩御飯"", ""variants"": [""晩御飯""], ""without_furigana"": ""晩御飯"", ""with_furigana"": ""{晩御飯}(ばんごはん)"", ""lookup_text"": ""晩御飯""}","{""primary"": ""ばんごはん"", ""variants"": [""ばんごはん""], ""source_text"": ""ばんごはん""}","[""dinner"", ""evening meal""]","[{""code"": ""n"", ""label"": ""noun (common) (futsuumeishi)""}]",True,"[{""japanese_raw"": ""母は晩御飯の支度で忙しい。"", ""japanese_furigana"": ""<furigana>母は晩御飯の支度で忙しい。</furigana>"", ""english"": ""Mother is busy cooking the dinner."", ""source"": ""tatoeba"", ""source_id"": ""82878""}]","{""level_map"": ""open-anki-jlpt-decks"", ""level_map_guid"": ""HihAr>C::*"", ""dictionary"": ""JMdict"", ""dictionary_entry_id"": ""1601340"", ""dictionary_lookup_aliases"": [], ""examples"": ""JMdict sense-linked Tatoeba examples""}"
n5-vocab-0083,N5,83,574,"{""genki_lesson"": 3}","{""primary"": ""昼御飯"", ""variants"": [""昼御飯""], ""without_furigana"": ""昼御飯"", ""with_furigana"": ""{昼御飯}(ひるごはん)"", ""lookup_text"": ""昼御飯""}","{""primary"": ""ひるごはん"", ""variants"": [""ひるごはん""], ""source_text"": ""ひるごはん""}","[""lunch"", ""midday meal""]","[{""code"": ""n"", ""label"": ""noun (common) (futsuumeishi)""}]",True,"[{""japanese_raw"": ""昼ご飯を食べに外に出ませんか。"", ""japanese_furigana"": ""<furigana>昼ご飯を食べに外に出ませんか。</furigana>"", ""english"": ""How about going out for lunch?"", ""source"": ""tatoeba"", ""source_id"": ""126420""}]","{""level_map"": ""open-anki-jlpt-decks"", ""level_map_guid"": ""JGK7M1P.PA"", ""dictionary"": ""JMdict"", ""dictionary_entry_id"": ""1602340"", ""dictionary_lookup_aliases"": [], ""examples"": ""JMdict sense-linked Tatoeba examples""}"
n5-vocab-0084,N5,84,618,"{""genki_lesson"": 3}","{""primary"": ""毎日"", ""variants"": [""毎日""], ""without_furigana"": ""毎日"", ""with_furigana"": ""{毎日}(まいにち)"", ""lookup_text"": ""毎日""}","{""primary"": ""まいにち"", ""variants"": [""まいにち""], ""source_text"": ""まいにち""}","[""every day""]","[{""code"": ""n"", ""label"": ""noun (common) (futsuumeishi)""}, {""code"": ""adv"", ""label"": ""adverb (fukushi)""}]",True,"[{""japanese_raw"": ""その犬に毎日食べ物をやって下さい。"", ""japanese_furigana"": ""<furigana>その犬に毎日食べ物をやって下さい。</furigana>"", ""english"": ""Please feed the dog every day."", ""source"": ""tatoeba"", ""source_id"": ""211013""}]","{""level_map"": ""open-anki-jlpt-decks"", ""level_map_guid"": ""b}uYG),?~1"", ""dictionary"": ""JMdict"", ""dictionary_entry_id"": ""1524720"", ""dictionary_lookup_aliases"": [], ""examples"": ""JMdict sense-linked Tatoeba examples""}"
n5-vocab-0085,N5,85,620,"{""genki_lesson"": 3}","{""primary"": ""毎晩"", ""variants"": [""毎晩""], ""without_furigana"": ""毎晩"", ""with_furigana"": ""{毎晩}(まいばん)"", ""lookup_text"": ""毎晩""}","{""primary"": ""まいばん"", ""variants"": [""まいばん""], ""source_text"": ""まいばん""}","[""every night""]","[{""code"": ""n"", ""label"": ""noun (common) (futsuumeishi)""}, {""code"": ""adv"", ""label"": ""adverb (fukushi)""}]",True,"[{""japanese_raw"": ""私は毎晩家にいます。"", ""japanese_furigana"": ""<furigana>私は毎晩家にいます。</furigana>"", ""english"": ""I am at home every evening."", ""source"": ""tatoeba"", ""source_id"": ""152681""}]","{""level_map"": ""open-anki-jlpt-decks"", ""level_map_guid"": ""s&rZqJP=be"", ""dictionary"": ""JMdict"", ""dictionary_entry_id"": ""1524730"", ""dictionary_lookup_aliases"": [], ""examples"": ""JMdict sense-linked Tatoeba examples""}"
n5-vocab-0086,N5,86,638,"{""genki_lesson"": 3}","{""primary"": ""水"", ""variants"": [""水""], ""without_furigana"": ""水"", ""with_furigana"": ""{水}(みず)"", ""lookup_text"": ""水""}","{""primary"": ""みず"", ""variants"": [""みず""], ""source_text"": ""みず""}","[""water""]","[{""code"": ""n"", ""label"": ""noun (common) (futsuumeishi)""}]",True,"[{""japanese_raw"": ""水を加えてペースト状になるまでかき回しなさい。"", ""japanese_furigana"": ""<furigana>水を加えてペースト状になるまでかき回しなさい。</furigana>"", ""english"": ""Add water and stir to a paste."", ""source"": ""tatoeba"", ""source_id"": ""143709""}]","{""level_map"": ""open-anki-jlpt-decks"", ""level_map_guid"": ""Psad>Q=[fe"", ""dictionary"": ""JMdict"", ""dictionary_entry_id"": ""1371260"", ""dictionary_lookup_aliases"": [], ""examples"": ""JMdict sense-linked Tatoeba examples""}"
n5-vocab-0087,N5,87,685,"{""genki_lesson"": 3}","{""primary"": ""よく"", ""variants"": [""よく""], ""without_furigana"": ""よく"", ""with_furigana"": ""よく"", ""lookup_text"": ""よく""}","{""primary"": ""よく"", ""variants"": [""よく""], ""source_text"": ""よく""}","[""frequently"", ""often (much)"", ""well"", ""skillfully""]","[{""code"": ""n"", ""label"": ""noun (common) (futsuumeishi)""}, {""code"": ""n-suf"", ""label"": ""noun, used as a suffix""}]",True,"[{""japanese_raw"": ""彼は欲の少ない人だ。"", ""japanese_furigana"": ""<furigana>彼は欲の少ない人だ。</furigana>"", ""english"": ""He is a man of few wants."", ""source"": ""tatoeba"", ""source_id"": ""99167""}]","{""level_map"": ""open-anki-jlpt-decks"", ""level_map_guid"": ""Fz[l>+!/Hl"", ""dictionary"": ""JMdict"", ""dictionary_entry_id"": ""1547320"", ""dictionary_lookup_aliases"": [], ""examples"": ""JMdict sense-linked Tatoeba examples""}"
n5-vocab-0088,N5,88,28,"{""genki_lesson"": 4}","{""primary"": ""あなた"", ""variants"": [""あなた""], ""without_furigana"": ""あなた"", ""with_furigana"": ""あなた"", ""lookup_text"": ""あなた""}","{""primary"": ""あなた"", ""variants"": [""あなた""], ""source_text"": ""あなた""}","[""you""]","[{""code"": ""pn"", ""label"": ""pronoun""}]",True,"[{""japanese_raw"": ""毎晩十分な睡眠をとれば、あなたはずっと気分がよくなるだろう。"", ""japanese_furigana"": ""<furigana>毎晩十分な睡眠をとれば、あなたはずっと気分がよくなるだろう。</furigana>"", ""english"": ""If you get enough rest every night, you'll feel much better."", ""source"": ""tatoeba"", ""source_id"": ""81227""}]","{""level_map"": ""open-anki-jlpt-decks"", ""level_map_guid"": ""dwd.i?n%,!"", ""dictionary"": ""JMdict"", ""dictionary_entry_id"": ""1223615"", ""dictionary_lookup_aliases"": [], ""examples"": ""JMdict sense-linked Tatoeba examples""}"
n5-vocab-0089,N5,89,65,"{""genki_lesson"": 4}","{""primary"": ""犬"", ""variants"": [""犬""], ""without_furigana"": ""犬"", ""with_furigana"": ""{犬}(いぬ)"", ""lookup_text"": ""犬""}","{""primary"": ""いぬ"", ""variants"": [""いぬ""], ""source_text"": ""いぬ""}","[""dog""]","[{""code"": ""n"", ""label"": ""noun (common) (futsuumeishi)""}, {""code"": ""n-pref"", ""label"": ""noun, used as a prefix""}]",True,"[{""japanese_raw"": ""彼女は吠える犬を怖がる。"", ""japanese_furigana"": ""<furigana>彼女は吠える犬を怖がる。</furigana>"", ""english"": ""She is afraid of barking dogs."", ""source"": ""tatoeba"", ""source_id"": ""86720""}, {""japanese_raw"": ""気をつけて。警察の犬がかぎ回ってる。"", ""japanese_furigana"": ""<furigana>気をつけて。警察の犬がかぎ回ってる。</furigana>"", ""english"": ""Watch out! A police spy is snooping around."", ""source"": ""tatoeba"", ""source_id"": ""74102""}]","{""level_map"": ""open-anki-jlpt-decks"", ""level_map_guid"": ""ktH(<>,fX+"", ""dictionary"": ""JMdict"", ""dictionary_entry_id"": ""1258330"", ""dictionary_lookup_aliases"": [], ""examples"": ""JMdict sense-linked Tatoeba examples""}"
n5-vocab-0090,N5,90,148,"{""genki_lesson"": 4}","{""primary"": ""買い物"", ""variants"": [""買い物""], ""without_furigana"": ""買い物"", ""with_furigana"": ""{買}(か)い{物}(もの)"", ""lookup_text"": ""買い物""}","{""primary"": ""かいもの"", ""variants"": [""かいもの""], ""source_text"": ""かいもの""}","[""shopping""]","[{""code"": ""n"", ""label"": ""noun (common) (futsuumeishi)""}, {""code"": ""vs"", ""label"": ""noun or participle which takes the aux. verb suru""}, {""code"": ""vi"", ""label"": ""intransitive verb""}]",True,"[{""japanese_raw"": ""１日おきに買い物に行く。"", ""japanese_furigana"": ""<furigana>１日おきに買い物に行く。</furigana>"", ""english"": ""I go shopping every other day."", ""source"": ""tatoeba"", ""source_id"": ""235706""}]","{""level_map"": ""open-anki-jlpt-decks"", ""level_map_guid"": ""uV:`-T%Eq~"", ""dictionary"": ""JMdict"", ""dictionary_entry_id"": ""1589730"", ""dictionary_lookup_aliases"": [], ""examples"": ""JMdict sense-linked Tatoeba examples""}"
n5-vocab-0091,N5,91,177,"{""genki_lesson"": 4}","{""primary"": ""火曜日"", ""variants"": [""火曜日""], ""without_furigana"": ""火曜日"", ""with_furigana"": ""{火曜日}(かようび)"", ""lookup_text"": ""火曜日""}","{""primary"": ""かようび"", ""variants"": [""かようび""], ""source_text"": ""かようび""}","[""Tuesday""]","[{""code"": ""n"", ""label"": ""noun (common) (futsuumeishi)""}, {""code"": ""adv"", ""label"": ""adverb (fukushi)""}]",True,"[{""japanese_raw"": ""火曜日に国会が開かれる。"", ""japanese_furigana"": ""<furigana>火曜日に国会が開かれる。</furigana>"", ""english"": ""The Diet will meet on Tuesday."", ""source"": ""tatoeba"", ""source_id"": ""186646""}]","{""level_map"": ""open-anki-jlpt-decks"", ""level_map_guid"": ""rx9;D%FE+1"", ""dictionary"": ""JMdict"", ""dictionary_entry_id"": ""1194290"", ""dictionary_lookup_aliases"": [], ""examples"": ""JMdict sense-linked Tatoeba examples""}"
n5-vocab-0092,N5,92,200,"{""genki_lesson"": 4}","{""primary"": ""昨日"", ""variants"": [""昨日""], ""without_furigana"": ""昨日"", ""with_furigana"": ""{昨日}(きのう)"", ""lookup_text"": ""昨日""}","{""primary"": ""きのう"", ""variants"": [""きのう""], ""source_text"": ""きのう""}","[""yesterday""]","[{""code"": ""n"", ""label"": ""noun (common) (futsuumeishi)""}, {""code"": ""adv"", ""label"": ""adverb (fukushi)""}]",True,"[{""japanese_raw"": ""昨日彼がぶらっと立ち寄った。"", ""japanese_furigana"": ""<furigana>昨日彼がぶらっと立ち寄った。</furigana>"", ""english"": ""He dropped in on me yesterday."", ""source"": ""tatoeba"", ""source_id"": ""169839""}]","{""level_map"": ""open-anki-jlpt-decks"", ""level_map_guid"": ""mMKJxv#,<s"", ""dictionary"": ""JMdict"", ""dictionary_entry_id"": ""1579260"", ""dictionary_lookup_aliases"": [], ""examples"": ""JMdict sense-linked Tatoeba examples""}"
n5-vocab-0093,N5,93,215,"{""genki_lesson"": 4}","{""primary"": ""金曜日"", ""variants"": [""金曜日""], ""without_furigana"": ""金曜日"", ""with_furigana"": ""{金曜日}(きんようび)"", ""lookup_text"": ""金曜日""}","{""primary"": ""きんようび"", ""variants"": [""きんようび""], ""source_text"": ""きんようび""}","[""Friday""]","[{""code"": ""n"", ""label"": ""noun (common) (futsuumeishi)""}, {""code"": ""adv"", ""label"": ""adverb (fukushi)""}]",True,"[{""japanese_raw"": ""金曜日の銀行は遅じまいだ。"", ""japanese_furigana"": ""<furigana>金曜日の銀行は遅じまいだ。</furigana>"", ""english"": ""The bank shuts late on Fridays."", ""source"": ""tatoeba"", ""source_id"": ""179621""}]","{""level_map"": ""open-anki-jlpt-decks"", ""level_map_guid"": ""H)-<3>G;wq"", ""dictionary"": ""JMdict"", ""dictionary_entry_id"": ""1243320"", ""dictionary_lookup_aliases"": [], ""examples"": ""JMdict sense-linked Tatoeba examples""}"
n5-vocab-0094,N5,94,228,"{""genki_lesson"": 4}","{""primary"": ""クラス"", ""variants"": [""クラス""], ""without_furigana"": ""クラス"", ""with_furigana"": ""クラス"", ""lookup_text"": ""クラス""}","{""primary"": ""クラス"", ""variants"": [""クラス""], ""source_text"": ""クラス""}","[""a class""]","[{""code"": ""n"", ""label"": ""noun (common) (futsuumeishi)""}]",True,"[{""japanese_raw"": ""あなたはうちのクラスで歓迎されています。"", ""japanese_furigana"": ""<furigana>あなたはうちのクラスで歓迎されています。</furigana>"", ""english"": ""You are welcomed in our class."", ""source"": ""tatoeba"", ""source_id"": ""232795""}]","{""level_map"": ""open-anki-jlpt-decks"", ""level_map_guid"": ""I|[#&/BoM*"", ""dictionary"": ""JMdict"", ""dictionary_entry_id"": ""1044070"", ""dictionary_lookup_aliases"": [], ""examples"": ""JMdict sense-linked Tatoeba examples""}"
n5-vocab-0095,N5,95,239,"{""genki_lesson"": 4}","{""primary"": ""月曜日"", ""variants"": [""月曜日""], ""without_furigana"": ""月曜日"", ""with_furigana"": ""{月曜日}(げつようび)"", ""lookup_text"": ""月曜日""}","{""primary"": ""げつようび"", ""variants"": [""げつようび""], ""source_text"": ""げつようび""}","[""Monday""]","[{""code"": ""n"", ""label"": ""noun (common) (futsuumeishi)""}, {""code"": ""adv"", ""label"": ""adverb (fukushi)""}]",True,"[{""japanese_raw"": ""月曜日はいつも憂鬱だ。"", ""japanese_furigana"": ""<furigana>月曜日はいつも憂鬱だ。</furigana>"", ""english"": ""I always feel blue on Mondays."", ""source"": ""tatoeba"", ""source_id"": ""175596""}]","{""level_map"": ""open-anki-jlpt-decks"", ""level_map_guid"": ""py]#+qmS;#"", ""dictionary"": ""JMdict"", ""dictionary_entry_id"": ""1255890"", ""dictionary_lookup_aliases"": [], ""examples"": ""JMdict sense-linked Tatoeba examples""}"
n5-vocab-0096,N5,96,245,"{""genki_lesson"": 4}","{""primary"": ""公園"", ""variants"": [""公園""], ""without_furigana"": ""公園"", ""with_furigana"": ""{公園}(こうえん)"", ""lookup_text"": ""公園""}","{""primary"": ""こうえん"", ""variants"": [""こうえん""], ""source_text"": ""こうえん""}","[""a park""]","[{""code"": ""n"", ""label"": ""noun (common) (futsuumeishi)""}]",True,"[{""japanese_raw"": ""この公園はすべての人に公開されている。"", ""japanese_furigana"": ""<furigana>この公園はすべての人に公開されている。</furigana>"", ""english"": ""The park is open to everybody."", ""source"": ""tatoeba"", ""source_id"": ""222003""}]","{""level_map"": ""open-anki-jlpt-decks"", ""level_map_guid"": ""I!nU=ub,Sv"", ""dictionary"": ""JMdict"", ""dictionary_entry_id"": ""1273270"", ""dictionary_lookup_aliases"": [], ""examples"": ""JMdict sense-linked Tatoeba examples""}"
n5-vocab-0097,N5,97,252,"{""genki_lesson"": 4}","{""primary"": ""ここ"", ""variants"": [""ここ""], ""without_furigana"": ""ここ"", ""with_furigana"": ""ここ"", ""lookup_text"": ""ここ""}","{""primary"": ""ここ"", ""variants"": [""ここ""], ""source_text"": ""ここ""}","[""here"", ""this place""]","[{""code"": ""pn"", ""label"": ""pronoun""}]",True,"[{""japanese_raw"": ""ここに手のないナベがある。"", ""japanese_furigana"": ""<furigana>ここに手のないナベがある。</furigana>"", ""english"": ""Here is a pan without handles."", ""source"": ""tatoeba"", ""source_id"": ""224417""}, {""japanese_raw"": ""この町の人口はここ１０年間動きがない。"", ""japanese_furigana"": ""<furigana>この町の人口はここ１０年間動きがない。</furigana>"", ""english"": ""The population of this town has been static for the last ten years."", ""source"": ""tatoeba"", ""source_id"": ""220523""}]","{""level_map"": ""open-anki-jlpt-decks"", ""level_map_guid"": ""Lq)wtpkam*"", ""dictionary"": ""JMdict"", ""dictionary_entry_id"": ""1288810"", ""dictionary_lookup_aliases"": [], ""examples"": ""JMdict sense-linked Tatoeba examples""}"
n5-vocab-0098,N5,98,263,"{""genki_lesson"": 4}","{""primary"": ""子供"", ""variants"": [""子供""], ""without_furigana"": ""子供"", ""with_furigana"": ""{子供}(こども)"", ""lookup_text"": ""子供""}","{""primary"": ""こども"", ""variants"": [""こども""], ""source_text"": ""こども""}","[""child(ren)""]","[{""code"": ""n"", ""label"": ""noun (common) (futsuumeishi)""}]",True,"[{""japanese_raw"": ""あなたには何人子供がいますか。"", ""japanese_furigana"": ""<furigana>あなたには何人子供がいますか。</furigana>"", ""english"": ""How many children do you have?"", ""source"": ""tatoeba"", ""source_id"": ""233758""}]","{""level_map"": ""open-anki-jlpt-decks"", ""level_map_guid"": ""CU[{wZ(D{$"", ""dictionary"": ""JMdict"", ""dictionary_entry_id"": ""1307850"", ""dictionary_lookup_aliases"": [], ""examples"": ""JMdict sense-linked Tatoeba examples""}"
n5-vocab-0099,N5,99,265,"{""genki_lesson"": 4}","{""primary"": ""御飯"", ""variants"": [""御飯""], ""without_furigana"": ""御飯"", ""with_furigana"": ""{御飯}(ごはん)"", ""lookup_text"": ""御飯""}","{""primary"": ""ごはん"", ""variants"": [""ごはん""], ""source_text"": ""ごはん""}","[""rice (cooked)"", ""meal""]","[{""code"": ""n"", ""label"": ""noun (common) (futsuumeishi)""}]",True,"[{""japanese_raw"": ""ご飯とパンどちらがいいですか。"", ""japanese_furigana"": ""<furigana>ご飯とパンどちらがいいですか。</furigana>"", ""english"": ""Which do you prefer, rice or bread?"", ""source"": ""tatoeba"", ""source_id"": ""217034""}, {""japanese_raw"": ""友達にご飯をおごってもらった。"", ""japanese_furigana"": ""<furigana>友達にご飯をおごってもらった。</furigana>"", ""english"": ""My friends treated me to a meal."", ""source"": ""tatoeba"", ""source_id"": ""79311""}]","{""level_map"": ""open-anki-jlpt-decks"", ""level_map_guid"": ""biiyLkNokP"", ""dictionary"": ""JMdict"", ""dictionary_entry_id"": ""1270590"", ""dictionary_lookup_aliases"": [], ""examples"": ""JMdict sense-linked Tatoeba examples""}"
n5-vocab-0100,N5,100,311,"{""genki_lesson"": 4}","{""primary"": ""写真"", ""variants"": [""写真""], ""without_furigana"": ""写真"", ""with_furigana"": ""{写真}(しゃしん)"", ""lookup_text"": ""写真""}","{""primary"": ""しゃしん"", ""variants"": [""しゃしん""], ""source_text"": ""しゃしん""}","[""a picture"", ""a photograph""]","[{""code"": ""n"", ""label"": ""noun (common) (futsuumeishi)""}]",True,"[{""japanese_raw"": ""あなたに何枚かの写真を見せましょう。"", ""japanese_furigana"": ""<furigana>あなたに何枚かの写真を見せましょう。</furigana>"", ""english"": ""I will show you some pictures."", ""source"": ""tatoeba"", ""source_id"": ""233720""}]","{""level_map"": ""open-anki-jlpt-decks"", ""level_map_guid"": ""uE&XA7mYm9"", ""dictionary"": ""JMdict"", ""dictionary_entry_id"": ""1321900"", ""dictionary_lookup_aliases"": [], ""examples"": ""JMdict sense-linked Tatoeba examples""}"
n5-vocab-0101,N5,101,328,"{""genki_lesson"": 4}","{""primary"": ""水曜日"", ""variants"": [""水曜日""], ""without_furigana"": ""水曜日"", ""with_furigana"": ""{水曜日}(すいようび)"", ""lookup_text"": ""水曜日""}","{""primary"": ""すいようび"", ""variants"": [""すいようび""], ""source_text"": ""すいようび""}","[""Wednesday""]","[{""code"": ""n"", ""label"": ""noun (common) (futsuumeishi)""}, {""code"": ""adv"", ""label"": ""adverb (fukushi)""}]",True,"[{""japanese_raw"": ""ダービー競馬の日は２週間後の水曜日だ。"", ""japanese_furigana"": ""<furigana>ダービー競馬の日は２週間後の水曜日だ。</furigana>"", ""english"": ""Derby Day is Wednesday fortnight."", ""source"": ""tatoeba"", ""source_id"": ""204003""}]","{""level_map"": ""open-anki-jlpt-decks"", ""level_map_guid"": ""kl%)(*`5]a"", ""dictionary"": ""JMdict"", ""dictionary_entry_id"": ""1372190"", ""dictionary_lookup_aliases"": [], ""examples"": ""JMdict sense-linked Tatoeba examples""}"
n5-vocab-0102,N5,102,354,"{""genki_lesson"": 4}","{""primary"": ""先週"", ""variants"": [""先週""], ""without_furigana"": ""先週"", ""with_furigana"": ""{先週}(せんしゅう)"", ""lookup_text"": ""先週""}","{""primary"": ""せんしゅう"", ""variants"": [""せんしゅう""], ""source_text"": ""せんしゅう""}","[""last week""]","[{""code"": ""n"", ""label"": ""noun (common) (futsuumeishi)""}, {""code"": ""adv"", ""label"": ""adverb (fukushi)""}]",True,"[{""japanese_raw"": ""この本は先週一番売れた。"", ""japanese_furigana"": ""<furigana>この本は先週一番売れた。</furigana>"", ""english"": ""This was the best-selling book last week."", ""source"": ""tatoeba"", ""source_id"": ""219585""}]","{""level_map"": ""open-anki-jlpt-decks"", ""level_map_guid"": ""EbyugR;^Rz"", ""dictionary"": ""JMdict"", ""dictionary_entry_id"": ""1387870"", ""dictionary_lookup_aliases"": [], ""examples"": ""JMdict sense-linked Tatoeba examples""}"
n5-vocab-0103,N5,103,361,"{""genki_lesson"": 4}","{""primary"": ""そこ"", ""variants"": [""そこ""], ""without_furigana"": ""そこ"", ""with_furigana"": ""そこ"", ""lookup_text"": ""そこ""}","{""primary"": ""そこ"", ""variants"": [""そこ""], ""source_text"": ""そこ""}","[""that place"", ""there"", ""bottom"", ""sole""]","[{""code"": ""pn"", ""label"": ""pronoun""}]",True,"[{""japanese_raw"": ""１時間以内にそこに着くでしょう。"", ""japanese_furigana"": ""<furigana>１時間以内にそこに着くでしょう。</furigana>"", ""english"": ""We'll arrive there within an hour."", ""source"": ""tatoeba"", ""source_id"": ""235778""}]","{""level_map"": ""open-anki-jlpt-decks"", ""level_map_guid"": ""v56KFY.>v@"", ""dictionary"": ""JMdict"", ""dictionary_entry_id"": ""1006670"", ""dictionary_lookup_aliases"": [], ""examples"": ""JMdict sense-linked Tatoeba examples""}"
n5-vocab-0104,N5,104,417,"{""genki_lesson"": 4}","{""primary"": ""机"", ""variants"": [""机""], ""without_furigana"": ""机"", ""with_furigana"": ""{机}(つくえ)"", ""lookup_text"": ""机""}","{""primary"": ""つくえ"", ""variants"": [""つくえ""], ""source_text"": ""つくえ""}","[""desk""]","[{""code"": ""n"", ""label"": ""noun (common) (futsuumeishi)""}]",True,"[{""japanese_raw"": ""重荷で机がまた軋んだ。"", ""japanese_furigana"": ""<furigana>重荷で机がまた軋んだ。</furigana>"", ""english"": ""The loaded desk groaned again."", ""source"": ""tatoeba"", ""source_id"": ""147976""}]","{""level_map"": ""open-anki-jlpt-decks"", ""level_map_guid"": ""G!9kEn9Y>c"", ""dictionary"": ""JMdict"", ""dictionary_entry_id"": ""1220210"", ""dictionary_lookup_aliases"": [], ""examples"": ""JMdict sense-linked Tatoeba examples""}"
n5-vocab-0105,N5,105,429,"{""genki_lesson"": 4}","{""primary"": ""手紙"", ""variants"": [""手紙""], ""without_furigana"": ""手紙"", ""with_furigana"": ""{手紙}(てがみ)"", ""lookup_text"": ""手紙""}","{""primary"": ""てがみ"", ""variants"": [""てがみ""], ""source_text"": ""てがみ""}","[""letter""]","[{""code"": ""n"", ""label"": ""noun (common) (futsuumeishi)""}]",True,"[{""japanese_raw"": ""ここにあなたあての手紙が何通かあります。"", ""japanese_furigana"": ""<furigana>ここにあなたあての手紙が何通かあります。</furigana>"", ""english"": ""Here are some letters for you."", ""source"": ""tatoeba"", ""source_id"": ""224512""}]","{""level_map"": ""open-anki-jlpt-decks"", ""level_map_guid"": ""M#PC#!OTka"", ""dictionary"": ""JMdict"", ""dictionary_entry_id"": ""1327720"", ""dictionary_lookup_aliases"": [], ""examples"": ""JMdict sense-linked Tatoeba examples""}"
n5-vocab-0106,N5,106,434,"{""genki_lesson"": 4}","{""primary"": ""デパート"", ""variants"": [""デパート""], ""without_furigana"": ""デパート"", ""with_furigana"": ""デパート"", ""lookup_text"": ""デパート""}","{""primary"": ""デパート"", ""variants"": [""デパート""], ""source_text"": ""デパート""}","[""(abbr.) department store""]","[{""code"": ""n"", ""label"": ""noun (common) (futsuumeishi)""}]",True,"[{""japanese_raw"": ""あのデパートで新しいコートを買いたい。"", ""japanese_furigana"": ""<furigana>あのデパートで新しいコートを買いたい。</furigana>"", ""english"": ""I would like to buy a new coat at that department store."", ""source"": ""tatoeba"", ""source_id"": ""155750""}]","{""level_map"": ""open-anki-jlpt-decks"", ""level_map_guid"": ""rd.b%pP~B0"", ""dictionary"": ""JMdict"", ""dictionary_entry_id"": ""1083590"", ""dictionary_lookup_aliases"": [], ""examples"": ""JMdict sense-linked Tatoeba examples""}"
n5-vocab-0107,N5,107,447,"{""genki_lesson"": 4}","{""primary"": ""どうして"", ""variants"": [""どうして""], ""without_furigana"": ""どうして"", ""with_furigana"": ""どうして"", ""lookup_text"": ""どうして""}","{""primary"": ""どうして"", ""variants"": [""どうして""], ""source_text"": ""どうして""}","[""why"", ""for what reason""]","[{""code"": ""adv"", ""label"": ""adverb (fukushi)""}, {""code"": ""int"", ""label"": ""interjection (kandoushi)""}]",True,"[{""japanese_raw"": ""そのニュースはどうして漏れたのだろう。"", ""japanese_furigana"": ""<furigana>そのニュースはどうして漏れたのだろう。</furigana>"", ""english"": ""How did the news get out?"", ""source"": ""tatoeba"", ""source_id"": ""212836""}, {""japanese_raw"": ""どうしてあなたにお詫びする理由があるのですか。"", ""japanese_furigana"": ""<furigana>どうしてあなたにお詫びする理由があるのですか。</furigana>"", ""english"": ""Why should I apologize to you?"", ""source"": ""tatoeba"", ""source_id"": ""201575""}]","{""level_map"": ""open-anki-jlpt-decks"", ""level_map_guid"": ""s<(2V@f6ff"", ""dictionary"": ""JMdict"", ""dictionary_entry_id"": ""1466940"", ""dictionary_lookup_aliases"": [], ""examples"": ""JMdict sense-linked Tatoeba examples""}"
n5-vocab-0108,N5,108,509,"{""genki_lesson"": 4}","{""primary"": ""猫"", ""variants"": [""猫""], ""without_furigana"": ""猫"", ""with_furigana"": ""{猫}(ねこ)"", ""lookup_text"": ""猫""}","{""primary"": ""ねこ"", ""variants"": [""ねこ""], ""source_text"": ""ねこ""}","[""cat""]","[{""code"": ""n"", ""label"": ""noun (common) (futsuumeishi)""}]",True,"[{""japanese_raw"": ""あなたのサイトは、猫に興味のある人達にとって魅力的です。"", ""japanese_furigana"": ""<furigana>あなたのサイトは、猫に興味のある人達にとって魅力的です。</furigana>"", ""english"": ""Your site appeals to people who are interested in cats."", ""source"": ""tatoeba"", ""source_id"": ""233527""}]","{""level_map"": ""open-anki-jlpt-decks"", ""level_map_guid"": ""x^.ijbc4Mz"", ""dictionary"": ""JMdict"", ""dictionary_entry_id"": ""1467640"", ""dictionary_lookup_aliases"": [], ""examples"": ""JMdict sense-linked Tatoeba examples""}"
n5-vocab-0109,N5,109,552,"{""genki_lesson"": 4}","{""primary"": ""パン"", ""variants"": [""パン""], ""without_furigana"": ""パン"", ""with_furigana"": ""パン"", ""lookup_text"": ""パン""}","{""primary"": ""パン"", ""variants"": [""パン""], ""source_text"": ""パン""}","[""bread""]","[{""code"": ""n"", ""label"": ""noun (common) (futsuumeishi)""}]",True,"[{""japanese_raw"": ""私は今朝バターつきのパンを食べた。"", ""japanese_furigana"": ""<furigana>私は今朝バターつきのパンを食べた。</furigana>"", ""english"": ""I ate bread and butter this morning."", ""source"": ""tatoeba"", ""source_id"": ""156999""}]","{""level_map"": ""open-anki-jlpt-decks"", ""level_map_guid"": ""FI2Z[9I*9Q"", ""dictionary"": ""JMdict"", ""dictionary_entry_id"": ""1103090"", ""dictionary_lookup_aliases"": [], ""examples"": ""JMdict sense-linked Tatoeba examples""}"
n5-vocab-0110,N5,110,564,"{""genki_lesson"": 4}","{""primary"": ""人"", ""variants"": [""人""], ""without_furigana"": ""人"", ""with_furigana"": ""{人}(ひと)"", ""lookup_text"": ""人""}","{""primary"": ""ひと"", ""variants"": [""ひと""], ""source_text"": ""ひと""}","[""man"", ""person""]","[{""code"": ""n"", ""label"": ""noun (common) (futsuumeishi)""}]",True,"[{""japanese_raw"": ""この人は画家だ！"", ""japanese_furigana"": ""<furigana>この人は画家だ！</furigana>"", ""english"": ""This fellow is an artist!"", ""source"": ""tatoeba"", ""source_id"": ""221002""}, {""japanese_raw"": ""人は意識のある生き物だ。"", ""japanese_furigana"": ""<furigana>人は意識のある生き物だ。</furigana>"", ""english"": ""Man is a conscious being."", ""source"": ""tatoeba"", ""source_id"": ""144530""}]","{""level_map"": ""open-anki-jlpt-decks"", ""level_map_guid"": ""ya&#4:D}>{"", ""dictionary"": ""JMdict"", ""dictionary_entry_id"": ""1580640"", ""dictionary_lookup_aliases"": [], ""examples"": ""JMdict sense-linked Tatoeba examples""}"
n5-vocab-0111,N5,111,570,"{""genki_lesson"": 4}","{""primary"": ""病院"", ""variants"": [""病院""], ""without_furigana"": ""病院"", ""with_furigana"": ""{病院}(びょういん)"", ""lookup_text"": ""病院""}","{""primary"": ""びょういん"", ""variants"": [""びょういん""], ""source_text"": ""びょういん""}","[""hospital""]","[{""code"": ""n"", ""label"": ""noun (common) (futsuumeishi)""}]",True,"[{""japanese_raw"": ""この近くに病院はありますか。"", ""japanese_furigana"": ""<furigana>この近くに病院はありますか。</furigana>"", ""english"": ""Is there a hospital near here?"", ""source"": ""tatoeba"", ""source_id"": ""222301""}]","{""level_map"": ""open-anki-jlpt-decks"", ""level_map_guid"": ""<+#t;D=L-"", ""dictionary"": ""JMdict"", ""dictionary_entry_id"": ""1490220"", ""dictionary_lookup_aliases"": [], ""examples"": ""JMdict sense-linked Tatoeba examples""}"
n5-vocab-0112,N5,112,609,"{""genki_lesson"": 4}","{""primary"": ""ホテル"", ""variants"": [""ホテル""], ""without_furigana"": ""ホテル"", ""with_furigana"": ""ホテル"", ""lookup_text"": ""ホテル""}","{""primary"": ""ホテル"", ""variants"": [""ホテル""], ""source_text"": ""ホテル""}","[""hotel""]","[{""code"": ""n"", ""label"": ""noun (common) (futsuumeishi)""}]",True,"[{""japanese_raw"": ""あなたはこのホテルのお客ですか。"", ""japanese_furigana"": ""<furigana>あなたはこのホテルのお客ですか。</furigana>"", ""english"": ""Are you staying at this hotel?"", ""source"": ""tatoeba"", ""source_id"": ""232725""}]","{""level_map"": ""open-anki-jlpt-decks"", ""level_map_guid"": ""n#S=W;:k;`"", ""dictionary"": ""JMdict"", ""dictionary_entry_id"": ""1122650"", ""dictionary_lookup_aliases"": [], ""examples"": ""JMdict sense-linked Tatoeba examples""}"
n5-vocab-0113,N5,113,627,"{""genki_lesson"": 4}","{""primary"": ""町"", ""variants"": [""町""], ""without_furigana"": ""町"", ""with_furigana"": ""{町}(まち)"", ""lookup_text"": ""町""}","{""primary"": ""まち"", ""variants"": [""まち""], ""source_text"": ""まち""}","[""town"", ""city""]","[{""code"": ""n"", ""label"": ""noun (common) (futsuumeishi)""}]",True,"[{""japanese_raw"": ""町が一面すっぽり雪をかぶった。"", ""japanese_furigana"": ""<furigana>町が一面すっぽり雪をかぶった。</furigana>"", ""english"": ""Snow completely covered the town."", ""source"": ""tatoeba"", ""source_id"": ""75868""}]","{""level_map"": ""open-anki-jlpt-decks"", ""level_map_guid"": ""xztbV5AMZZ"", ""dictionary"": ""JMdict"", ""dictionary_entry_id"": ""1603990"", ""dictionary_lookup_aliases"": [], ""examples"": ""JMdict sense-linked Tatoeba examples""}"
n5-vocab-0114,N5,114,659,"{""genki_lesson"": 4}","{""primary"": ""木曜日"", ""variants"": [""木曜日""], ""without_furigana"": ""木曜日"", ""with_furigana"": ""{木曜日}(もくようび)"", ""lookup_text"": ""木曜日""}","{""primary"": ""もくようび"", ""variants"": [""もくようび""], ""source_text"": ""もくようび""}","[""Thursday""]","[{""code"": ""n"", ""label"": ""noun (common) (futsuumeishi)""}, {""code"": ""adv"", ""label"": ""adverb (fukushi)""}]",True,"[{""japanese_raw"": ""その週刊誌は木曜日に出る。"", ""japanese_furigana"": ""<furigana>その週刊誌は木曜日に出る。</furigana>"", ""english"": ""The weekly appears on Thursday."", ""source"": ""tatoeba"", ""source_id"": ""209437""}]","{""level_map"": ""open-anki-jlpt-decks"", ""level_map_guid"": ""k#-z20ZxXI"", ""dictionary"": ""JMdict"", ""dictionary_entry_id"": ""1534890"", ""dictionary_lookup_aliases"": [], ""examples"": ""JMdict sense-linked Tatoeba examples""}"
n5-vocab-0115,N5,115,660,"{""genki_lesson"": 4}","{""primary"": ""もしもし"", ""variants"": [""もしもし""], ""without_furigana"": ""もしもし"", ""with_furigana"": ""もしもし"", ""lookup_text"": ""もしもし""}","{""primary"": ""もしもし"", ""variants"": [""もしもし""], ""source_text"": ""もしもし""}","[""Hello? (used on the phone)""]","[{""code"": ""int"", ""label"": ""interjection (kandoushi)""}]",True,"[{""japanese_raw"": ""もしもし、後藤さんのお宅ですか。"", ""japanese_furigana"": ""<furigana>もしもし、後藤さんのお宅ですか。</furigana>"", ""english"": ""Hello. Is this the Gotos' residence?"", ""source"": ""tatoeba"", ""source_id"": ""193807""}, {""japanese_raw"": ""もしもし、何かお役に立ちましょうか。"", ""japanese_furigana"": ""<furigana>もしもし、何かお役に立ちましょうか。</furigana>"", ""english"": ""Excuse me, but do you need any help?"", ""source"": ""tatoeba"", ""source_id"": ""193810""}]","{""level_map"": ""open-anki-jlpt-decks"", ""level_map_guid"": ""nnhl#WnLYa"", ""dictionary"": ""JMdict"", ""dictionary_entry_id"": ""1012550"", ""dictionary_lookup_aliases"": [], ""examples"": ""JMdict sense-linked Tatoeba examples""}"
n5-vocab-0116,N5,116,706,"{""genki_lesson"": 4}","{""primary"": ""レストラン"", ""variants"": [""レストラン""], ""without_furigana"": ""レストラン"", ""with_furigana"": ""レストラン"", ""lookup_text"": ""レストラン""}","{""primary"": ""レストラン"", ""variants"": [""レストラン""], ""source_text"": ""レストラン""}","[""restaurant""]","[{""code"": ""n"", ""label"": ""noun (common) (futsuumeishi)""}]",True,"[{""japanese_raw"": ""いいレストランをご存知でしょうか。"", ""japanese_furigana"": ""<furigana>いいレストランをご存知でしょうか。</furigana>"", ""english"": ""Do you know a good restaurant?"", ""source"": ""tatoeba"", ""source_id"": ""229381""}]","{""level_map"": ""open-anki-jlpt-decks"", ""level_map_guid"": ""s3y4P[QtRd"", ""dictionary"": ""JMdict"", ""dictionary_entry_id"": ""1145310"", ""dictionary_lookup_aliases"": [], ""examples"": ""JMdict sense-linked Tatoeba examples""}"
n5-vocab-0117,N5,117,21,"{""genki_lesson"": 5}","{""primary"": ""新しい"", ""variants"": [""新しい""], ""without_furigana"": ""新しい"", ""with_furigana"": ""{新}(あたら)しい"", ""lookup_text"": ""新しい""}","{""primary"": ""あたらしい"", ""variants"": [""あたらしい""], ""source_text"": ""あたらしい""}","[""new""]","[{""code"": ""adj-i"", ""label"": ""adjective (keiyoushi)""}]",True,"[{""japanese_raw"": ""あなたの新しい車は調子よく動いていますか。"", ""japanese_furigana"": ""<furigana>あなたの新しい車は調子よく動いていますか。</furigana>"", ""english"": ""Is your new car behaving well?"", ""source"": ""tatoeba"", ""source_id"": ""233175""}]","{""level_map"": ""open-anki-jlpt-decks"", ""level_map_guid"": ""h)6JB@Q5Rj"", ""dictionary"": ""JMdict"", ""dictionary_entry_id"": ""1361490"", ""dictionary_lookup_aliases"": [], ""examples"": ""JMdict sense-linked Tatoeba examples""}"
n5-vocab-0118,N5,118,23,"{""genki_lesson"": 5}","{""primary"": ""暑い"", ""variants"": [""暑い""], ""without_furigana"": ""暑い"", ""with_furigana"": ""{暑}(あつ)い"", ""lookup_text"": ""暑い""}","{""primary"": ""あつい"", ""variants"": [""あつい""], ""source_text"": ""あつい""}","[""hot (in reference to weather)"", ""warm""]","[{""code"": ""adj-i"", ""label"": ""adjective (keiyoushi)""}]",True,"[{""japanese_raw"": ""この夏最高の暑さだ。"", ""japanese_furigana"": ""<furigana>この夏最高の暑さだ。</furigana>"", ""english"": ""It is the hottest this summer."", ""source"": ""tatoeba"", ""source_id"": ""222850""}]","{""level_map"": ""open-anki-jlpt-decks"", ""level_map_guid"": ""gSl8i,<}^I"", ""dictionary"": ""JMdict"", ""dictionary_entry_id"": ""1343460"", ""dictionary_lookup_aliases"": [], ""examples"": ""JMdict sense-linked Tatoeba examples""}"
n5-vocab-0119,N5,119,24,"{""genki_lesson"": 5}","{""primary"": ""熱い"", ""variants"": [""熱い""], ""without_furigana"": ""熱い"", ""with_furigana"": ""{熱}(あつ)い"", ""lookup_text"": ""熱い""}","{""primary"": ""あつい"", ""variants"": [""あつい""], ""source_text"": ""あつい""}","[""hot (objects)""]","[{""code"": ""adj-i"", ""label"": ""adjective (keiyoushi)""}]",True,"[{""japanese_raw"": ""スープは熱いうちに召し上がって下さい。"", ""japanese_furigana"": ""<furigana>スープは熱いうちに召し上がって下さい。</furigana>"", ""english"": ""Eat your soup while it is hot."", ""source"": ""tatoeba"", ""source_id"": ""215035""}]","{""level_map"": ""open-anki-jlpt-decks"", ""level_map_guid"": ""Gy7fB=0YXx"", ""dictionary"": ""JMdict"", ""dictionary_entry_id"": ""1467720"", ""dictionary_lookup_aliases"": [], ""examples"": ""JMdict sense-linked Tatoeba examples""}"
n5-vocab-0120,N5,120,55,"{""genki_lesson"": 5}","{""primary"": ""忙しい"", ""variants"": [""忙しい""], ""without_furigana"": ""忙しい"", ""with_furigana"": ""{忙}(いそが)しい"", ""lookup_text"": ""忙しい""}","{""primary"": ""いそがしい"", ""variants"": [""いそがしい""], ""source_text"": ""いそがしい""}","[""busy (people"", ""days)""]","[{""code"": ""adj-i"", ""label"": ""adjective (keiyoushi)""}]",True,"[{""japanese_raw"": ""あいつはのらりくらりの仕事にお忙しい事だ。"", ""japanese_furigana"": ""<furigana>あいつはのらりくらりの仕事にお忙しい事だ。</furigana>"", ""english"": ""He is busy loafing on the job."", ""source"": ""tatoeba"", ""source_id"": ""234633""}]","{""level_map"": ""open-anki-jlpt-decks"", ""level_map_guid"": ""pTORshR]m|"", ""dictionary"": ""JMdict"", ""dictionary_entry_id"": ""1519290"", ""dictionary_lookup_aliases"": [], ""examples"": ""JMdict sense-linked Tatoeba examples""}"
n5-vocab-0121,N5,121,83,"{""genki_lesson"": 5}","{""primary"": ""海"", ""variants"": [""海""], ""without_furigana"": ""海"", ""with_furigana"": ""{海}(うみ)"", ""lookup_text"": ""海""}","{""primary"": ""うみ"", ""variants"": [""うみ""], ""source_text"": ""うみ""}","[""sea"", ""beach""]","[{""code"": ""n"", ""label"": ""noun (common) (futsuumeishi)""}]",True,"[{""japanese_raw"": ""何としても海をひと目みたいものだ。"", ""japanese_furigana"": ""<furigana>何としても海をひと目みたいものだ。</furigana>"", ""english"": ""I ache for a sight of the sea."", ""source"": ""tatoeba"", ""source_id"": ""187770""}]","{""level_map"": ""open-anki-jlpt-decks"", ""level_map_guid"": ""Cla&e~|Y6P"", ""dictionary"": ""JMdict"", ""dictionary_entry_id"": ""1201190"", ""dictionary_lookup_aliases"": [], ""examples"": ""JMdict sense-linked Tatoeba examples""}"
n5-vocab-0122,N5,122,99,"{""genki_lesson"": 5}","{""primary"": ""大きい"", ""variants"": [""大きい""], ""without_furigana"": ""大きい"", ""with_furigana"": ""{大}(おお)きい"", ""lookup_text"": ""大きい""}","{""primary"": ""おおきい"", ""variants"": [""おおきい""], ""source_text"": ""おおきい""}","[""big"", ""large""]","[{""code"": ""adj-i"", ""label"": ""adjective (keiyoushi)""}]",True,"[{""japanese_raw"": ""もっと大きい声で言ってください。"", ""japanese_furigana"": ""<furigana>もっと大きい声で言ってください。</furigana>"", ""english"": ""Louder, please."", ""source"": ""tatoeba"", ""source_id"": ""193234""}, {""japanese_raw"": ""きみは何と大きい家を持っているんだろう。"", ""japanese_furigana"": ""<furigana>きみは何と大きい家を持っているんだろう。</furigana>"", ""english"": ""What a big house you have!"", ""source"": ""tatoeba"", ""source_id"": ""225891""}]","{""level_map"": ""open-anki-jlpt-decks"", ""level_map_guid"": ""N*s[nF-<Om"", ""dictionary"": ""JMdict"", ""dictionary_entry_id"": ""1588880"", ""dictionary_lookup_aliases"": [], ""examples"": ""JMdict sense-linked Tatoeba examples""}"
n5-vocab-0123,N5,123,135,"{""genki_lesson"": 5}","{""primary"": ""面白い"", ""variants"": [""面白い""], ""without_furigana"": ""面白い"", ""with_furigana"": ""{面白}(おもしろ)い"", ""lookup_text"": ""面白い""}","{""primary"": ""おもしろい"", ""variants"": [""おもしろい""], ""source_text"": ""おもしろい""}","[""interesting"", ""amusing""]","[{""code"": ""adj-i"", ""label"": ""adjective (keiyoushi)""}]",True,"[{""japanese_raw"": ""この本は面白い読み物です。"", ""japanese_furigana"": ""<furigana>この本は面白い読み物です。</furigana>"", ""english"": ""This book makes pleasant reading."", ""source"": ""tatoeba"", ""source_id"": ""219537""}, {""japanese_raw"": ""野鳥を観察するのはとても面白い。"", ""japanese_furigana"": ""<furigana>野鳥を観察するのはとても面白い。</furigana>"", ""english"": ""Watching wild birds is great fun."", ""source"": ""tatoeba"", ""source_id"": ""79585""}]","{""level_map"": ""open-anki-jlpt-decks"", ""level_map_guid"": ""J&$%9x,#?>"", ""dictionary"": ""JMdict"", ""dictionary_entry_id"": ""1533580"", ""dictionary_lookup_aliases"": [], ""examples"": ""JMdict sense-linked Tatoeba examples""}"
n5-vocab-0124,N5,124,136,"{""genki_lesson"": 5}","{""primary"": ""泳ぐ"", ""variants"": [""泳ぐ""], ""without_furigana"": ""泳ぐ"", ""with_furigana"": ""{泳}(およ)ぐ"", ""lookup_text"": ""泳ぐ""}","{""primary"": ""およぐ"", ""variants"": [""およぐ""], ""source_text"": ""およぐ""}","[""to swim""]","[{""code"": ""v5g"", ""label"": ""Godan verb with 'gu' ending""}, {""code"": ""vi"", ""label"": ""intransitive verb""}]",True,"[{""japanese_raw"": ""この湖で泳ぐのは危険だと思うんだ。"", ""japanese_furigana"": ""<furigana>この湖で泳ぐのは危険だと思うんだ。</furigana>"", ""english"": ""I think it is dangerous to swim in the lake."", ""source"": ""tatoeba"", ""source_id"": ""160923""}]","{""level_map"": ""open-anki-jlpt-decks"", ""level_map_guid"": ""bxmTHH/R3s"", ""dictionary"": ""JMdict"", ""dictionary_entry_id"": ""1174340"", ""dictionary_lookup_aliases"": [], ""examples"": ""JMdict sense-linked Tatoeba examples""}"
n5-vocab-0125,N5,125,198,"{""genki_lesson"": 5}","{""primary"": ""切手"", ""variants"": [""切手""], ""without_furigana"": ""切手"", ""with_furigana"": ""{切手}(きって)"", ""lookup_text"": ""切手""}","{""primary"": ""きって"", ""variants"": [""きって""], ""source_text"": ""きって""}","[""postal (postage) stamps""]","[{""code"": ""n"", ""label"": ""noun (common) (futsuumeishi)""}]",True,"[{""japanese_raw"": ""趣味は切手を集めることです。"", ""japanese_furigana"": ""<furigana>趣味は切手を集めることです。</furigana>"", ""english"": ""My hobby is collecting stamps."", ""source"": ""tatoeba"", ""source_id"": ""163365""}]","{""level_map"": ""open-anki-jlpt-decks"", ""level_map_guid"": ""GZ2eU+7^)f"", ""dictionary"": ""JMdict"", ""dictionary_entry_id"": ""1385070"", ""dictionary_lookup_aliases"": [], ""examples"": ""JMdict sense-linked Tatoeba examples""}"
n5-vocab-0126,N5,126,199,"{""genki_lesson"": 5}","{""primary"": ""切符"", ""variants"": [""切符""], ""without_furigana"": ""切符"", ""with_furigana"": ""{切符}(きっぷ)"", ""lookup_text"": ""切符""}","{""primary"": ""きっぷ"", ""variants"": [""きっぷ""], ""source_text"": ""きっぷ""}","[""a ticket""]","[{""code"": ""n"", ""label"": ""noun (common) (futsuumeishi)""}]",True,"[{""japanese_raw"": ""この切符で二人入れるよ。"", ""japanese_furigana"": ""<furigana>この切符で二人入れるよ。</furigana>"", ""english"": ""The ticket admits two persons."", ""source"": ""tatoeba"", ""source_id"": ""220860""}]","{""level_map"": ""open-anki-jlpt-decks"", ""level_map_guid"": ""i@ntG+Gt0l"", ""dictionary"": ""JMdict"", ""dictionary_entry_id"": ""1385170"", ""dictionary_lookup_aliases"": [], ""examples"": ""JMdict sense-linked Tatoeba examples""}"
n5-vocab-0127,N5,127,285,"{""genki_lesson"": 5}","{""primary"": ""寒い"", ""variants"": [""寒い""], ""without_furigana"": ""寒い"", ""with_furigana"": ""{寒}(さむ)い"", ""lookup_text"": ""寒い""}","{""primary"": ""さむい"", ""variants"": [""さむい""], ""source_text"": ""さむい""}","[""cold (in reference to weather)""]","[{""code"": ""adj-i"", ""label"": ""adjective (keiyoushi)""}]",True,"[{""japanese_raw"": ""寒いからコートを着るべきだ。"", ""japanese_furigana"": ""<furigana>寒いからコートを着るべきだ。</furigana>"", ""english"": ""It's cold so you should wear a coat."", ""source"": ""tatoeba"", ""source_id"": ""184049""}, {""japanese_raw"": ""この寒さにはもう耐えられない。"", ""japanese_furigana"": ""<furigana>この寒さにはもう耐えられない。</furigana>"", ""english"": ""I can no longer stand the cold."", ""source"": ""tatoeba"", ""source_id"": ""222586""}]","{""level_map"": ""open-anki-jlpt-decks"", ""level_map_guid"": ""x@[mMxA?Z}"", ""dictionary"": ""JMdict"", ""dictionary_entry_id"": ""1210360"", ""dictionary_lookup_aliases"": [], ""examples"": ""JMdict sense-linked Tatoeba examples""}"
n5-vocab-0128,N5,128,318,"{""genki_lesson"": 5}","{""primary"": ""宿題"", ""variants"": [""宿題""], ""without_furigana"": ""宿題"", ""with_furigana"": ""{宿題}(しゅくだい)"", ""lookup_text"": ""宿題""}","{""primary"": ""しゅくだい"", ""variants"": [""しゅくだい""], ""source_text"": ""しゅくだい""}","[""homework""]","[{""code"": ""n"", ""label"": ""noun (common) (futsuumeishi)""}]",True,"[{""japanese_raw"": ""今日は宿題が無い。"", ""japanese_furigana"": ""<furigana>今日は宿題が無い。</furigana>"", ""english"": ""I have no homework today."", ""source"": ""tatoeba"", ""source_id"": ""171597""}]","{""level_map"": ""open-anki-jlpt-decks"", ""level_map_guid"": ""PE;OT+iIoY"", ""dictionary"": ""JMdict"", ""dictionary_entry_id"": ""1337270"", ""dictionary_lookup_aliases"": [], ""examples"": ""JMdict sense-linked Tatoeba examples""}"
n5-vocab-0129,N5,129,374,"{""genki_lesson"": 5}","{""primary"": ""大丈夫"", ""variants"": [""大丈夫""], ""without_furigana"": ""大丈夫"", ""with_furigana"": ""{大丈夫}(だいじょうぶ)"", ""lookup_text"": ""大丈夫""}","{""primary"": ""だいじょうぶ"", ""variants"": [""だいじょうぶ""], ""source_text"": ""だいじょうぶ""}","[""It's ok (all right)"", ""No need to worry"", ""Everything is under control""]","[{""code"": ""adj-na"", ""label"": ""adjectival nouns or quasi-adjectives (keiyodoshi)""}, {""code"": ""adv"", ""label"": ""adverb (fukushi)""}, {""code"": ""int"", ""label"": ""interjection (kandoushi)""}, {""code"": ""n"", ""label"": ""noun (common) (futsuumeishi)""}]",True,"[{""japanese_raw"": ""いや、大丈夫だ。"", ""japanese_furigana"": ""<furigana>いや、大丈夫だ。</furigana>"", ""english"": ""No, no, that's okay."", ""source"": ""tatoeba"", ""source_id"": ""228498""}, {""japanese_raw"": ""彼女は今のところ大丈夫です。"", ""japanese_furigana"": ""<furigana>彼女は今のところ大丈夫です。</furigana>"", ""english"": ""She is all right at the moment."", ""source"": ""tatoeba"", ""source_id"": ""90036""}]","{""level_map"": ""open-anki-jlpt-decks"", ""level_map_guid"": ""nEIlSJfx#r"", ""dictionary"": ""JMdict"", ""dictionary_entry_id"": ""1414150"", ""dictionary_lookup_aliases"": [], ""examples"": ""JMdict sense-linked Tatoeba examples""}"
n5-vocab-0130,N5,130,388,"{""genki_lesson"": 5}","{""primary"": ""楽しい"", ""variants"": [""楽しい""], ""without_furigana"": ""楽しい"", ""with_furigana"": ""{楽}(たの)しい"", ""lookup_text"": ""楽しい""}","{""primary"": ""たのしい"", ""variants"": [""たのしい""], ""source_text"": ""たのしい""}","[""enjoyable"", ""fun""]","[{""code"": ""adj-i"", ""label"": ""adjective (keiyoushi)""}]",True,"[{""japanese_raw"": ""あなたと一緒にいて楽しかった。"", ""japanese_furigana"": ""<furigana>あなたと一緒にいて楽しかった。</furigana>"", ""english"": ""I really enjoyed your company."", ""source"": ""tatoeba"", ""source_id"": ""233856""}]","{""level_map"": ""open-anki-jlpt-decks"", ""level_map_guid"": ""eD~FeZpJXC"", ""dictionary"": ""JMdict"", ""dictionary_entry_id"": ""1207240"", ""dictionary_lookup_aliases"": [], ""examples"": ""JMdict sense-linked Tatoeba examples""}"
n5-vocab-0131,N5,131,392,"{""genki_lesson"": 5}","{""primary"": ""食べ物"", ""variants"": [""食べ物""], ""without_furigana"": ""食べ物"", ""with_furigana"": ""{食}(た)べ{物}(もの)"", ""lookup_text"": ""食べ物""}","{""primary"": ""たべもの"", ""variants"": [""たべもの""], ""source_text"": ""たべもの""}","[""food""]","[{""code"": ""n"", ""label"": ""noun (common) (futsuumeishi)""}]",True,"[{""japanese_raw"": ""冷蔵庫の中にたくさんの食べ物が入っていますか。"", ""japanese_furigana"": ""<furigana>冷蔵庫の中にたくさんの食べ物が入っていますか。</furigana>"", ""english"": ""Is there much food in the refrigerator?"", ""source"": ""tatoeba"", ""source_id"": ""77640""}]","{""level_map"": ""open-anki-jlpt-decks"", ""level_map_guid"": ""ODKLC3jdI>"", ""dictionary"": ""JMdict"", ""dictionary_entry_id"": ""1358340"", ""dictionary_lookup_aliases"": [], ""examples"": ""JMdict sense-linked Tatoeba examples""}"
n5-vocab-0132,N5,132,397,"{""genki_lesson"": 5}","{""primary"": ""誕生日"", ""variants"": [""誕生日""], ""without_furigana"": ""誕生日"", ""with_furigana"": ""{誕生日}(たんじょうび)"", ""lookup_text"": ""誕生日""}","{""primary"": ""たんじょうび"", ""variants"": [""たんじょうび""], ""source_text"": ""たんじょうび""}","[""birthday""]","[{""code"": ""n"", ""label"": ""noun (common) (futsuumeishi)""}]",True,"[{""japanese_raw"": ""今日は、妹の誕生日です。"", ""japanese_furigana"": ""<furigana>今日は、妹の誕生日です。</furigana>"", ""english"": ""Today is my sister's birthday."", ""source"": ""tatoeba"", ""source_id"": ""171822""}]","{""level_map"": ""open-anki-jlpt-decks"", ""level_map_guid"": ""HV8#h@HniT"", ""dictionary"": ""JMdict"", ""dictionary_entry_id"": ""1419110"", ""dictionary_lookup_aliases"": [], ""examples"": ""JMdict sense-linked Tatoeba examples""}"
n5-vocab-0133,N5,133,399,"{""genki_lesson"": 5}","{""primary"": ""小さい"", ""variants"": [""小さい""], ""without_furigana"": ""小さい"", ""with_furigana"": ""{小}(ちい)さい"", ""lookup_text"": ""小さい""}","{""primary"": ""ちいさい"", ""variants"": [""ちいさい""], ""source_text"": ""ちいさい""}","[""small"", ""little""]","[{""code"": ""adj-i"", ""label"": ""adjective (keiyoushi)""}]",True,"[{""japanese_raw"": ""その机はメグには小さすぎる。"", ""japanese_furigana"": ""<furigana>その机はメグには小さすぎる。</furigana>"", ""english"": ""The desk is too small for Meg."", ""source"": ""tatoeba"", ""source_id"": ""211564""}]","{""level_map"": ""open-anki-jlpt-decks"", ""level_map_guid"": ""LNu9:vy!G1"", ""dictionary"": ""JMdict"", ""dictionary_entry_id"": ""1347750"", ""dictionary_lookup_aliases"": [], ""examples"": ""JMdict sense-linked Tatoeba examples""}"
n5-vocab-0134,N5,134,421,"{""genki_lesson"": 5}","{""primary"": ""つまらない"", ""variants"": [""つまらない""], ""without_furigana"": ""つまらない"", ""with_furigana"": ""つまらない"", ""lookup_text"": ""つまらない""}","{""primary"": ""つまらない"", ""variants"": [""つまらない""], ""source_text"": ""つまらない""}","[""boring"", ""dull"", ""insignificant""]","[{""code"": ""adj-i"", ""label"": ""adjective (keiyoushi)""}]",True,"[{""japanese_raw"": ""あの新しい映画は、つまらんかった。"", ""japanese_furigana"": ""<furigana>あの新しい映画は、つまらんかった。</furigana>"", ""english"": ""That new movie was a bummer."", ""source"": ""tatoeba"", ""source_id"": ""230825""}, {""japanese_raw"": ""あの男はよくつまらぬことで誰にでも因縁をつける。"", ""japanese_furigana"": ""<furigana>あの男はよくつまらぬことで誰にでも因縁をつける。</furigana>"", ""english"": ""He often uses the slightest thing as a pretext for a fight with anybody."", ""source"": ""tatoeba"", ""source_id"": ""230602""}]","{""level_map"": ""open-anki-jlpt-decks"", ""level_map_guid"": ""HL~a;+T`kY"", ""dictionary"": ""JMdict"", ""dictionary_entry_id"": ""1008190"", ""dictionary_lookup_aliases"": [], ""examples"": ""JMdict sense-linked Tatoeba examples""}"
n5-vocab-0135,N5,135,428,"{""genki_lesson"": 5}","{""primary"": ""出かける"", ""variants"": [""出かける""], ""without_furigana"": ""出かける"", ""with_furigana"": ""{出}(で)かける"", ""lookup_text"": ""出かける""}","{""primary"": ""でかける"", ""variants"": [""でかける""], ""source_text"": ""でかける""}","[""to go out"", ""to depart""]","[{""code"": ""v1"", ""label"": ""Ichidan verb""}, {""code"": ""vi"", ""label"": ""intransitive verb""}]",True,"[{""japanese_raw"": ""１０分前に出かけました。"", ""japanese_furigana"": ""<furigana>１０分前に出かけました。</furigana>"", ""english"": ""She left home ten minutes ago."", ""source"": ""tatoeba"", ""source_id"": ""235991""}]","{""level_map"": ""open-anki-jlpt-decks"", ""level_map_guid"": ""Fx}b2N2gun"", ""dictionary"": ""JMdict"", ""dictionary_entry_id"": ""1598550"", ""dictionary_lookup_aliases"": [], ""examples"": ""JMdict sense-linked Tatoeba examples""}"
n5-vocab-0136,N5,136,432,"{""genki_lesson"": 5}","{""primary"": ""テスト"", ""variants"": [""テスト""], ""without_furigana"": ""テスト"", ""with_furigana"": ""テスト"", ""lookup_text"": ""テスト""}","{""primary"": ""テスト"", ""variants"": [""テスト""], ""source_text"": ""テスト""}","[""test""]","[{""code"": ""n"", ""label"": ""noun (common) (futsuumeishi)""}, {""code"": ""vs"", ""label"": ""noun or participle which takes the aux. verb suru""}, {""code"": ""vt"", ""label"": ""transitive verb""}]",True,"[{""japanese_raw"": ""私は数学のテストの結果に満足しています。"", ""japanese_furigana"": ""<furigana>私は数学のテストの結果に満足しています。</furigana>"", ""english"": ""I am satisfied with the result of my math test."", ""source"": ""tatoeba"", ""source_id"": ""155612""}, {""japanese_raw"": ""新しいエンジンは必要なテストをすべて受けなければならない。"", ""japanese_furigana"": ""<furigana>新しいエンジンは必要なテストをすべて受けなければならない。</furigana>"", ""english"": ""The new engine must undergo all the necessary tests."", ""source"": ""tatoeba"", ""source_id"": ""145503""}]","{""level_map"": ""open-anki-jlpt-decks"", ""level_map_guid"": ""Lhy<!{J6SG"", ""dictionary"": ""JMdict"", ""dictionary_entry_id"": ""1079760"", ""dictionary_lookup_aliases"": [], ""examples"": ""JMdict sense-linked Tatoeba examples""}"
n5-vocab-0137,N5,137,438,"{""genki_lesson"": 5}","{""primary"": ""天気"", ""variants"": [""天気""], ""without_furigana"": ""天気"", ""with_furigana"": ""{天気}(てんき)"", ""lookup_text"": ""天気""}","{""primary"": ""てんき"", ""variants"": [""てんき""], ""source_text"": ""てんき""}","[""weather""]","[{""code"": ""n"", ""label"": ""noun (common) (futsuumeishi)""}]",True,"[{""japanese_raw"": ""今日が天気ならいいのに。"", ""japanese_furigana"": ""<furigana>今日が天気ならいいのに。</furigana>"", ""english"": ""I wish it were fine today."", ""source"": ""tatoeba"", ""source_id"": ""171537""}, {""japanese_raw"": ""彼は天気のよい日を利用して壁を塗った。"", ""japanese_furigana"": ""<furigana>彼は天気のよい日を利用して壁を塗った。</furigana>"", ""english"": ""He took advantage of the fine weather to paint the wall."", ""source"": ""tatoeba"", ""source_id"": ""101934""}]","{""level_map"": ""open-anki-jlpt-decks"", ""level_map_guid"": ""vm1l+4c[9"", ""dictionary"": ""JMdict"", ""dictionary_entry_id"": ""1438690"", ""dictionary_lookup_aliases"": [], ""examples"": ""JMdict sense-linked Tatoeba examples""}"
n5-vocab-0138,N5,138,463,"{""genki_lesson"": 5}","{""primary"": ""とても"", ""variants"": [""とても""], ""without_furigana"": ""とても"", ""with_furigana"": ""とても"", ""lookup_text"": ""とても""}","{""primary"": ""とても"", ""variants"": [""とても""], ""source_text"": ""とても""}","[""very (much)"", ""greatly"", ""exceedingly""]","[{""code"": ""adv"", ""label"": ""adverb (fukushi)""}]",True,"[{""japanese_raw"": ""この雨の中を外出することはとてもできないことです。"", ""japanese_furigana"": ""<furigana>この雨の中を外出することはとてもできないことです。</furigana>"", ""english"": ""Going out in this rain is out of the question."", ""source"": ""tatoeba"", ""source_id"": ""222938""}, {""japanese_raw"": ""「これはとてもおもしろそうだね」とひろしが言います。"", ""japanese_furigana"": ""<furigana>「これはとてもおもしろそうだね」とひろしが言います。</furigana>"", ""english"": ""\""This looks pretty interesting,\"" Hiroshi says."", ""source"": ""tatoeba"", ""source_id"": ""4925""}]","{""level_map"": ""open-anki-jlpt-decks"", ""level_map_guid"": ""t]2-1h#)V/"", ""dictionary"": ""JMdict"", ""dictionary_entry_id"": ""1008630"", ""dictionary_lookup_aliases"": [], ""examples"": ""JMdict sense-linked Tatoeba examples""}"
n5-vocab-0139,N5,139,514,"{""genki_lesson"": 5}","{""primary"": ""飲み物"", ""variants"": [""飲み物""], ""without_furigana"": ""飲み物"", ""with_furigana"": ""{飲}(の)み{物}(もの)"", ""lookup_text"": ""飲み物""}","{""primary"": ""のみもの"", ""variants"": [""のみもの""], ""source_text"": ""のみもの""}","[""drink"", ""beverage""]","[{""code"": ""n"", ""label"": ""noun (common) (futsuumeishi)""}]",True,"[{""japanese_raw"": ""何か飲み物をいただけますか。"", ""japanese_furigana"": ""<furigana>何か飲み物をいただけますか。</furigana>"", ""english"": ""May I have something to drink?"", ""source"": ""tatoeba"", ""source_id"": ""188051""}]","{""level_map"": ""open-anki-jlpt-decks"", ""level_map_guid"": ""k?X,84{EZ8"", ""dictionary"": ""JMdict"", ""dictionary_entry_id"": ""1600430"", ""dictionary_lookup_aliases"": [], ""examples"": ""JMdict sense-linked Tatoeba examples""}"
n5-vocab-0140,N5,140,523,"{""genki_lesson"": 5}","{""primary"": ""葉書"", ""variants"": [""葉書""], ""without_furigana"": ""葉書"", ""with_furigana"": ""{葉書}(はがき)"", ""lookup_text"": ""葉書""}","{""primary"": ""はがき"", ""variants"": [""はがき""], ""source_text"": ""はがき""}","[""postcard""]","[{""code"": ""n"", ""label"": ""noun (common) (futsuumeishi)""}]",True,"[{""japanese_raw"": ""はがきにこの切手を貼って郵便箱に投函しなさい。"", ""japanese_furigana"": ""<furigana>はがきにこの切手を貼って郵便箱に投函しなさい。</furigana>"", ""english"": ""Put this stamp on the postcard and drop it in the mailbox."", ""source"": ""tatoeba"", ""source_id"": ""198303""}]","{""level_map"": ""open-anki-jlpt-decks"", ""level_map_guid"": ""jer83m7P=."", ""dictionary"": ""JMdict"", ""dictionary_entry_id"": ""1546590"", ""dictionary_lookup_aliases"": [], ""examples"": ""JMdict sense-linked Tatoeba examples""}"
n5-vocab-0141,N5,141,532,"{""genki_lesson"": 5}","{""primary"": ""バス"", ""variants"": [""バス""], ""without_furigana"": ""バス"", ""with_furigana"": ""バス"", ""lookup_text"": ""バス""}","{""primary"": ""バス"", ""variants"": [""バス""], ""source_text"": ""バス""}","[""bus"", ""bath"", ""bass""]","[{""code"": ""n"", ""label"": ""noun (common) (futsuumeishi)""}]",True,"[{""japanese_raw"": ""私の息子はいつもバスに乗ると酔うの。"", ""japanese_furigana"": ""<furigana>私の息子はいつもバスに乗ると酔うの。</furigana>"", ""english"": ""My son always gets sick when he rides a bus."", ""source"": ""tatoeba"", ""source_id"": ""163136""}]","{""level_map"": ""open-anki-jlpt-decks"", ""level_map_guid"": ""nF2zK|?mh~"", ""dictionary"": ""JMdict"", ""dictionary_entry_id"": ""1098390"", ""dictionary_lookup_aliases"": [], ""examples"": ""JMdict sense-linked Tatoeba examples""}"
n5-vocab-0142,N5,142,562,"{""genki_lesson"": 5}","{""primary"": ""飛行機"", ""variants"": [""飛行機""], ""without_furigana"": ""飛行機"", ""with_furigana"": ""{飛行機}(ひこうき)"", ""lookup_text"": ""飛行機""}","{""primary"": ""ひこうき"", ""variants"": [""ひこうき""], ""source_text"": ""ひこうき""}","[""airplane""]","[{""code"": ""n"", ""label"": ""noun (common) (futsuumeishi)""}]",True,"[{""japanese_raw"": ""あなたは飛行機で旅行したことがありますか。"", ""japanese_furigana"": ""<furigana>あなたは飛行機で旅行したことがありますか。</furigana>"", ""english"": ""Have you ever traveled by air?"", ""source"": ""tatoeba"", ""source_id"": ""231608""}]","{""level_map"": ""open-anki-jlpt-decks"", ""level_map_guid"": ""OUQ4o:]Va="", ""dictionary"": ""JMdict"", ""dictionary_entry_id"": ""1485470"", ""dictionary_lookup_aliases"": [], ""examples"": ""JMdict sense-linked Tatoeba examples""}"
n5-vocab-0143,N5,143,589,"{""genki_lesson"": 5}","{""primary"": ""古い"", ""variants"": [""古い""], ""without_furigana"": ""古い"", ""with_furigana"": ""{古}(ふる)い"", ""lookup_text"": ""古い""}","{""primary"": ""ふるい"", ""variants"": [""ふるい""], ""source_text"": ""ふるい""}","[""old (in reference to objects"", ""not people)"", ""aged"", ""ancient""]","[{""code"": ""adj-i"", ""label"": ""adjective (keiyoushi)""}]",True,"[{""japanese_raw"": ""ケンが使っている机はもう古い。"", ""japanese_furigana"": ""<furigana>ケンが使っている机はもう古い。</furigana>"", ""english"": ""The desk that Ken uses is old."", ""source"": ""tatoeba"", ""source_id"": ""225203""}]","{""level_map"": ""open-anki-jlpt-decks"", ""level_map_guid"": ""gH<g@fkLje"", ""dictionary"": ""JMdict"", ""dictionary_entry_id"": ""1265070"", ""dictionary_lookup_aliases"": [], ""examples"": ""JMdict sense-linked Tatoeba examples""}"
n5-vocab-0144,N5,144,596,"{""genki_lesson"": 5}","{""primary"": ""部屋"", ""variants"": [""部屋""], ""without_furigana"": ""部屋"", ""with_furigana"": ""{部屋}(へや)"", ""lookup_text"": ""部屋""}","{""primary"": ""へや"", ""variants"": [""へや""], ""source_text"": ""へや""}","[""a room""]","[{""code"": ""n"", ""label"": ""noun (common) (futsuumeishi)""}]",True,"[{""japanese_raw"": ""マユコは部屋に入った。"", ""japanese_furigana"": ""<furigana>マユコは部屋に入った。</furigana>"", ""english"": ""Mayuko entered the room."", ""source"": ""tatoeba"", ""source_id"": ""195194""}, {""japanese_raw"": ""私の部屋は４階にあります。"", ""japanese_furigana"": ""<furigana>私の部屋は４階にあります。</furigana>"", ""english"": ""My apartment is on the fourth floor."", ""source"": ""tatoeba"", ""source_id"": ""236992""}]","{""level_map"": ""open-anki-jlpt-decks"", ""level_map_guid"": ""cB,rGZ.;c."", ""dictionary"": ""JMdict"", ""dictionary_entry_id"": ""1499320"", ""dictionary_lookup_aliases"": [], ""examples"": ""JMdict sense-linked Tatoeba examples""}"
n5-vocab-0145,N5,145,652,"{""genki_lesson"": 5}","{""primary"": ""難しい"", ""variants"": [""難しい""], ""without_furigana"": ""難しい"", ""with_furigana"": ""{難}(むずか)しい"", ""lookup_text"": ""難しい""}","{""primary"": ""むずかしい"", ""variants"": [""むずかしい""], ""source_text"": ""むずかしい""}","[""difficult""]","[{""code"": ""adj-i"", ""label"": ""adjective (keiyoushi)""}]",True,"[{""japanese_raw"": ""あの老人は食べ物に難しい。"", ""japanese_furigana"": ""<furigana>あの老人は食べ物に難しい。</furigana>"", ""english"": ""That old man is a fussy eater."", ""source"": ""tatoeba"", ""source_id"": ""230415""}, {""japanese_raw"": ""私は彼女に難しい質問をした。"", ""japanese_furigana"": ""<furigana>私は彼女に難しい質問をした。</furigana>"", ""english"": ""I asked her a difficult question."", ""source"": ""tatoeba"", ""source_id"": ""153328""}]","{""level_map"": ""open-anki-jlpt-decks"", ""level_map_guid"": ""cp|.gBg]*Y"", ""dictionary"": ""JMdict"", ""dictionary_entry_id"": ""1460850"", ""dictionary_lookup_aliases"": [], ""examples"": ""JMdict sense-linked Tatoeba examples""}"
n5-vocab-0146,N5,146,670,"{""genki_lesson"": 5}","{""primary"": ""安い"", ""variants"": [""安い""], ""without_furigana"": ""安い"", ""with_furigana"": ""{安}(やす)い"", ""lookup_text"": ""安い""}","{""primary"": ""やすい"", ""variants"": [""やすい""], ""source_text"": ""やすい""}","[""inexpensive"", ""cheap (things)""]","[{""code"": ""adj-i"", ""label"": ""adjective (keiyoushi)""}]",True,"[{""japanese_raw"": ""これはバーゲン商品なので定価よりやすくなっているんじゃないですか。"", ""japanese_furigana"": ""<furigana>これはバーゲン商品なので定価よりやすくなっているんじゃないですか。</furigana>"", ""english"": ""Aren't you selling this at a discount price?"", ""source"": ""tatoeba"", ""source_id"": ""218537""}]","{""level_map"": ""open-anki-jlpt-decks"", ""level_map_guid"": ""ie=X%ZqpqO"", ""dictionary"": ""JMdict"", ""dictionary_entry_id"": ""1153670"", ""dictionary_lookup_aliases"": [], ""examples"": ""JMdict sense-linked Tatoeba examples""}"
n5-vocab-0147,N5,147,671,"{""genki_lesson"": 5}","{""primary"": ""休み"", ""variants"": [""休み""], ""without_furigana"": ""休み"", ""with_furigana"": ""{休}(やす)み"", ""lookup_text"": ""休み""}","{""primary"": ""やすみ"", ""variants"": [""やすみ""], ""source_text"": ""やすみ""}","[""holiday"", ""day off"", ""absence""]","[{""code"": ""n"", ""label"": ""noun (common) (futsuumeishi)""}]",True,"[{""japanese_raw"": ""今度の休みはどこへ行くの？"", ""japanese_furigana"": ""<furigana>今度の休みはどこへ行くの？</furigana>"", ""english"": ""Where are you going on your vacation?"", ""source"": ""tatoeba"", ""source_id"": ""172173""}, {""japanese_raw"": ""１０時４０分から１１時まで休み時間です。"", ""japanese_furigana"": ""<furigana>１０時４０分から１１時まで休み時間です。</furigana>"", ""english"": ""We have a break from 10:40 to 11:00."", ""source"": ""tatoeba"", ""source_id"": ""236056""}]","{""level_map"": ""open-anki-jlpt-decks"", ""level_map_guid"": ""J*/c5_R!J="", ""dictionary"": ""JMdict"", ""dictionary_entry_id"": ""1227500"", ""dictionary_lookup_aliases"": [], ""examples"": ""JMdict sense-linked Tatoeba examples""}"
n5-vocab-0148,N5,148,702,"{""genki_lesson"": 5}","{""primary"": ""旅行"", ""variants"": [""旅行""], ""without_furigana"": ""旅行"", ""with_furigana"": ""{旅行}(りょこう)"", ""lookup_text"": ""旅行""}","{""primary"": ""りょこう"", ""variants"": [""りょこう""], ""source_text"": ""りょこう""}","[""travel"", ""trip""]","[{""code"": ""n"", ""label"": ""noun (common) (futsuumeishi)""}, {""code"": ""vs"", ""label"": ""noun or participle which takes the aux. verb suru""}, {""code"": ""vi"", ""label"": ""intransitive verb""}]",True,"[{""japanese_raw"": ""いつ旅行においでになりますか。"", ""japanese_furigana"": ""<furigana>いつ旅行においでになりますか。</furigana>"", ""english"": ""When will you go on a journey?"", ""source"": ""tatoeba"", ""source_id"": ""228596""}]","{""level_map"": ""open-anki-jlpt-decks"", ""level_map_guid"": ""KmCEi1#qL@"", ""dictionary"": ""JMdict"", ""dictionary_entry_id"": ""1553170"", ""dictionary_lookup_aliases"": [], ""examples"": ""JMdict sense-linked Tatoeba examples""}"
n5-vocab-0149,N5,149,18,"{""genki_lesson"": 6}","{""primary"": ""遊ぶ"", ""variants"": [""遊ぶ""], ""without_furigana"": ""遊ぶ"", ""with_furigana"": ""{遊}(あそ)ぶ"", ""lookup_text"": ""遊ぶ""}","{""primary"": ""あそぶ"", ""variants"": [""あそぶ""], ""source_text"": ""あそぶ""}","[""to play"", ""to spend time pleasantly"", ""to hang out""]","[{""code"": ""v5b"", ""label"": ""Godan verb with 'bu' ending""}, {""code"": ""vi"", ""label"": ""intransitive verb""}]",True,"[{""japanese_raw"": ""その機械は今遊んでいる。"", ""japanese_furigana"": ""<furigana>その機械は今遊んでいる。</furigana>"", ""english"": ""The machine is lying idle."", ""source"": ""tatoeba"", ""source_id"": ""211540""}, {""japanese_raw"": ""２人の子供が通りで遊んでいた。"", ""japanese_furigana"": ""<furigana>２人の子供が通りで遊んでいた。</furigana>"", ""english"": ""There were two children playing on the street."", ""source"": ""tatoeba"", ""source_id"": ""235456""}]","{""level_map"": ""open-anki-jlpt-decks"", ""level_map_guid"": ""e<h|f2`;&"", ""dictionary"": ""JMdict"", ""dictionary_entry_id"": ""1542160"", ""dictionary_lookup_aliases"": [], ""examples"": ""JMdict sense-linked Tatoeba examples""}"
n5-vocab-0150,N5,150,104,"{""genki_lesson"": 6}","{""primary"": ""お金"", ""variants"": [""お金""], ""without_furigana"": ""お金"", ""with_furigana"": ""お{金}(かね)"", ""lookup_text"": ""お金""}","{""primary"": ""おかね"", ""variants"": [""おかね""], ""source_text"": ""おかね""}","[""money""]","[{""code"": ""n"", ""label"": ""noun (common) (futsuumeishi)""}]",True,"[{""japanese_raw"": ""どうやってそのお金を手に入れたんですか。"", ""japanese_furigana"": ""<furigana>どうやってそのお金を手に入れたんですか。</furigana>"", ""english"": ""How did you come by the money?"", ""source"": ""tatoeba"", ""source_id"": ""232498""}]","{""level_map"": ""open-anki-jlpt-decks"", ""level_map_guid"": ""uh%`nh}D?M"", ""dictionary"": ""JMdict"", ""dictionary_entry_id"": ""1001820"", ""dictionary_lookup_aliases"": [], ""examples"": ""JMdict sense-linked Tatoeba examples""}"
n5-vocab-0151,N5,151,129,"{""genki_lesson"": 6}","{""primary"": ""おばあさん"", ""variants"": [""おばあさん""], ""without_furigana"": ""おばあさん"", ""with_furigana"": ""おばあさん"", ""lookup_text"": ""おばあさん""}","{""primary"": ""おばあさん"", ""variants"": [""おばあさん""], ""source_text"": ""おばあさん""}","[""grandmother"", ""female senior-citizen""]","[{""code"": ""n"", ""label"": ""noun (common) (futsuumeishi)""}]",True,"[{""japanese_raw"": ""お祖母さんが座布団の上にちんまりとすわっていました。"", ""japanese_furigana"": ""<furigana>お祖母さんが座布団の上にちんまりとすわっていました。</furigana>"", ""english"": ""The old woman was snugly sitting on a cushion."", ""source"": ""tatoeba"", ""source_id"": ""76808""}, {""japanese_raw"": ""ジョンのおばあさんは長い間病に伏せていたが、亡くなった。"", ""japanese_furigana"": ""<furigana>ジョンのおばあさんは長い間病に伏せていたが、亡くなった。</furigana>"", ""english"": ""John's grandmother passed away after a long illness."", ""source"": ""tatoeba"", ""source_id"": ""215459""}]","{""level_map"": ""open-anki-jlpt-decks"", ""level_map_guid"": ""K7L64Zdx7D"", ""dictionary"": ""JMdict"", ""dictionary_entry_id"": ""1002330"", ""dictionary_lookup_aliases"": [], ""examples"": ""JMdict sense-linked Tatoeba examples""}"
n5-vocab-0152,N5,152,188,"{""genki_lesson"": 6}","{""primary"": ""漢字"", ""variants"": [""漢字""], ""without_furigana"": ""漢字"", ""with_furigana"": ""{漢字}(かんじ)"", ""lookup_text"": ""漢字""}","{""primary"": ""かんじ"", ""variants"": [""かんじ""], ""source_text"": ""かんじ""}","[""kanji"", ""Chinese character""]","[{""code"": ""n"", ""label"": ""noun (common) (futsuumeishi)""}]",True,"[{""japanese_raw"": ""漢字を書くときは点やはらいに気をつけて、なるべく早くていねいに書きましょう。"", ""japanese_furigana"": ""<furigana>漢字を書くときは点やはらいに気をつけて、なるべく早くていねいに書きましょう。</furigana>"", ""english"": ""When drawing kanji be careful of dots and sweeps, write as carefully and quickly as possible."", ""source"": ""tatoeba"", ""source_id"": ""76263""}]","{""level_map"": ""open-anki-jlpt-decks"", ""level_map_guid"": ""yx;[,(ZC<M"", ""dictionary"": ""JMdict"", ""dictionary_entry_id"": ""1213170"", ""dictionary_lookup_aliases"": [], ""examples"": ""JMdict sense-linked Tatoeba examples""}"
n5-vocab-0153,N5,153,271,"{""genki_lesson"": 6}","{""primary"": ""今週"", ""variants"": [""今週""], ""without_furigana"": ""今週"", ""with_furigana"": ""{今週}(こんしゅう)"", ""lookup_text"": ""今週""}","{""primary"": ""こんしゅう"", ""variants"": [""こんしゅう""], ""source_text"": ""こんしゅう""}","[""this week""]","[{""code"": ""n"", ""label"": ""noun (common) (futsuumeishi)""}, {""code"": ""adv"", ""label"": ""adverb (fukushi)""}]",True,"[{""japanese_raw"": ""今週はどちらにいらしゃいましたか。"", ""japanese_furigana"": ""<furigana>今週はどちらにいらしゃいましたか。</furigana>"", ""english"": ""Where have you been this week?"", ""source"": ""tatoeba"", ""source_id"": ""172375""}]","{""level_map"": ""open-anki-jlpt-decks"", ""level_map_guid"": ""DK9g?(!36`"", ""dictionary"": ""JMdict"", ""dictionary_entry_id"": ""1289220"", ""dictionary_lookup_aliases"": [], ""examples"": ""JMdict sense-linked Tatoeba examples""}"
n5-vocab-0154,N5,154,304,"{""genki_lesson"": 6}","{""primary"": ""死ぬ"", ""variants"": [""死ぬ""], ""without_furigana"": ""死ぬ"", ""with_furigana"": ""{死}(し)ぬ"", ""lookup_text"": ""死ぬ""}","{""primary"": ""しぬ"", ""variants"": [""しぬ""], ""source_text"": ""しぬ""}","[""to die""]","[{""code"": ""v5n"", ""label"": ""Godan verb with 'nu' ending""}, {""code"": ""vi"", ""label"": ""intransitive verb""}]",True,"[{""japanese_raw"": ""その少年は死んだものとしてあきらめられた。"", ""japanese_furigana"": ""<furigana>その少年は死んだものとしてあきらめられた。</furigana>"", ""english"": ""The boy was given up for dead."", ""source"": ""tatoeba"", ""source_id"": ""209091""}]","{""level_map"": ""open-anki-jlpt-decks"", ""level_map_guid"": ""DTv8zMSE:A"", ""dictionary"": ""JMdict"", ""dictionary_entry_id"": ""1310730"", ""dictionary_lookup_aliases"": [], ""examples"": ""JMdict sense-linked Tatoeba examples""}"
n5-vocab-0155,N5,155,385,"{""genki_lesson"": 6}","{""primary"": ""立つ"", ""variants"": [""立つ""], ""without_furigana"": ""立つ"", ""with_furigana"": ""{立}(た)つ"", ""lookup_text"": ""立つ""}","{""primary"": ""たつ"", ""variants"": [""たつ""], ""source_text"": ""たつ""}","[""to stand up""]","[{""code"": ""v5t"", ""label"": ""Godan verb with 'tsu' ending""}, {""code"": ""vi"", ""label"": ""intransitive verb""}]",True,"[{""japanese_raw"": ""市は月曜ごとに立つ。"", ""japanese_furigana"": ""<furigana>市は月曜ごとに立つ。</furigana>"", ""english"": ""The market is held every Monday."", ""source"": ""tatoeba"", ""source_id"": ""168369""}, {""japanese_raw"": ""次々に立って出ていった。"", ""japanese_furigana"": ""<furigana>次々に立って出ていった。</furigana>"", ""english"": ""One after another they stood up and went out."", ""source"": ""tatoeba"", ""source_id"": ""96928""}]","{""level_map"": ""open-anki-jlpt-decks"", ""level_map_guid"": ""z+IsiLqO4K"", ""dictionary"": ""JMdict"", ""dictionary_entry_id"": ""1597040"", ""dictionary_lookup_aliases"": [], ""examples"": ""JMdict sense-linked Tatoeba examples""}"
n5-vocab-0156,N5,156,415,"{""genki_lesson"": 6}","{""primary"": ""次"", ""variants"": [""次""], ""without_furigana"": ""次"", ""with_furigana"": ""{次}(つぎ)"", ""lookup_text"": ""次""}","{""primary"": ""つぎ"", ""variants"": [""つぎ""], ""source_text"": ""つぎ""}","[""next""]","[{""code"": ""n"", ""label"": ""noun (common) (futsuumeishi)""}, {""code"": ""adj-no"", ""label"": ""nouns which may take the genitive case particle 'no'""}]",True,"[{""japanese_raw"": ""この次来るときは、花を持ってきてあげよう。"", ""japanese_furigana"": ""<furigana>この次来るときは、花を持ってきてあげよう。</furigana>"", ""english"": ""Next time I come, I'll bring you some flowers."", ""source"": ""tatoeba"", ""source_id"": ""221566""}]","{""level_map"": ""open-anki-jlpt-decks"", ""level_map_guid"": ""IPls}w5_e-"", ""dictionary"": ""JMdict"", ""dictionary_entry_id"": ""1316380"", ""dictionary_lookup_aliases"": [], ""examples"": ""JMdict sense-linked Tatoeba examples""}"
n5-vocab-0157,N5,157,439,"{""genki_lesson"": 6}","{""primary"": ""電気"", ""variants"": [""電気""], ""without_furigana"": ""電気"", ""with_furigana"": ""{電気}(でんき)"", ""lookup_text"": ""電気""}","{""primary"": ""でんき"", ""variants"": [""でんき""], ""source_text"": ""でんき""}","[""electricity"", ""(electric) light""]","[{""code"": ""n"", ""label"": ""noun (common) (futsuumeishi)""}]",True,"[{""japanese_raw"": ""電気を消すのを忘れないで。"", ""japanese_furigana"": ""<furigana>電気を消すのを忘れないで。</furigana>"", ""english"": ""Don't forget to turn the light off."", ""source"": ""tatoeba"", ""source_id"": ""124838""}, {""japanese_raw"": ""このエアコンは電気を多量に消費する。"", ""japanese_furigana"": ""<furigana>このエアコンは電気を多量に消費する。</furigana>"", ""english"": ""This air conditioner consumes a lot of electricity."", ""source"": ""tatoeba"", ""source_id"": ""223979""}]","{""level_map"": ""open-anki-jlpt-decks"", ""level_map_guid"": ""HsW5jIb;SC"", ""dictionary"": ""JMdict"", ""dictionary_entry_id"": ""1443000"", ""dictionary_lookup_aliases"": [], ""examples"": ""JMdict sense-linked Tatoeba examples""}"
n5-vocab-0158,N5,158,440,"{""genki_lesson"": 6}","{""primary"": ""電車"", ""variants"": [""電車""], ""without_furigana"": ""電車"", ""with_furigana"": ""{電車}(でんしゃ)"", ""lookup_text"": ""電車""}","{""primary"": ""でんしゃ"", ""variants"": [""でんしゃ""], ""source_text"": ""でんしゃ""}","[""electric train""]","[{""code"": ""n"", ""label"": ""noun (common) (futsuumeishi)""}]",True,"[{""japanese_raw"": ""あなたは始発電車に間にあいましたか。"", ""japanese_furigana"": ""<furigana>あなたは始発電車に間にあいましたか。</furigana>"", ""english"": ""Did you catch the first train?"", ""source"": ""tatoeba"", ""source_id"": ""231991""}]","{""level_map"": ""open-anki-jlpt-decks"", ""level_map_guid"": ""e?+NxLTOv"", ""dictionary"": ""JMdict"", ""dictionary_entry_id"": ""1443530"", ""dictionary_lookup_aliases"": [], ""examples"": ""JMdict sense-linked Tatoeba examples""}"
n5-vocab-0159,N5,159,502,"{""genki_lesson"": 6}","{""primary"": ""荷物"", ""variants"": [""荷物""], ""without_furigana"": ""荷物"", ""with_furigana"": ""{荷物}(にもつ)"", ""lookup_text"": ""荷物""}","{""primary"": ""にもつ"", ""variants"": [""にもつ""], ""source_text"": ""にもつ""}","[""luggage"", ""baggage""]","[{""code"": ""n"", ""label"": ""noun (common) (futsuumeishi)""}]",True,"[{""japanese_raw"": ""彼は前もって荷物を送った。"", ""japanese_furigana"": ""<furigana>彼は前もって荷物を送った。</furigana>"", ""english"": ""He sent his luggage in advance."", ""source"": ""tatoeba"", ""source_id"": ""102979""}]","{""level_map"": ""open-anki-jlpt-decks"", ""level_map_guid"": ""MH72iI!<]q"", ""dictionary"": ""JMdict"", ""dictionary_entry_id"": ""1195430"", ""dictionary_lookup_aliases"": [], ""examples"": ""JMdict sense-linked Tatoeba examples""}"
n5-vocab-0160,N5,160,592,"{""genki_lesson"": 6}","{""primary"": ""ページ"", ""variants"": [""ページ""], ""without_furigana"": ""ページ"", ""with_furigana"": ""ページ"", ""lookup_text"": ""ページ""}","{""primary"": ""ページ"", ""variants"": [""ページ""], ""source_text"": ""ページ""}","[""a page""]","[{""code"": ""n"", ""label"": ""noun (common) (futsuumeishi)""}, {""code"": ""ctr"", ""label"": ""counter""}, {""code"": ""n-suf"", ""label"": ""noun, used as a suffix""}]",True,"[{""japanese_raw"": ""もう３ページ残っている。"", ""japanese_furigana"": ""<furigana>もう３ページ残っている。</furigana>"", ""english"": ""I have three more pages to go."", ""source"": ""tatoeba"", ""source_id"": ""194523""}, {""japanese_raw"": ""２２ページの一節を読んで下さい。"", ""japanese_furigana"": ""<furigana>２２ページの一節を読んで下さい。</furigana>"", ""english"": ""Read the passage on page 22, please."", ""source"": ""tatoeba"", ""source_id"": ""235562""}]","{""level_map"": ""open-anki-jlpt-decks"", ""level_map_guid"": ""jR*]a[JBx$"", ""dictionary"": ""JMdict"", ""dictionary_entry_id"": ""1120410"", ""dictionary_lookup_aliases"": [], ""examples"": ""JMdict sense-linked Tatoeba examples""}"
n5-vocab-0161,N5,161,631,"{""genki_lesson"": 6}","{""primary"": ""窓"", ""variants"": [""窓""], ""without_furigana"": ""窓"", ""with_furigana"": ""{窓}(まど)"", ""lookup_text"": ""窓""}","{""primary"": ""まど"", ""variants"": [""まど""], ""source_text"": ""まど""}","[""window""]","[{""code"": ""n"", ""label"": ""noun (common) (futsuumeishi)""}]",True,"[{""japanese_raw"": ""窓を開けっぱなしにしておいたの？"", ""japanese_furigana"": ""<furigana>窓を開けっぱなしにしておいたの？</furigana>"", ""english"": ""Did you leave the window open?"", ""source"": ""tatoeba"", ""source_id"": ""231771""}]","{""level_map"": ""open-anki-jlpt-decks"", ""level_map_guid"": ""dZZ^@1iCkq"", ""dictionary"": ""JMdict"", ""dictionary_entry_id"": ""1401400"", ""dictionary_lookup_aliases"": [], ""examples"": ""JMdict sense-linked Tatoeba examples""}"
n5-vocab-0162,N5,162,691,"{""genki_lesson"": 6}","{""primary"": ""夜"", ""variants"": [""夜""], ""without_furigana"": ""夜"", ""with_furigana"": ""{夜}(よる)"", ""lookup_text"": ""夜""}","{""primary"": ""よる"", ""variants"": [""よる""], ""source_text"": ""よる""}","[""evening"", ""night""]","[{""code"": ""n"", ""label"": ""noun (common) (futsuumeishi)""}, {""code"": ""adv"", ""label"": ""adverb (fukushi)""}]",True,"[{""japanese_raw"": ""あなたは夜よく寝れませんか。"", ""japanese_furigana"": ""<furigana>あなたは夜よく寝れませんか。</furigana>"", ""english"": ""Don't you sleep well at night?"", ""source"": ""tatoeba"", ""source_id"": ""231522""}]","{""level_map"": ""open-anki-jlpt-decks"", ""level_map_guid"": ""lj*phUSR[b"", ""dictionary"": ""JMdict"", ""dictionary_entry_id"": ""1536350"", ""dictionary_lookup_aliases"": [], ""examples"": ""JMdict sense-linked Tatoeba examples""}"
n5-vocab-0163,N5,163,694,"{""genki_lesson"": 6}","{""primary"": ""来週"", ""variants"": [""来週""], ""without_furigana"": ""来週"", ""with_furigana"": ""{来週}(らいしゅう)"", ""lookup_text"": ""来週""}","{""primary"": ""らいしゅう"", ""variants"": [""らいしゅう""], ""source_text"": ""らいしゅう""}","[""next week""]","[{""code"": ""n"", ""label"": ""noun (common) (futsuumeishi)""}, {""code"": ""adv"", ""label"": ""adverb (fukushi)""}]",True,"[{""japanese_raw"": ""来週ヨーロッパへ行くつもりなんです。"", ""japanese_furigana"": ""<furigana>来週ヨーロッパへ行くつもりなんです。</furigana>"", ""english"": ""I'm going to Europe next week."", ""source"": ""tatoeba"", ""source_id"": ""191765""}]","{""level_map"": ""open-anki-jlpt-decks"", ""level_map_guid"": ""h}c~#8X!n;"", ""dictionary"": ""JMdict"", ""dictionary_entry_id"": ""1548010"", ""dictionary_lookup_aliases"": [], ""examples"": ""JMdict sense-linked Tatoeba examples""}"
n5-vocab-0164,N5,164,695,"{""genki_lesson"": 6}","{""primary"": ""来年"", ""variants"": [""来年""], ""without_furigana"": ""来年"", ""with_furigana"": ""{来年}(らいねん)"", ""lookup_text"": ""来年""}","{""primary"": ""らいねん"", ""variants"": [""らいねん""], ""source_text"": ""らいねん""}","[""next year""]","[{""code"": ""n"", ""label"": ""noun (common) (futsuumeishi)""}, {""code"": ""adv"", ""label"": ""adverb (fukushi)""}]",True,"[{""japanese_raw"": ""健は来年で１５歳になります。"", ""japanese_furigana"": ""<furigana>健は来年で１５歳になります。</furigana>"", ""english"": ""Ken will be fifteen next year."", ""source"": ""tatoeba"", ""source_id"": ""175548""}]","{""level_map"": ""open-anki-jlpt-decks"", ""level_map_guid"": ""mvNiHK,T4b"", ""dictionary"": ""JMdict"", ""dictionary_entry_id"": ""1548220"", ""dictionary_lookup_aliases"": [], ""examples"": ""JMdict sense-linked Tatoeba examples""}"
n5-vocab-0165,N5,165,30,"{""genki_lesson"": 7}","{""primary"": ""姉"", ""variants"": [""姉""], ""without_furigana"": ""姉"", ""with_furigana"": ""{姉}(あね)"", ""lookup_text"": ""姉""}","{""primary"": ""あね"", ""variants"": [""あね""], ""source_text"": ""あね""}","[""(my) older sister (humble)""]","[{""code"": ""n"", ""label"": ""noun (common) (futsuumeishi)""}]",True,"[{""japanese_raw"": ""姉は私のズボンにアイロンをかけてくれる。"", ""japanese_furigana"": ""<furigana>姉は私のズボンにアイロンをかけてくれる。</furigana>"", ""english"": ""My sister presses my trousers."", ""source"": ""tatoeba"", ""source_id"": ""168901""}]","{""level_map"": ""open-anki-jlpt-decks"", ""level_map_guid"": ""IX6p9}CO.e"", ""dictionary"": ""JMdict"", ""dictionary_entry_id"": ""1307630"", ""dictionary_lookup_aliases"": [], ""examples"": ""JMdict sense-linked Tatoeba examples""}"
n5-vocab-0166,N5,166,31,"{""genki_lesson"": 7}","{""primary"": ""アパート"", ""variants"": [""アパート""], ""without_furigana"": ""アパート"", ""with_furigana"": ""アパート"", ""lookup_text"": ""アパート""}","{""primary"": ""アパート"", ""variants"": [""アパート""], ""source_text"": ""アパート""}","[""apartment (abbr.)""]","[{""code"": ""n"", ""label"": ""noun (common) (futsuumeishi)""}]",True,"[{""japanese_raw"": ""このアパートは６家族が暮らしている。"", ""japanese_furigana"": ""<furigana>このアパートは６家族が暮らしている。</furigana>"", ""english"": ""Six families live in this apartment house."", ""source"": ""tatoeba"", ""source_id"": ""224007""}, {""japanese_raw"": ""２部屋あるアパートを借りたいのですが。"", ""japanese_furigana"": ""<furigana>２部屋あるアパートを借りたいのですが。</furigana>"", ""english"": ""I want to rent an apartment with two rooms."", ""source"": ""tatoeba"", ""source_id"": ""235397""}]","{""level_map"": ""open-anki-jlpt-decks"", ""level_map_guid"": ""wZ/2ki)d+f"", ""dictionary"": ""JMdict"", ""dictionary_entry_id"": ""1017760"", ""dictionary_lookup_aliases"": [], ""examples"": ""JMdict sense-linked Tatoeba examples""}"
n5-vocab-0167,N5,167,79,"{""genki_lesson"": 7}","{""primary"": ""歌"", ""variants"": [""歌""], ""without_furigana"": ""歌"", ""with_furigana"": ""{歌}(うた)"", ""lookup_text"": ""歌""}","{""primary"": ""うた"", ""variants"": [""うた""], ""source_text"": ""うた""}","[""a song""]","[{""code"": ""n"", ""label"": ""noun (common) (futsuumeishi)""}]",True,"[{""japanese_raw"": ""この歌を聞くと私はいつも、学生時代を思い出す。"", ""japanese_furigana"": ""<furigana>この歌を聞くと私はいつも、学生時代を思い出す。</furigana>"", ""english"": ""Whenever I hear this song, I am reminded of my school days."", ""source"": ""tatoeba"", ""source_id"": ""222762""}]","{""level_map"": ""open-anki-jlpt-decks"", ""level_map_guid"": ""JJN9**Hn8A"", ""dictionary"": ""JMdict"", ""dictionary_entry_id"": ""1193180"", ""dictionary_lookup_aliases"": [], ""examples"": ""JMdict sense-linked Tatoeba examples""}"
n5-vocab-0168,N5,168,80,"{""genki_lesson"": 7}","{""primary"": ""歌う"", ""variants"": [""歌う""], ""without_furigana"": ""歌う"", ""with_furigana"": ""{歌}(うた)う"", ""lookup_text"": ""歌う""}","{""primary"": ""うたう"", ""variants"": [""うたう""], ""source_text"": ""うたう""}","[""to sing""]","[{""code"": ""v5u"", ""label"": ""Godan verb with 'u' ending""}, {""code"": ""vt"", ""label"": ""transitive verb""}, {""code"": ""vi"", ""label"": ""intransitive verb""}]",True,"[{""japanese_raw"": ""ジョンはステージで何を歌いましたか。"", ""japanese_furigana"": ""<furigana>ジョンはステージで何を歌いましたか。</furigana>"", ""english"": ""What did John sing on the stage?"", ""source"": ""tatoeba"", ""source_id"": ""215403""}]","{""level_map"": ""open-anki-jlpt-decks"", ""level_map_guid"": ""AN4yH;7MHR"", ""dictionary"": ""JMdict"", ""dictionary_entry_id"": ""1588120"", ""dictionary_lookup_aliases"": [], ""examples"": ""JMdict sense-linked Tatoeba examples""}"
n5-vocab-0169,N5,169,146,"{""genki_lesson"": 7}","{""primary"": ""会社"", ""variants"": [""会社""], ""without_furigana"": ""会社"", ""with_furigana"": ""{会社}(かいしゃ)"", ""lookup_text"": ""会社""}","{""primary"": ""かいしゃ"", ""variants"": [""かいしゃ""], ""source_text"": ""かいしゃ""}","[""company"", ""corporation""]","[{""code"": ""n"", ""label"": ""noun (common) (futsuumeishi)""}]",True,"[{""japanese_raw"": ""彼の努力は会社の成長に貢献した。"", ""japanese_furigana"": ""<furigana>彼の努力は会社の成長に貢献した。</furigana>"", ""english"": ""His effort contributed to my company's growth."", ""source"": ""tatoeba"", ""source_id"": ""116443""}, {""japanese_raw"": ""父は今朝普段より遅く会社に着いた。"", ""japanese_furigana"": ""<furigana>父は今朝普段より遅く会社に着いた。</furigana>"", ""english"": ""My father got to his workplace later than usual this morning."", ""source"": ""tatoeba"", ""source_id"": ""84579""}]","{""level_map"": ""open-anki-jlpt-decks"", ""level_map_guid"": ""owc{ezB4?4"", ""dictionary"": ""JMdict"", ""dictionary_entry_id"": ""1198550"", ""dictionary_lookup_aliases"": [], ""examples"": ""JMdict sense-linked Tatoeba examples""}"
n5-vocab-0170,N5,170,165,"{""genki_lesson"": 7}","{""primary"": ""家族"", ""variants"": [""家族""], ""without_furigana"": ""家族"", ""with_furigana"": ""{家族}(かぞく)"", ""lookup_text"": ""家族""}","{""primary"": ""かぞく"", ""variants"": [""かぞく""], ""source_text"": ""かぞく""}","[""family"", ""members of a family""]","[{""code"": ""n"", ""label"": ""noun (common) (futsuumeishi)""}]",True,"[{""japanese_raw"": ""あなたの家族はきっと親切でしょう。"", ""japanese_furigana"": ""<furigana>あなたの家族はきっと親切でしょう。</furigana>"", ""english"": ""Your family must be very nice."", ""source"": ""tatoeba"", ""source_id"": ""233420""}]","{""level_map"": ""open-anki-jlpt-decks"", ""level_map_guid"": ""jwBW:Yf?[N"", ""dictionary"": ""JMdict"", ""dictionary_entry_id"": ""1192150"", ""dictionary_lookup_aliases"": [], ""examples"": ""JMdict sense-linked Tatoeba examples""}"
n5-vocab-0171,N5,171,174,"{""genki_lesson"": 7}","{""primary"": ""かぶる"", ""variants"": [""かぶる""], ""without_furigana"": ""かぶる"", ""with_furigana"": ""かぶる"", ""lookup_text"": ""かぶる""}","{""primary"": ""かぶる"", ""variants"": [""かぶる""], ""source_text"": ""かぶる""}","[""to wear"", ""to put on (e.g."", ""a hat on the head)""]","[{""code"": ""v5r"", ""label"": ""Godan verb with 'ru' ending""}, {""code"": ""vt"", ""label"": ""transitive verb""}, {""code"": ""vi"", ""label"": ""intransitive verb""}]",True,"[{""japanese_raw"": ""その機械はほこりをかぶっていた。"", ""japanese_furigana"": ""<furigana>その機械はほこりをかぶっていた。</furigana>"", ""english"": ""The machine was coated with dust."", ""source"": ""tatoeba"", ""source_id"": ""211546""}, {""japanese_raw"": ""避難民は食料や水、薬などその他いろいろ不足を被るものだ。"", ""japanese_furigana"": ""<furigana>避難民は食料や水、薬などその他いろいろ不足を被るものだ。</furigana>"", ""english"": ""Refugees will suffer lack of food, water, medicine and all that."", ""source"": ""tatoeba"", ""source_id"": ""85787""}]","{""level_map"": ""open-anki-jlpt-decks"", ""level_map_guid"": ""v~,/++9.ks"", ""dictionary"": ""JMdict"", ""dictionary_entry_id"": ""1484330"", ""dictionary_lookup_aliases"": [], ""examples"": ""JMdict sense-linked Tatoeba examples""}"
n5-vocab-0172,N5,172,206,"{""genki_lesson"": 7}","{""primary"": ""兄弟"", ""variants"": [""兄弟""], ""without_furigana"": ""兄弟"", ""with_furigana"": ""{兄弟}(きょうだい)"", ""lookup_text"": ""兄弟""}","{""primary"": ""きょうだい"", ""variants"": [""きょうだい""], ""source_text"": ""きょうだい""}","[""siblings (humble)"", ""brothers and sisters""]","[{""code"": ""n"", ""label"": ""noun (common) (futsuumeishi)""}]",True,"[{""japanese_raw"": ""あなたは何人兄弟がいますか。"", ""japanese_furigana"": ""<furigana>あなたは何人兄弟がいますか。</furigana>"", ""english"": ""How many siblings do you have?"", ""source"": ""tatoeba"", ""source_id"": ""232196""}, {""japanese_raw"": ""ライト兄弟はエンジンで動く飛行機を飛ばすことに成功した。"", ""japanese_furigana"": ""<furigana>ライト兄弟はエンジンで動く飛行機を飛ばすことに成功した。</furigana>"", ""english"": ""The Wright brothers succeeded in flying an airplane driven by an engine."", ""source"": ""tatoeba"", ""source_id"": ""192659""}]","{""level_map"": ""open-anki-jlpt-decks"", ""level_map_guid"": ""tg~Kr0A/Mn"", ""dictionary"": ""JMdict"", ""dictionary_entry_id"": ""1249960"", ""dictionary_lookup_aliases"": [], ""examples"": ""JMdict sense-linked Tatoeba examples""}"
n5-vocab-0173,N5,173,210,"{""genki_lesson"": 7}","{""primary"": ""着る"", ""variants"": [""着る""], ""without_furigana"": ""着る"", ""with_furigana"": ""{着}(き)る"", ""lookup_text"": ""着る""}","{""primary"": ""きる"", ""variants"": [""きる""], ""source_text"": ""きる""}","[""to put on (clothes above your waist)"", ""to wear""]","[{""code"": ""v1"", ""label"": ""Ichidan verb""}, {""code"": ""vt"", ""label"": ""transitive verb""}]",True,"[{""japanese_raw"": ""その男は反逆者の汚名をきせられた。"", ""japanese_furigana"": ""<furigana>その男は反逆者の汚名をきせられた。</furigana>"", ""english"": ""The man was branded as a traitor."", ""source"": ""tatoeba"", ""source_id"": ""208015""}, {""japanese_raw"": ""「あの赤い服を着るのはよしなさい」「なぜいけないの」"", ""japanese_furigana"": ""<furigana>「あの赤い服を着るのはよしなさい」「なぜいけないの」</furigana>"", ""english"": ""\""You had better not wear the red dress.\"" \""Why not?\"""", ""source"": ""tatoeba"", ""source_id"": ""237263""}]","{""level_map"": ""open-anki-jlpt-decks"", ""level_map_guid"": ""g$-Eqb.V#N"", ""dictionary"": ""JMdict"", ""dictionary_entry_id"": ""1423000"", ""dictionary_lookup_aliases"": [], ""examples"": ""JMdict sense-linked Tatoeba examples""}"
n5-vocab-0174,N5,174,223,"{""genki_lesson"": 7}","{""primary"": ""国"", ""variants"": [""国""], ""without_furigana"": ""国"", ""with_furigana"": ""{国}(くに)"", ""lookup_text"": ""国""}","{""primary"": ""くに"", ""variants"": [""くに""], ""source_text"": ""くに""}","[""country"", ""place of origin""]","[{""code"": ""n"", ""label"": ""noun (common) (futsuumeishi)""}]",True,"[{""japanese_raw"": ""その王がその国を治めていた。"", ""japanese_furigana"": ""<furigana>その王がその国を治めていた。</furigana>"", ""english"": ""The king governed the country."", ""source"": ""tatoeba"", ""source_id"": ""188508""}, {""japanese_raw"": ""その科学者は国の内外で有名である。"", ""japanese_furigana"": ""<furigana>その科学者は国の内外で有名である。</furigana>"", ""english"": ""The scientist is famous both at home and abroad."", ""source"": ""tatoeba"", ""source_id"": ""212023""}]","{""level_map"": ""open-anki-jlpt-decks"", ""level_map_guid"": ""qu43})1T{b"", ""dictionary"": ""JMdict"", ""dictionary_entry_id"": ""1592250"", ""dictionary_lookup_aliases"": [], ""examples"": ""JMdict sense-linked Tatoeba examples""}"
n5-vocab-0175,N5,175,231,"{""genki_lesson"": 7}","{""primary"": ""車"", ""variants"": [""車""], ""without_furigana"": ""車"", ""with_furigana"": ""{車}(くるま)"", ""lookup_text"": ""車""}","{""primary"": ""くるま"", ""variants"": [""くるま""], ""source_text"": ""くるま""}","[""car"", ""vehicle""]","[{""code"": ""n"", ""label"": ""noun (common) (futsuumeishi)""}]",True,"[{""japanese_raw"": ""車を運転する時はいくら注意してもしすぎることはない。"", ""japanese_furigana"": ""<furigana>車を運転する時はいくら注意してもしすぎることはない。</furigana>"", ""english"": ""You cannot be too careful when you drive a car."", ""source"": ""tatoeba"", ""source_id"": ""148966""}]","{""level_map"": ""open-anki-jlpt-decks"", ""level_map_guid"": ""Dp50G3U@L="", ""dictionary"": ""JMdict"", ""dictionary_entry_id"": ""1323080"", ""dictionary_lookup_aliases"": [], ""examples"": ""JMdict sense-linked Tatoeba examples""}"
n5-vocab-0176,N5,176,322,"{""genki_lesson"": 7}","{""primary"": ""食堂"", ""variants"": [""食堂""], ""without_furigana"": ""食堂"", ""with_furigana"": ""{食堂}(しょくどう)"", ""lookup_text"": ""食堂""}","{""primary"": ""しょくどう"", ""variants"": [""しょくどう""], ""source_text"": ""しょくどう""}","[""cafeteria"", ""dining hall""]","[{""code"": ""n"", ""label"": ""noun (common) (futsuumeishi)""}]",True,"[{""japanese_raw"": ""私達の家は食堂を含めて７部屋あります。"", ""japanese_furigana"": ""<furigana>私達の家は食堂を含めて７部屋あります。</furigana>"", ""english"": ""Our house has seven rooms including the dining room."", ""source"": ""tatoeba"", ""source_id"": ""151991""}, {""japanese_raw"": ""私は角を曲がって、開店早々の食堂を見つけた。"", ""japanese_furigana"": ""<furigana>私は角を曲がって、開店早々の食堂を見つけた。</furigana>"", ""english"": ""I turned the corner and caught sight of a newly opened restaurant."", ""source"": ""tatoeba"", ""source_id"": ""157887""}]","{""level_map"": ""open-anki-jlpt-decks"", ""level_map_guid"": ""q/e+PknS.X"", ""dictionary"": ""JMdict"", ""dictionary_entry_id"": ""1358550"", ""dictionary_lookup_aliases"": [], ""examples"": ""JMdict sense-linked Tatoeba examples""}"
n5-vocab-0177,N5,177,323,"{""genki_lesson"": 7}","{""primary"": ""知る"", ""variants"": [""知る""], ""without_furigana"": ""知る"", ""with_furigana"": ""{知}(し)る"", ""lookup_text"": ""知る""}","{""primary"": ""しる"", ""variants"": [""しる""], ""source_text"": ""しる""}","[""to know"", ""to understand""]","[{""code"": ""v5r"", ""label"": ""Godan verb with 'ru' ending""}, {""code"": ""vt"", ""label"": ""transitive verb""}]",True,"[{""japanese_raw"": ""あなたは１９９０年から彼女を知っているのですか？"", ""japanese_furigana"": ""<furigana>あなたは１９９０年から彼女を知っているのですか？</furigana>"", ""english"": ""Have you known her since 1990?"", ""source"": ""tatoeba"", ""source_id"": ""232897""}, {""japanese_raw"": ""私は自分が感じたことを言えるのが必要であることを知った。"", ""japanese_furigana"": ""<furigana>私は自分が感じたことを言えるのが必要であることを知った。</furigana>"", ""english"": ""I find it necessary to be able to say what I feel."", ""source"": ""tatoeba"", ""source_id"": ""156309""}]","{""level_map"": ""open-anki-jlpt-decks"", ""level_map_guid"": ""jmoS>4h`&Q"", ""dictionary"": ""JMdict"", ""dictionary_entry_id"": ""1420470"", ""dictionary_lookup_aliases"": [], ""examples"": ""JMdict sense-linked Tatoeba examples""}"
n5-vocab-0178,N5,178,406,"{""genki_lesson"": 7}","{""primary"": ""父"", ""variants"": [""父""], ""without_furigana"": ""父"", ""with_furigana"": ""{父}(ちち)"", ""lookup_text"": ""父""}","{""primary"": ""ちち"", ""variants"": [""ちち""], ""source_text"": ""ちち""}","[""(my) father""]","[{""code"": ""n"", ""label"": ""noun (common) (futsuumeishi)""}]",True,"[{""japanese_raw"": ""私の父は大の旅行好きです。"", ""japanese_furigana"": ""<furigana>私の父は大の旅行好きです。</furigana>"", ""english"": ""My father is a great traveler."", ""source"": ""tatoeba"", ""source_id"": ""162800""}]","{""level_map"": ""open-anki-jlpt-decks"", ""level_map_guid"": ""QKI#T(oT`t"", ""dictionary"": ""JMdict"", ""dictionary_entry_id"": ""1497610"", ""dictionary_lookup_aliases"": [], ""examples"": ""JMdict sense-linked Tatoeba examples""}"
n5-vocab-0179,N5,179,480,"{""genki_lesson"": 7}","{""primary"": ""長い"", ""variants"": [""長い""], ""without_furigana"": ""長い"", ""with_furigana"": ""{長}(なが)い"", ""lookup_text"": ""長い""}","{""primary"": ""ながい"", ""variants"": [""ながい""], ""source_text"": ""ながい""}","[""long"", ""lengthy""]","[{""code"": ""adj-i"", ""label"": ""adjective (keiyoushi)""}]",True,"[{""japanese_raw"": ""彼に長い手紙を書いた。"", ""japanese_furigana"": ""<furigana>彼に長い手紙を書いた。</furigana>"", ""english"": ""I wrote a long letter to him."", ""source"": ""tatoeba"", ""source_id"": ""118529""}, {""japanese_raw"": ""これは日本で２番目に長い川だ。"", ""japanese_furigana"": ""<furigana>これは日本で２番目に長い川だ。</furigana>"", ""english"": ""This is the second longest river in Japan."", ""source"": ""tatoeba"", ""source_id"": ""218166""}]","{""level_map"": ""open-anki-jlpt-decks"", ""level_map_guid"": ""EHO`14{d-("", ""dictionary"": ""JMdict"", ""dictionary_entry_id"": ""1429750"", ""dictionary_lookup_aliases"": [], ""examples"": ""JMdict sense-linked Tatoeba examples""}"
n5-vocab-0180,N5,180,524,"{""genki_lesson"": 7}","{""primary"": ""はく"", ""variants"": [""はく""], ""without_furigana"": ""はく"", ""with_furigana"": ""はく"", ""lookup_text"": ""はく""}","{""primary"": ""はく"", ""variants"": [""はく""], ""source_text"": ""はく""}","[""to put on (items below your waist)""]","[{""code"": ""v5k"", ""label"": ""Godan verb with 'ku' ending""}, {""code"": ""vt"", ""label"": ""transitive verb""}]",True,"[{""japanese_raw"": ""お前は床を掃きさえすればよい。"", ""japanese_furigana"": ""<furigana>お前は床を掃きさえすればよい。</furigana>"", ""english"": ""You have only to sweep the floor."", ""source"": ""tatoeba"", ""source_id"": ""226930""}]","{""level_map"": ""open-anki-jlpt-decks"", ""level_map_guid"": ""oRjJ`o{id)"", ""dictionary"": ""JMdict"", ""dictionary_entry_id"": ""1399760"", ""dictionary_lookup_aliases"": [], ""examples"": ""JMdict sense-linked Tatoeba examples""}"
n5-vocab-0181,N5,181,544,"{""genki_lesson"": 7}","{""primary"": ""速い"", ""variants"": [""速い""], ""without_furigana"": ""速い"", ""with_furigana"": ""{速}(はや)い"", ""lookup_text"": ""速い""}","{""primary"": ""はやい"", ""variants"": [""はやい""], ""source_text"": ""はやい""}","[""fast"", ""quick""]","[{""code"": ""adj-i"", ""label"": ""adjective (keiyoushi)""}]",True,"[{""japanese_raw"": ""子供は成長が早い。"", ""japanese_furigana"": ""<furigana>子供は成長が早い。</furigana>"", ""english"": ""Children grow very quickly."", ""source"": ""tatoeba"", ""source_id"": ""168525""}, {""japanese_raw"": ""あれは世界で最も速い電車です。"", ""japanese_furigana"": ""<furigana>あれは世界で最も速い電車です。</furigana>"", ""english"": ""That is the fastest train in the world."", ""source"": ""tatoeba"", ""source_id"": ""229691""}]","{""level_map"": ""open-anki-jlpt-decks"", ""level_map_guid"": ""pfU@DZ;h3^"", ""dictionary"": ""JMdict"", ""dictionary_entry_id"": ""1404975"", ""dictionary_lookup_aliases"": [], ""examples"": ""JMdict sense-linked Tatoeba examples""}"
n5-vocab-0182,N5,182,567,"{""genki_lesson"": 7}","{""primary"": ""一人"", ""variants"": [""一人""], ""without_furigana"": ""一人"", ""with_furigana"": ""{一人}(ひとり)"", ""lookup_text"": ""一人""}","{""primary"": ""ひとり"", ""variants"": [""ひとり""], ""source_text"": ""ひとり""}","[""one person""]","[{""code"": ""n"", ""label"": ""noun (common) (futsuumeishi)""}, {""code"": ""adv"", ""label"": ""adverb (fukushi)""}]",True,"[{""japanese_raw"": ""私は一人の弟がいます。"", ""japanese_furigana"": ""<furigana>私は一人の弟がいます。</furigana>"", ""english"": ""I have one brother."", ""source"": ""tatoeba"", ""source_id"": ""158458""}, {""japanese_raw"": ""彼はひとりになると即座にその手紙を開いた。"", ""japanese_furigana"": ""<furigana>彼はひとりになると即座にその手紙を開いた。</furigana>"", ""english"": ""The moment that he was alone he opened the letter."", ""source"": ""tatoeba"", ""source_id"": ""111122""}]","{""level_map"": ""open-anki-jlpt-decks"", ""level_map_guid"": ""rOUMQ8LZ5<"", ""dictionary"": ""JMdict"", ""dictionary_entry_id"": ""1576150"", ""dictionary_lookup_aliases"": [], ""examples"": ""JMdict sense-linked Tatoeba examples""}"
n5-vocab-0183,N5,183,584,"{""genki_lesson"": 7}","{""primary"": ""二人"", ""variants"": [""二人""], ""without_furigana"": ""二人"", ""with_furigana"": ""{二人}(ふたり)"", ""lookup_text"": ""二人""}","{""primary"": ""ふたり"", ""variants"": [""ふたり""], ""source_text"": ""ふたり""}","[""two people""]","[{""code"": ""n"", ""label"": ""noun (common) (futsuumeishi)""}]",True,"[{""japanese_raw"": ""二人の男は刑務所から釈放された。"", ""japanese_furigana"": ""<furigana>二人の男は刑務所から釈放された。</furigana>"", ""english"": ""The two men were released from jail."", ""source"": ""tatoeba"", ""source_id"": ""123087""}]","{""level_map"": ""open-anki-jlpt-decks"", ""level_map_guid"": ""yRF#3ntAGH"", ""dictionary"": ""JMdict"", ""dictionary_entry_id"": ""1582670"", ""dictionary_lookup_aliases"": [], ""examples"": ""JMdict sense-linked Tatoeba examples""}"
n5-vocab-0184,N5,184,637,"{""genki_lesson"": 7}","{""primary"": ""短い"", ""variants"": [""短い""], ""without_furigana"": ""短い"", ""with_furigana"": ""{短}(みじか)い"", ""lookup_text"": ""短い""}","{""primary"": ""みじかい"", ""variants"": [""みじかい""], ""source_text"": ""みじかい""}","[""short (length)""]","[{""code"": ""adj-i"", ""label"": ""adjective (keiyoushi)""}]",True,"[{""japanese_raw"": ""あの犬はしっぽが短い。"", ""japanese_furigana"": ""<furigana>あの犬はしっぽが短い。</furigana>"", ""english"": ""That dog has a short tail."", ""source"": ""tatoeba"", ""source_id"": ""231055""}, {""japanese_raw"": ""彼は私に短い手紙をくれた。"", ""japanese_furigana"": ""<furigana>彼は私に短い手紙をくれた。</furigana>"", ""english"": ""He sent me a brief note."", ""source"": ""tatoeba"", ""source_id"": ""106004""}]","{""level_map"": ""open-anki-jlpt-decks"", ""level_map_guid"": ""CoDv|eMw1>"", ""dictionary"": ""JMdict"", ""dictionary_entry_id"": ""1418620"", ""dictionary_lookup_aliases"": [], ""examples"": ""JMdict sense-linked Tatoeba examples""}"
n5-vocab-0185,N5,185,655,"{""genki_lesson"": 7}","{""primary"": ""目"", ""variants"": [""目""], ""without_furigana"": ""目"", ""with_furigana"": ""{目}(め)"", ""lookup_text"": ""目""}","{""primary"": ""め"", ""variants"": [""め""], ""source_text"": ""め""}","[""eye(s)""]","[{""code"": ""n"", ""label"": ""noun (common) (futsuumeishi)""}, {""code"": ""suf"", ""label"": ""suffix""}]",True,"[{""japanese_raw"": ""彼は崇拝の眼で彼女を眺めた。"", ""japanese_furigana"": ""<furigana>彼は崇拝の眼で彼女を眺めた。</furigana>"", ""english"": ""He regarded her with worship in his eyes."", ""source"": ""tatoeba"", ""source_id"": ""103471""}, {""japanese_raw"": ""彼女はきれいな目をしている。"", ""japanese_furigana"": ""<furigana>彼女はきれいな目をしている。</furigana>"", ""english"": ""She has beautiful eyes."", ""source"": ""tatoeba"", ""source_id"": ""92969""}]","{""level_map"": ""open-anki-jlpt-decks"", ""level_map_guid"": ""dhfW}%pIM+"", ""dictionary"": ""JMdict"", ""dictionary_entry_id"": ""1604890"", ""dictionary_lookup_aliases"": [], ""examples"": ""JMdict sense-linked Tatoeba examples""}"
n5-vocab-0186,N5,186,657,"{""genki_lesson"": 7}","{""primary"": ""眼鏡"", ""variants"": [""眼鏡""], ""without_furigana"": ""眼鏡"", ""with_furigana"": ""{眼鏡}(めがね)"", ""lookup_text"": ""眼鏡""}","{""primary"": ""めがね"", ""variants"": [""めがね""], ""source_text"": ""めがね""}","[""eye glasses""]","[{""code"": ""n"", ""label"": ""noun (common) (futsuumeishi)""}]",True,"[{""japanese_raw"": ""私はメガネがなくては読めない。"", ""japanese_furigana"": ""<furigana>私はメガネがなくては読めない。</furigana>"", ""english"": ""I cannot read without glasses."", ""source"": ""tatoeba"", ""source_id"": ""158805""}]","{""level_map"": ""open-anki-jlpt-decks"", ""level_map_guid"": ""OGc^3PJcd3"", ""dictionary"": ""JMdict"", ""dictionary_entry_id"": ""1577670"", ""dictionary_lookup_aliases"": [], ""examples"": ""JMdict sense-linked Tatoeba examples""}"
n5-vocab-0187,N5,187,37,"{""genki_lesson"": 8}","{""primary"": ""雨"", ""variants"": [""雨""], ""without_furigana"": ""雨"", ""with_furigana"": ""{雨}(あめ)"", ""lookup_text"": ""雨""}","{""primary"": ""あめ"", ""variants"": [""あめ""], ""source_text"": ""あめ""}","[""rain""]","[{""code"": ""n"", ""label"": ""noun (common) (futsuumeishi)""}]",True,"[{""japanese_raw"": ""雨のために彼らは気力をそがれた。"", ""japanese_furigana"": ""<furigana>雨のために彼らは気力をそがれた。</furigana>"", ""english"": ""The rain dampened their spirits."", ""source"": ""tatoeba"", ""source_id"": ""189587""}]","{""level_map"": ""open-anki-jlpt-decks"", ""level_map_guid"": ""PaXlv})<8_"", ""dictionary"": ""JMdict"", ""dictionary_entry_id"": ""1171900"", ""dictionary_lookup_aliases"": [], ""examples"": ""JMdict sense-linked Tatoeba examples""}"
n5-vocab-0188,N5,188,39,"{""genki_lesson"": 8}","{""primary"": ""洗う"", ""variants"": [""洗う""], ""without_furigana"": ""洗う"", ""with_furigana"": ""{洗}(あら)う"", ""lookup_text"": ""洗う""}","{""primary"": ""あらう"", ""variants"": [""あらう""], ""source_text"": ""あらう""}","[""to wash""]","[{""code"": ""v5u"", ""label"": ""Godan verb with 'u' ending""}, {""code"": ""vt"", ""label"": ""transitive verb""}]",True,"[{""japanese_raw"": ""そのバッグを洗うときは洗濯機に入れないでください。"", ""japanese_furigana"": ""<furigana>そのバッグを洗うときは洗濯機に入れないでください。</furigana>"", ""english"": ""When you wash the bag, please do not put it in the washing machine."", ""source"": ""tatoeba"", ""source_id"": ""212725""}]","{""level_map"": ""open-anki-jlpt-decks"", ""level_map_guid"": ""H=[cc$xhzR"", ""dictionary"": ""JMdict"", ""dictionary_entry_id"": ""1390930"", ""dictionary_lookup_aliases"": [], ""examples"": ""JMdict sense-linked Tatoeba examples""}"
n5-vocab-0189,N5,189,46,"{""genki_lesson"": 8}","{""primary"": ""言う"", ""variants"": [""言う""], ""without_furigana"": ""言う"", ""with_furigana"": ""{言}(い)う"", ""lookup_text"": ""言う""}","{""primary"": ""いう"", ""variants"": [""いう""], ""source_text"": ""いう""}","[""to say""]","[{""code"": ""v5u"", ""label"": ""Godan verb with 'u' ending""}, {""code"": ""vt"", ""label"": ""transitive verb""}, {""code"": ""vi"", ""label"": ""intransitive verb""}]",True,"[{""japanese_raw"": ""この動物は日本語で何と言いますか。"", ""japanese_furigana"": ""<furigana>この動物は日本語で何と言いますか。</furigana>"", ""english"": ""What do you call this animal in Japanese?"", ""source"": ""tatoeba"", ""source_id"": ""220315""}, {""japanese_raw"": ""「みんなひと休みしようぜ」とジョンは言った。"", ""japanese_furigana"": ""<furigana>「みんなひと休みしようぜ」とジョンは言った。</furigana>"", ""english"": ""John said, \""Hey guys, let's take a break.\"""", ""source"": ""tatoeba"", ""source_id"": ""236431""}]","{""level_map"": ""open-anki-jlpt-decks"", ""level_map_guid"": ""iurNhMLEpv"", ""dictionary"": ""JMdict"", ""dictionary_entry_id"": ""1587040"", ""dictionary_lookup_aliases"": [], ""examples"": ""JMdict sense-linked Tatoeba examples""}"
n5-vocab-0190,N5,190,176,"{""genki_lesson"": 8}","{""primary"": ""カメラ"", ""variants"": [""カメラ""], ""without_furigana"": ""カメラ"", ""with_furigana"": ""カメラ"", ""lookup_text"": ""カメラ""}","{""primary"": ""カメラ"", ""variants"": [""カメラ""], ""source_text"": ""カメラ""}","[""camera""]","[{""code"": ""n"", ""label"": ""noun (common) (futsuumeishi)""}]",True,"[{""japanese_raw"": ""おじさんがぼくにカメラをくれました。"", ""japanese_furigana"": ""<furigana>おじさんがぼくにカメラをくれました。</furigana>"", ""english"": ""My uncle gave me a camera."", ""source"": ""tatoeba"", ""source_id"": ""227734""}]","{""level_map"": ""open-anki-jlpt-decks"", ""level_map_guid"": ""m@gkXGnk1!"", ""dictionary"": ""JMdict"", ""dictionary_entry_id"": ""1038350"", ""dictionary_lookup_aliases"": [], ""examples"": ""JMdict sense-linked Tatoeba examples""}"
n5-vocab-0191,N5,191,209,"{""genki_lesson"": 8}","{""primary"": ""切る"", ""variants"": [""切る""], ""without_furigana"": ""切る"", ""with_furigana"": ""{切}(き)る"", ""lookup_text"": ""切る""}","{""primary"": ""きる"", ""variants"": [""きる""], ""source_text"": ""きる""}","[""to cut"", ""to hang up (a phone)""]","[{""code"": ""v5r"", ""label"": ""Godan verb with 'ru' ending""}, {""code"": ""vt"", ""label"": ""transitive verb""}, {""code"": ""suf"", ""label"": ""suffix""}]",True,"[{""japanese_raw"": ""２．大根は拍子木に切る。"", ""japanese_furigana"": ""<furigana>２．大根は拍子木に切る。</furigana>"", ""english"": ""2. Cut the daikon into long sticks."", ""source"": ""tatoeba"", ""source_id"": ""235603""}, {""japanese_raw"": ""トランプをよく切ってください。"", ""japanese_furigana"": ""<furigana>トランプをよく切ってください。</furigana>"", ""english"": ""Please shuffle the cards carefully."", ""source"": ""tatoeba"", ""source_id"": ""199708""}]","{""level_map"": ""open-anki-jlpt-decks"", ""level_map_guid"": ""A;e]B2v]77"", ""dictionary"": ""JMdict"", ""dictionary_entry_id"": ""1384830"", ""dictionary_lookup_aliases"": [], ""examples"": ""JMdict sense-linked Tatoeba examples""}"
n5-vocab-0192,N5,192,235,"{""genki_lesson"": 8}","{""primary"": ""今朝"", ""variants"": [""今朝""], ""without_furigana"": ""今朝"", ""with_furigana"": ""{今朝}(けさ)"", ""lookup_text"": ""今朝""}","{""primary"": ""けさ"", ""variants"": [""けさ""], ""source_text"": ""けさ""}","[""this morning""]","[{""code"": ""n"", ""label"": ""noun (common) (futsuumeishi)""}, {""code"": ""adv"", ""label"": ""adverb (fukushi)""}]",True,"[{""japanese_raw"": ""今朝はとても寒かった。"", ""japanese_furigana"": ""<furigana>今朝はとても寒かった。</furigana>"", ""english"": ""It was very cold this morning."", ""source"": ""tatoeba"", ""source_id"": ""172291""}]","{""level_map"": ""open-anki-jlpt-decks"", ""level_map_guid"": ""Ojh!YT%>_O"", ""dictionary"": ""JMdict"", ""dictionary_entry_id"": ""1579100"", ""dictionary_lookup_aliases"": [], ""examples"": ""JMdict sense-linked Tatoeba examples""}"
n5-vocab-0193,N5,193,270,"{""genki_lesson"": 8}","{""primary"": ""今月"", ""variants"": [""今月""], ""without_furigana"": ""今月"", ""with_furigana"": ""{今月}(こんげつ)"", ""lookup_text"": ""今月""}","{""primary"": ""こんげつ"", ""variants"": [""こんげつ""], ""source_text"": ""こんげつ""}","[""this month""]","[{""code"": ""n"", ""label"": ""noun (common) (futsuumeishi)""}, {""code"": ""adv"", ""label"": ""adverb (fukushi)""}]",True,"[{""japanese_raw"": ""今月の売り上げはよくない。"", ""japanese_furigana"": ""<furigana>今月の売り上げはよくない。</furigana>"", ""english"": ""Sales have been off this month."", ""source"": ""tatoeba"", ""source_id"": ""172460""}]","{""level_map"": ""open-anki-jlpt-decks"", ""level_map_guid"": ""m1R02~~j["", ""dictionary"": ""JMdict"", ""dictionary_entry_id"": ""1289100"", ""dictionary_lookup_aliases"": [], ""examples"": ""JMdict sense-linked Tatoeba examples""}"
n5-vocab-0194,N5,194,418,"{""genki_lesson"": 8}","{""primary"": ""作る"", ""variants"": [""作る""], ""without_furigana"": ""作る"", ""with_furigana"": ""{作}(つく)る"", ""lookup_text"": ""作る""}","{""primary"": ""つくる"", ""variants"": [""つくる""], ""source_text"": ""つくる""}","[""to make"", ""to create""]","[{""code"": ""v5r"", ""label"": ""Godan verb with 'ru' ending""}, {""code"": ""vt"", ""label"": ""transitive verb""}]",True,"[{""japanese_raw"": ""例外は作るべきではないと思います。"", ""japanese_furigana"": ""<furigana>例外は作るべきではないと思います。</furigana>"", ""english"": ""I insist that exceptions not be made."", ""source"": ""tatoeba"", ""source_id"": ""77679""}, {""japanese_raw"": ""たまごを割らずにオムレツは作れない。"", ""japanese_furigana"": ""<furigana>たまごを割らずにオムレツは作れない。</furigana>"", ""english"": ""You can't make an omelet without breaking eggs."", ""source"": ""tatoeba"", ""source_id"": ""203324""}]","{""level_map"": ""open-anki-jlpt-decks"", ""level_map_guid"": ""dlanfH_M#M"", ""dictionary"": ""JMdict"", ""dictionary_entry_id"": ""1597890"", ""dictionary_lookup_aliases"": [], ""examples"": ""JMdict sense-linked Tatoeba examples""}"
n5-vocab-0195,N5,195,458,"{""genki_lesson"": 8}","{""primary"": ""所"", ""variants"": [""所""], ""without_furigana"": ""所"", ""with_furigana"": ""{所}(ところ)"", ""lookup_text"": ""所""}","{""primary"": ""ところ"", ""variants"": [""ところ""], ""source_text"": ""ところ""}","[""place""]","[{""code"": ""n"", ""label"": ""noun (common) (futsuumeishi)""}, {""code"": ""adv"", ""label"": ""adverb (fukushi)""}, {""code"": ""suf"", ""label"": ""suffix""}]",True,"[{""japanese_raw"": ""驚かない所をみると知ってたのね。"", ""japanese_furigana"": ""<furigana>驚かない所をみると知ってたのね。</furigana>"", ""english"": ""Seeing that you're not surprised, I think you must have known."", ""source"": ""tatoeba"", ""source_id"": ""4988""}, {""japanese_raw"": ""あっ、いけない！忘れるところだった！"", ""japanese_furigana"": ""<furigana>あっ、いけない！忘れるところだった！</furigana>"", ""english"": ""Oh, no! I almost forgot!"", ""source"": ""tatoeba"", ""source_id"": ""234348""}]","{""level_map"": ""open-anki-jlpt-decks"", ""level_map_guid"": ""J`^6YmuA-0"", ""dictionary"": ""JMdict"", ""dictionary_entry_id"": ""1343100"", ""dictionary_lookup_aliases"": [], ""examples"": ""JMdict sense-linked Tatoeba examples""}"
n5-vocab-0196,N5,196,484,"{""genki_lesson"": 8}","{""primary"": ""夏"", ""variants"": [""夏""], ""without_furigana"": ""夏"", ""with_furigana"": ""{夏}(なつ)"", ""lookup_text"": ""夏""}","{""primary"": ""なつ"", ""variants"": [""なつ""], ""source_text"": ""なつ""}","[""summer""]","[{""code"": ""n"", ""label"": ""noun (common) (futsuumeishi)""}, {""code"": ""adv"", ""label"": ""adverb (fukushi)""}]",True,"[{""japanese_raw"": ""この夏最高の暑さだ。"", ""japanese_furigana"": ""<furigana>この夏最高の暑さだ。</furigana>"", ""english"": ""It is the hottest this summer."", ""source"": ""tatoeba"", ""source_id"": ""222850""}]","{""level_map"": ""open-anki-jlpt-decks"", ""level_map_guid"": ""P,[b8Eh|6R"", ""dictionary"": ""JMdict"", ""dictionary_entry_id"": ""1191320"", ""dictionary_lookup_aliases"": [], ""examples"": ""JMdict sense-linked Tatoeba examples""}"
n5-vocab-0197,N5,197,518,"{""genki_lesson"": 8}","{""primary"": ""パーティー"", ""variants"": [""パーティー""], ""without_furigana"": ""パーティー"", ""with_furigana"": ""パーティー"", ""lookup_text"": ""パーティー""}","{""primary"": ""パーティー"", ""variants"": [""パーティー""], ""source_text"": ""パーティー""}","[""a party""]","[{""code"": ""n"", ""label"": ""noun (common) (futsuumeishi)""}]",True,"[{""japanese_raw"": ""パーティーでは誰がホストを勤めるのですか。"", ""japanese_furigana"": ""<furigana>パーティーでは誰がホストを勤めるのですか。</furigana>"", ""english"": ""Who will host the party?"", ""source"": ""tatoeba"", ""source_id"": ""198514""}]","{""level_map"": ""open-anki-jlpt-decks"", ""level_map_guid"": ""O}o_r|!syk"", ""dictionary"": ""JMdict"", ""dictionary_entry_id"": ""1100760"", ""dictionary_lookup_aliases"": [], ""examples"": ""JMdict sense-linked Tatoeba examples""}"
n5-vocab-0198,N5,198,527,"{""genki_lesson"": 8}","{""primary"": ""箸"", ""variants"": [""箸""], ""without_furigana"": ""箸"", ""with_furigana"": ""{箸}(はし)"", ""lookup_text"": ""箸""}","{""primary"": ""はし"", ""variants"": [""はし""], ""source_text"": ""はし""}","[""chopsticks""]","[{""code"": ""n"", ""label"": ""noun (common) (futsuumeishi)""}]",True,"[{""japanese_raw"": ""私達はじっと押し黙っておはしを使って食事をした。"", ""japanese_furigana"": ""<furigana>私達はじっと押し黙っておはしを使って食事をした。</furigana>"", ""english"": ""We ate with chopsticks in restrained silence."", ""source"": ""tatoeba"", ""source_id"": ""151817""}]","{""level_map"": ""open-anki-jlpt-decks"", ""level_map_guid"": ""vlWz[4OAnE"", ""dictionary"": ""JMdict"", ""dictionary_entry_id"": ""1476410"", ""dictionary_lookup_aliases"": [], ""examples"": ""JMdict sense-linked Tatoeba examples""}"
n5-vocab-0199,N5,199,587,"{""genki_lesson"": 8}","{""primary"": ""冬"", ""variants"": [""冬""], ""without_furigana"": ""冬"", ""with_furigana"": ""{冬}(ふゆ)"", ""lookup_text"": ""冬""}","{""primary"": ""ふゆ"", ""variants"": [""ふゆ""], ""source_text"": ""ふゆ""}","[""winter""]","[{""code"": ""n"", ""label"": ""noun (common) (futsuumeishi)""}, {""code"": ""adv"", ""label"": ""adverb (fukushi)""}]",True,"[{""japanese_raw"": ""まもなく冬だ。"", ""japanese_furigana"": ""<furigana>まもなく冬だ。</furigana>"", ""english"": ""It will be winter before long."", ""source"": ""tatoeba"", ""source_id"": ""195261""}]","{""level_map"": ""open-anki-jlpt-decks"", ""level_map_guid"": ""reZ;<Y^{LL"", ""dictionary"": ""JMdict"", ""dictionary_entry_id"": ""1446070"", ""dictionary_lookup_aliases"": [], ""examples"": ""JMdict sense-linked Tatoeba examples""}"
n5-vocab-0200,N5,200,617,"{""genki_lesson"": 8}","{""primary"": ""毎週"", ""variants"": [""毎週""], ""without_furigana"": ""毎週"", ""with_furigana"": ""{毎週}(まいしゅう)"", ""lookup_text"": ""毎週""}","{""primary"": ""まいしゅう"", ""variants"": [""まいしゅう""], ""source_text"": ""まいしゅう""}","[""every week""]","[{""code"": ""n"", ""label"": ""noun (common) (futsuumeishi)""}, {""code"": ""adv"", ""label"": ""adverb (fukushi)""}]",True,"[{""japanese_raw"": ""彼らは毎週日曜日に教会へ行く。"", ""japanese_furigana"": ""<furigana>彼らは毎週日曜日に教会へ行く。</furigana>"", ""english"": ""They go to church every Sunday."", ""source"": ""tatoeba"", ""source_id"": ""96141""}]","{""level_map"": ""open-anki-jlpt-decks"", ""level_map_guid"": ""Lp7~a9~`1G"", ""dictionary"": ""JMdict"", ""dictionary_entry_id"": ""1524690"", ""dictionary_lookup_aliases"": [], ""examples"": ""JMdict sense-linked Tatoeba examples""}"
n5-vocab-0201,N5,201,693,"{""genki_lesson"": 8}","{""primary"": ""来月"", ""variants"": [""来月""], ""without_furigana"": ""来月"", ""with_furigana"": ""{来月}(らいげつ)"", ""lookup_text"": ""来月""}","{""primary"": ""らいげつ"", ""variants"": [""らいげつ""], ""source_text"": ""らいげつ""}","[""next month""]","[{""code"": ""n"", ""label"": ""noun (common) (futsuumeishi)""}, {""code"": ""adv"", ""label"": ""adverb (fukushi)""}]",True,"[{""japanese_raw"": ""来月フランスの大統領が来日する予定だ。"", ""japanese_furigana"": ""<furigana>来月フランスの大統領が来日する予定だ。</furigana>"", ""english"": ""The French president is to visit Japan next month."", ""source"": ""tatoeba"", ""source_id"": ""78680""}]","{""level_map"": ""open-anki-jlpt-decks"", ""level_map_guid"": ""O/Q*jP:8c|"", ""dictionary"": ""JMdict"", ""dictionary_entry_id"": ""1547900"", ""dictionary_lookup_aliases"": [], ""examples"": ""JMdict sense-linked Tatoeba examples""}"
n5-vocab-0202,N5,202,4,"{""genki_lesson"": 9}","{""primary"": ""青い"", ""variants"": [""青い""], ""without_furigana"": ""青い"", ""with_furigana"": ""{青}(あお)い"", ""lookup_text"": ""青い""}","{""primary"": ""あおい"", ""variants"": [""あおい""], ""source_text"": ""あおい""}","[""blue""]","[{""code"": ""adj-i"", ""label"": ""adjective (keiyoushi)""}]",True,"[{""japanese_raw"": ""お前はまだ「青い」な。"", ""japanese_furigana"": ""<furigana>お前はまだ「青い」な。</furigana>"", ""english"": ""You're still green."", ""source"": ""tatoeba"", ""source_id"": ""226939""}, {""japanese_raw"": ""なぜ空が青いか知っているか。"", ""japanese_furigana"": ""<furigana>なぜ空が青いか知っているか。</furigana>"", ""english"": ""Do you know why the sky is blue?"", ""source"": ""tatoeba"", ""source_id"": ""199202""}]","{""level_map"": ""open-anki-jlpt-decks"", ""level_map_guid"": ""q(A)lc.Kr8"", ""dictionary"": ""JMdict"", ""dictionary_entry_id"": ""1381390"", ""dictionary_lookup_aliases"": [], ""examples"": ""JMdict sense-linked Tatoeba examples""}"
n5-vocab-0203,N5,203,6,"{""genki_lesson"": 9}","{""primary"": ""赤い"", ""variants"": [""赤い""], ""without_furigana"": ""赤い"", ""with_furigana"": ""{赤}(あか)い"", ""lookup_text"": ""赤い""}","{""primary"": ""あかい"", ""variants"": [""あかい""], ""source_text"": ""あかい""}","[""red""]","[{""code"": ""adj-i"", ""label"": ""adjective (keiyoushi)""}]",True,"[{""japanese_raw"": ""彼女は赤いスカートをはいていた。"", ""japanese_furigana"": ""<furigana>彼女は赤いスカートをはいていた。</furigana>"", ""english"": ""She was wearing a red skirt."", ""source"": ""tatoeba"", ""source_id"": ""88306""}]","{""level_map"": ""open-anki-jlpt-decks"", ""level_map_guid"": ""D`aKGX2j!#"", ""dictionary"": ""JMdict"", ""dictionary_entry_id"": ""1383240"", ""dictionary_lookup_aliases"": [], ""examples"": ""JMdict sense-linked Tatoeba examples""}"
n5-vocab-0204,N5,204,63,"{""genki_lesson"": 9}","{""primary"": ""五つ"", ""variants"": [""五つ""], ""without_furigana"": ""五つ"", ""with_furigana"": ""<furigana>五つ</furigana>"", ""lookup_text"": ""五つ""}","{""primary"": ""いつつ"", ""variants"": [""いつつ""], ""source_text"": ""いつつ""}","[""five things""]","[{""code"": ""num"", ""label"": ""numeric""}, {""code"": ""n"", ""label"": ""noun (common) (futsuumeishi)""}]",True,"[{""japanese_raw"": ""この箱にはリンゴが五つ入っている。"", ""japanese_furigana"": ""<furigana>この箱にはリンゴが五つ入っている。</furigana>"", ""english"": ""This box contains five apples."", ""source"": ""tatoeba"", ""source_id"": ""220200""}]","{""level_map"": ""open-anki-jlpt-decks"", ""level_map_guid"": ""Q!*H:Q_rHO"", ""dictionary"": ""JMdict"", ""dictionary_entry_id"": ""1268070"", ""dictionary_lookup_aliases"": [], ""examples"": ""JMdict sense-linked Tatoeba examples""}"
n5-vocab-0205,N5,205,74,"{""genki_lesson"": 9}","{""primary"": ""色"", ""variants"": [""色""], ""without_furigana"": ""色"", ""with_furigana"": ""{色}(いろ)"", ""lookup_text"": ""色""}","{""primary"": ""いろ"", ""variants"": [""いろ""], ""source_text"": ""いろ""}","[""color""]","[{""code"": ""n"", ""label"": ""noun (common) (futsuumeishi)""}]",True,"[{""japanese_raw"": ""満足の色が彼の顔に浮かんだ。"", ""japanese_furigana"": ""<furigana>満足の色が彼の顔に浮かんだ。</furigana>"", ""english"": ""A look of contentment appeared on his face."", ""source"": ""tatoeba"", ""source_id"": ""81073""}, {""japanese_raw"": ""その色は彼女の髪の毛とよく合った。"", ""japanese_furigana"": ""<furigana>その色は彼女の髪の毛とよく合った。</furigana>"", ""english"": ""The color went beautifully with her hair."", ""source"": ""tatoeba"", ""source_id"": ""208887""}]","{""level_map"": ""open-anki-jlpt-decks"", ""level_map_guid"": ""Epa;v6=%P,"", ""dictionary"": ""JMdict"", ""dictionary_entry_id"": ""1357600"", ""dictionary_lookup_aliases"": [], ""examples"": ""JMdict sense-linked Tatoeba examples""}"
n5-vocab-0206,N5,206,131,"{""genki_lesson"": 9}","{""primary"": ""お弁当"", ""variants"": [""お弁当""], ""without_furigana"": ""お弁当"", ""with_furigana"": ""お{弁当}(べんとう)"", ""lookup_text"": ""お弁当""}","{""primary"": ""おべんとう"", ""variants"": [""おべんとう""], ""source_text"": ""おべんとう""}","[""a boxed lunch""]","[{""code"": ""n"", ""label"": ""noun (common) (futsuumeishi)""}]",True,"[{""japanese_raw"": ""彼は今日、お弁当を持って来た。"", ""japanese_furigana"": ""<furigana>彼は今日、お弁当を持って来た。</furigana>"", ""english"": ""He brought his lunch today."", ""source"": ""tatoeba"", ""source_id"": ""107100""}]","{""level_map"": ""open-anki-jlpt-decks"", ""level_map_guid"": ""ou=Mxez95b"", ""dictionary"": ""JMdict"", ""dictionary_entry_id"": ""1513065"", ""dictionary_lookup_aliases"": [], ""examples"": ""JMdict sense-linked Tatoeba examples""}"
n5-vocab-0207,N5,207,195,"{""genki_lesson"": 9}","{""primary"": ""ギター"", ""variants"": [""ギター""], ""without_furigana"": ""ギター"", ""with_furigana"": ""ギター"", ""lookup_text"": ""ギター""}","{""primary"": ""ギター"", ""variants"": [""ギター""], ""source_text"": ""ギター""}","[""guitar""]","[{""code"": ""n"", ""label"": ""noun (common) (futsuumeishi)""}]",True,"[{""japanese_raw"": ""私は彼にギターを弾いてもらいたい。"", ""japanese_furigana"": ""<furigana>私は彼にギターを弾いてもらいたい。</furigana>"", ""english"": ""I want him to play the guitar."", ""source"": ""tatoeba"", ""source_id"": ""154265""}]","{""level_map"": ""open-anki-jlpt-decks"", ""level_map_guid"": ""gl.RMMgxvn"", ""dictionary"": ""JMdict"", ""dictionary_entry_id"": ""1042820"", ""dictionary_lookup_aliases"": [], ""examples"": ""JMdict sense-linked Tatoeba examples""}"
n5-vocab-0208,N5,208,217,"{""genki_lesson"": 9}","{""primary"": ""薬"", ""variants"": [""薬""], ""without_furigana"": ""薬"", ""with_furigana"": ""{薬}(くすり)"", ""lookup_text"": ""薬""}","{""primary"": ""くすり"", ""variants"": [""くすり""], ""source_text"": ""くすり""}","[""medicine""]","[{""code"": ""n"", ""label"": ""noun (common) (futsuumeishi)""}]",True,"[{""japanese_raw"": ""この薬はごきぶりを退治するのに効果的だ。"", ""japanese_furigana"": ""<furigana>この薬はごきぶりを退治するのに効果的だ。</furigana>"", ""english"": ""This poison is very effective in getting rid of roaches."", ""source"": ""tatoeba"", ""source_id"": ""219297""}, {""japanese_raw"": ""この薬を飲めば、あなたは頭痛が治るでしょう。"", ""japanese_furigana"": ""<furigana>この薬を飲めば、あなたは頭痛が治るでしょう。</furigana>"", ""english"": ""The medicine will cure your headache."", ""source"": ""tatoeba"", ""source_id"": ""219263""}]","{""level_map"": ""open-anki-jlpt-decks"", ""level_map_guid"": ""e<qA>@afcN"", ""dictionary"": ""JMdict"", ""dictionary_entry_id"": ""1538160"", ""dictionary_lookup_aliases"": [], ""examples"": ""JMdict sense-linked Tatoeba examples""}"
n5-vocab-0209,N5,209,233,"{""genki_lesson"": 9}","{""primary"": ""黒い"", ""variants"": [""黒い""], ""without_furigana"": ""黒い"", ""with_furigana"": ""{黒}(くろ)い"", ""lookup_text"": ""黒い""}","{""primary"": ""くろい"", ""variants"": [""くろい""], ""source_text"": ""くろい""}","[""black"", ""dark""]","[{""code"": ""adj-i"", ""label"": ""adjective (keiyoushi)""}]",True,"[{""japanese_raw"": ""州知事は黒い金に手をつけました。"", ""japanese_furigana"": ""<furigana>州知事は黒い金に手をつけました。</furigana>"", ""english"": ""The governor took the money out of a slush fund."", ""source"": ""tatoeba"", ""source_id"": ""148233""}, {""japanese_raw"": ""ナンシーはヘレンよりもほんのすこし色が黒い。"", ""japanese_furigana"": ""<furigana>ナンシーはヘレンよりもほんのすこし色が黒い。</furigana>"", ""english"": ""Nancy is a shade darker than Helen."", ""source"": ""tatoeba"", ""source_id"": ""198990""}]","{""level_map"": ""open-anki-jlpt-decks"", ""level_map_guid"": ""y`TB7E}KvC"", ""dictionary"": ""JMdict"", ""dictionary_entry_id"": ""1287420"", ""dictionary_lookup_aliases"": [], ""examples"": ""JMdict sense-linked Tatoeba examples""}"
n5-vocab-0210,N5,210,255,"{""genki_lesson"": 9}","{""primary"": ""九つ"", ""variants"": [""九つ""], ""without_furigana"": ""九つ"", ""with_furigana"": ""{九}(ここの)つ"", ""lookup_text"": ""九つ""}","{""primary"": ""ここのつ"", ""variants"": [""ここのつ""], ""source_text"": ""ここのつ""}","[""nine things""]","[{""code"": ""num"", ""label"": ""numeric""}, {""code"": ""n"", ""label"": ""noun (common) (futsuumeishi)""}]",True,"[{""japanese_raw"": ""太陽をまわる惑星は９つもあり、地球もその１つである。"", ""japanese_furigana"": ""<furigana>太陽をまわる惑星は９つもあり、地球もその１つである。</furigana>"", ""english"": ""There are nine planets travelling around the sun, the earth being one of them."", ""source"": ""tatoeba"", ""source_id"": ""138073""}]","{""level_map"": ""open-anki-jlpt-decks"", ""level_map_guid"": ""DvF}1X8pH="", ""dictionary"": ""JMdict"", ""dictionary_entry_id"": ""1243600"", ""dictionary_lookup_aliases"": [], ""examples"": ""JMdict sense-linked Tatoeba examples""}"
n5-vocab-0211,N5,211,280,"{""genki_lesson"": 9}","{""primary"": ""作文"", ""variants"": [""作文""], ""without_furigana"": ""作文"", ""with_furigana"": ""{作文}(さくぶん)"", ""lookup_text"": ""作文""}","{""primary"": ""さくぶん"", ""variants"": [""さくぶん""], ""source_text"": ""さくぶん""}","[""essay"", ""composition""]","[{""code"": ""n"", ""label"": ""noun (common) (futsuumeishi)""}, {""code"": ""vs"", ""label"": ""noun or participle which takes the aux. verb suru""}, {""code"": ""vi"", ""label"": ""intransitive verb""}]",True,"[{""japanese_raw"": ""「友情」という題で作文を書きなさい。"", ""japanese_furigana"": ""<furigana>「友情」という題で作文を書きなさい。</furigana>"", ""english"": ""Write an essay on \""Friendship\""."", ""source"": ""tatoeba"", ""source_id"": ""236141""}]","{""level_map"": ""open-anki-jlpt-decks"", ""level_map_guid"": ""fOn$od$Eoc"", ""dictionary"": ""JMdict"", ""dictionary_entry_id"": ""1297960"", ""dictionary_lookup_aliases"": [], ""examples"": ""JMdict sense-linked Tatoeba examples""}"
n5-vocab-0212,N5,212,325,"{""genki_lesson"": 9}","{""primary"": ""白い"", ""variants"": [""白い""], ""without_furigana"": ""白い"", ""with_furigana"": ""{白}(しろ)い"", ""lookup_text"": ""白い""}","{""primary"": ""しろい"", ""variants"": [""しろい""], ""source_text"": ""しろい""}","[""white""]","[{""code"": ""adj-i"", ""label"": ""adjective (keiyoushi)""}]",True,"[{""japanese_raw"": ""ケンは自転車を白く塗りました。"", ""japanese_furigana"": ""<furigana>ケンは自転車を白く塗りました。</furigana>"", ""english"": ""Ken painted his bicycle white."", ""source"": ""tatoeba"", ""source_id"": ""225128""}]","{""level_map"": ""open-anki-jlpt-decks"", ""level_map_guid"": ""yL-#%FMe~@"", ""dictionary"": ""JMdict"", ""dictionary_entry_id"": ""1474910"", ""dictionary_lookup_aliases"": [], ""examples"": ""JMdict sense-linked Tatoeba examples""}"
n5-vocab-0213,N5,213,353,"{""genki_lesson"": 9}","{""primary"": ""先月"", ""variants"": [""先月""], ""without_furigana"": ""先月"", ""with_furigana"": ""{先月}(せんげつ)"", ""lookup_text"": ""先月""}","{""primary"": ""せんげつ"", ""variants"": [""せんげつ""], ""source_text"": ""せんげつ""}","[""last month""]","[{""code"": ""n"", ""label"": ""noun (common) (futsuumeishi)""}, {""code"": ""adv"", ""label"": ""adverb (fukushi)""}]",True,"[{""japanese_raw"": ""先月は、ほとんど雨が降らなかった。"", ""japanese_furigana"": ""<furigana>先月は、ほとんど雨が降らなかった。</furigana>"", ""english"": ""We had little rain last month."", ""source"": ""tatoeba"", ""source_id"": ""141880""}]","{""level_map"": ""open-anki-jlpt-decks"", ""level_map_guid"": ""RcD!zS6[>I"", ""dictionary"": ""JMdict"", ""dictionary_entry_id"": ""1387500"", ""dictionary_lookup_aliases"": [], ""examples"": ""JMdict sense-linked Tatoeba examples""}"
n5-vocab-0214,N5,214,451,"{""genki_lesson"": 9}","{""primary"": ""十"", ""variants"": [""十""], ""without_furigana"": ""十"", ""with_furigana"": ""{十}(とお)"", ""lookup_text"": ""十""}","{""primary"": ""とお"", ""variants"": [""とお""], ""source_text"": ""(〜を) とお""}","[""ten (~)""]","[{""code"": ""num"", ""label"": ""numeric""}, {""code"": ""n"", ""label"": ""noun (common) (futsuumeishi)""}]",True,[],"{""level_map"": ""open-anki-jlpt-decks"", ""level_map_guid"": ""BjWdBTc)9!"", ""dictionary"": ""JMdict"", ""dictionary_entry_id"": ""1579840"", ""dictionary_lookup_aliases"": [], ""examples"": ""JMdict sense-linked Tatoeba examples""}"
n5-vocab-0215,N5,215,487,"{""genki_lesson"": 9}","{""primary"": ""七つ"", ""variants"": [""七つ""], ""without_furigana"": ""七つ"", ""with_furigana"": ""{七}(なな)つ"", ""lookup_text"": ""七つ""}","{""primary"": ""ななつ"", ""variants"": [""ななつ""], ""source_text"": ""ななつ""}","[""seven things""]","[{""code"": ""num"", ""label"": ""numeric""}, {""code"": ""n"", ""label"": ""noun (common) (futsuumeishi)""}]",True,"[{""japanese_raw"": ""海賊たちは７つの海を航海した。"", ""japanese_furigana"": ""<furigana>海賊たちは７つの海を航海した。</furigana>"", ""english"": ""The pirates sailed the seven seas."", ""source"": ""tatoeba"", ""source_id"": ""185031""}]","{""level_map"": ""open-anki-jlpt-decks"", ""level_map_guid"": ""G25u:w`9Xu"", ""dictionary"": ""JMdict"", ""dictionary_entry_id"": ""1319220"", ""dictionary_lookup_aliases"": [], ""examples"": ""JMdict sense-linked Tatoeba examples""}"
n5-vocab-0216,N5,216,528,"{""genki_lesson"": 9}","{""primary"": ""始まる"", ""variants"": [""始まる""], ""without_furigana"": ""始まる"", ""with_furigana"": ""{始}(はじ)まる"", ""lookup_text"": ""始まる""}","{""primary"": ""はじまる"", ""variants"": [""はじまる""], ""source_text"": ""はじまる""}","[""(something) begins""]","[{""code"": ""v5r"", ""label"": ""Godan verb with 'ru' ending""}, {""code"": ""vi"", ""label"": ""intransitive verb""}]",True,"[{""japanese_raw"": ""その試合は何時に始まりますか。"", ""japanese_furigana"": ""<furigana>その試合は何時に始まりますか。</furigana>"", ""english"": ""What time does the game start?"", ""source"": ""tatoeba"", ""source_id"": ""210021""}]","{""level_map"": ""open-anki-jlpt-decks"", ""level_map_guid"": ""g7#i$_:K%6"", ""dictionary"": ""JMdict"", ""dictionary_entry_id"": ""1307500"", ""dictionary_lookup_aliases"": [], ""examples"": ""JMdict sense-linked Tatoeba examples""}"
n5-vocab-0217,N5,217,560,"{""genki_lesson"": 9}","{""primary"": ""弾く"", ""variants"": [""弾く""], ""without_furigana"": ""弾く"", ""with_furigana"": ""{弾}(ひ)く"", ""lookup_text"": ""弾く""}","{""primary"": ""ひく"", ""variants"": [""ひく""], ""source_text"": ""ひく""}","[""to play (a string instrument or piano)""]","[{""code"": ""v5k"", ""label"": ""Godan verb with 'ku' ending""}, {""code"": ""vt"", ""label"": ""transitive verb""}]",True,"[{""japanese_raw"": ""誰かがピアノを弾いている。"", ""japanese_furigana"": ""<furigana>誰かがピアノを弾いている。</furigana>"", ""english"": ""Somebody is playing the piano."", ""source"": ""tatoeba"", ""source_id"": ""203238""}]","{""level_map"": ""open-anki-jlpt-decks"", ""level_map_guid"": ""HK}b0#P-HS"", ""dictionary"": ""JMdict"", ""dictionary_entry_id"": ""1419370"", ""dictionary_lookup_aliases"": [], ""examples"": ""JMdict sense-linked Tatoeba examples""}"
n5-vocab-0218,N5,218,565,"{""genki_lesson"": 9}","{""primary"": ""一つ"", ""variants"": [""一つ""], ""without_furigana"": ""一つ"", ""with_furigana"": ""{一}(ひと)つ"", ""lookup_text"": ""一つ""}","{""primary"": ""ひとつ"", ""variants"": [""ひとつ""], ""source_text"": ""ひとつ""}","[""one thing""]","[{""code"": ""num"", ""label"": ""numeric""}, {""code"": ""n"", ""label"": ""noun (common) (futsuumeishi)""}, {""code"": ""adv"", ""label"": ""adverb (fukushi)""}, {""code"": ""adj-no"", ""label"": ""nouns which may take the genitive case particle 'no'""}]",True,"[{""japanese_raw"": ""一つには、私は貧しいし、それにまた忙しくもある。"", ""japanese_furigana"": ""<furigana>一つには、私は貧しいし、それにまた忙しくもある。</furigana>"", ""english"": ""For one thing, I am poor; for another, I am busy."", ""source"": ""tatoeba"", ""source_id"": ""190709""}, {""japanese_raw"": ""妻の死の知らせを聞いてもまゆ一つ動かさなかった。"", ""japanese_furigana"": ""<furigana>妻の死の知らせを聞いてもまゆ一つ動かさなかった。</furigana>"", ""english"": ""He did not even raise an eyebrow at the news of his wife's death."", ""source"": ""tatoeba"", ""source_id"": ""170359""}]","{""level_map"": ""open-anki-jlpt-decks"", ""level_map_guid"": ""lMwiFE;gTW"", ""dictionary"": ""JMdict"", ""dictionary_entry_id"": ""1160820"", ""dictionary_lookup_aliases"": [], ""examples"": ""JMdict sense-linked Tatoeba examples""}"
n5-vocab-0219,N5,219,571,"{""genki_lesson"": 9}","{""primary"": ""病気"", ""variants"": [""病気""], ""without_furigana"": ""病気"", ""with_furigana"": ""{病気}(びょうき)"", ""lookup_text"": ""病気""}","{""primary"": ""びょうき"", ""variants"": [""びょうき""], ""source_text"": ""びょうき""}","[""illness"", ""sickness""]","[{""code"": ""n"", ""label"": ""noun (common) (futsuumeishi)""}, {""code"": ""adj-no"", ""label"": ""nouns which may take the genitive case particle 'no'""}]",True,"[{""japanese_raw"": ""あなたの病気がよくなることを願っています。"", ""japanese_furigana"": ""<furigana>あなたの病気がよくなることを願っています。</furigana>"", ""english"": ""I hope you'll get well soon."", ""source"": ""tatoeba"", ""source_id"": ""233045""}]","{""level_map"": ""open-anki-jlpt-decks"", ""level_map_guid"": ""Ibs3I0!xB|"", ""dictionary"": ""JMdict"", ""dictionary_entry_id"": ""1490230"", ""dictionary_lookup_aliases"": [], ""examples"": ""JMdict sense-linked Tatoeba examples""}"
n5-vocab-0220,N5,220,582,"{""genki_lesson"": 9}","{""primary"": ""二つ"", ""variants"": [""二つ""], ""without_furigana"": ""二つ"", ""with_furigana"": ""{二}(ふた)つ"", ""lookup_text"": ""二つ""}","{""primary"": ""ふたつ"", ""variants"": [""ふたつ""], ""source_text"": ""ふたつ""}","[""two things""]","[{""code"": ""num"", ""label"": ""numeric""}]",True,"[{""japanese_raw"": ""２つの質問をしてもよいですか。"", ""japanese_furigana"": ""<furigana>２つの質問をしてもよいですか。</furigana>"", ""english"": ""May I ask a couple of questions?"", ""source"": ""tatoeba"", ""source_id"": ""235538""}]","{""level_map"": ""open-anki-jlpt-decks"", ""level_map_guid"": ""A@M*oG}Fjm"", ""dictionary"": ""JMdict"", ""dictionary_entry_id"": ""1461160"", ""dictionary_lookup_aliases"": [], ""examples"": ""JMdict sense-linked Tatoeba examples""}"
n5-vocab-0221,N5,221,643,"{""genki_lesson"": 9}","{""primary"": ""三つ"", ""variants"": [""三つ""], ""without_furigana"": ""三つ"", ""with_furigana"": ""{三}(みっ)つ"", ""lookup_text"": ""三つ""}","{""primary"": ""みっつ"", ""variants"": [""みっつ""], ""source_text"": ""みっつ""}","[""three things""]","[{""code"": ""num"", ""label"": ""numeric""}, {""code"": ""n"", ""label"": ""noun (common) (futsuumeishi)""}]",True,"[{""japanese_raw"": ""ボーイさん、コーヒー３つください。"", ""japanese_furigana"": ""<furigana>ボーイさん、コーヒー３つください。</furigana>"", ""english"": ""Waiter, three coffees, please."", ""source"": ""tatoeba"", ""source_id"": ""196583""}]","{""level_map"": ""open-anki-jlpt-decks"", ""level_map_guid"": ""E%f95v%koQ"", ""dictionary"": ""JMdict"", ""dictionary_entry_id"": ""1299740"", ""dictionary_lookup_aliases"": [], ""examples"": ""JMdict sense-linked Tatoeba examples""}"
n5-vocab-0222,N5,222,649,"{""genki_lesson"": 9}","{""primary"": ""みんな"", ""variants"": [""みんな""], ""without_furigana"": ""みんな"", ""with_furigana"": ""みんな"", ""lookup_text"": ""みんな""}","{""primary"": ""みんな"", ""variants"": [""みんな""], ""source_text"": ""みんな""}","[""all"", ""everyone"", ""everybody""]","[{""code"": ""n"", ""label"": ""noun (common) (futsuumeishi)""}, {""code"": ""pn"", ""label"": ""pronoun""}, {""code"": ""adv"", ""label"": ""adverb (fukushi)""}]",True,"[{""japanese_raw"": ""彼女はみんなに愛されている。"", ""japanese_furigana"": ""<furigana>彼女はみんなに愛されている。</furigana>"", ""english"": ""She is loved by everybody."", ""source"": ""tatoeba"", ""source_id"": ""91423""}, {""japanese_raw"": ""木の葉はみんな落ちてしまった。"", ""japanese_furigana"": ""<furigana>木の葉はみんな落ちてしまった。</furigana>"", ""english"": ""The leaves have all fallen."", ""source"": ""tatoeba"", ""source_id"": ""80107""}]","{""level_map"": ""open-anki-jlpt-decks"", ""level_map_guid"": ""NO(9_g@4E)"", ""dictionary"": ""JMdict"", ""dictionary_entry_id"": ""1202150"", ""dictionary_lookup_aliases"": [], ""examples"": ""JMdict sense-linked Tatoeba examples""}"
n5-vocab-0223,N5,223,653,"{""genki_lesson"": 9}","{""primary"": ""六つ"", ""variants"": [""六つ""], ""without_furigana"": ""六つ"", ""with_furigana"": ""{六}(むっ)つ"", ""lookup_text"": ""六つ""}","{""primary"": ""むっつ"", ""variants"": [""むっつ""], ""source_text"": ""むっつ""}","[""six things""]","[{""code"": ""num"", ""label"": ""numeric""}, {""code"": ""n"", ""label"": ""noun (common) (futsuumeishi)""}]",True,"[{""japanese_raw"": ""６つの先端技術の会社がその県に支社を設立した。"", ""japanese_furigana"": ""<furigana>６つの先端技術の会社がその県に支社を設立した。</furigana>"", ""english"": ""Six high-tech companies set up branch offices in that prefecture."", ""source"": ""tatoeba"", ""source_id"": ""235080""}]","{""level_map"": ""open-anki-jlpt-decks"", ""level_map_guid"": "",[k`qyR3)"", ""dictionary"": ""JMdict"", ""dictionary_entry_id"": ""1585315"", ""dictionary_lookup_aliases"": [], ""examples"": ""JMdict sense-linked Tatoeba examples""}"
n5-vocab-0224,N5,224,658,"{""genki_lesson"": 9}","{""primary"": ""もう"", ""variants"": [""もう""], ""without_furigana"": ""もう"", ""with_furigana"": ""もう"", ""lookup_text"": ""もう""}","{""primary"": ""もう"", ""variants"": [""もう""], ""source_text"": ""もう""}","[""already"", ""again"", ""more""]","[{""code"": ""adv"", ""label"": ""adverb (fukushi)""}, {""code"": ""int"", ""label"": ""interjection (kandoushi)""}]",True,"[{""japanese_raw"": ""君はもう子供ではない。"", ""japanese_furigana"": ""<furigana>君はもう子供ではない。</furigana>"", ""english"": ""You are not a child any more."", ""source"": ""tatoeba"", ""source_id"": ""177552""}, {""japanese_raw"": ""彼はもう帰宅しました。"", ""japanese_furigana"": ""<furigana>彼はもう帰宅しました。</furigana>"", ""english"": ""He has already gone home."", ""source"": ""tatoeba"", ""source_id"": ""110604""}]","{""level_map"": ""open-anki-jlpt-decks"", ""level_map_guid"": ""C9[8>(KXKL"", ""dictionary"": ""JMdict"", ""dictionary_entry_id"": ""1012480"", ""dictionary_lookup_aliases"": [], ""examples"": ""JMdict sense-linked Tatoeba examples""}"
n5-vocab-0225,N5,225,673,"{""genki_lesson"": 9}","{""primary"": ""八つ"", ""variants"": [""八つ""], ""without_furigana"": ""八つ"", ""with_furigana"": ""{八}(やっ)つ"", ""lookup_text"": ""八つ""}","{""primary"": ""やっつ"", ""variants"": [""やっつ""], ""source_text"": ""やっつ""}","[""eight things""]","[{""code"": ""num"", ""label"": ""numeric""}, {""code"": ""n"", ""label"": ""noun (common) (futsuumeishi)""}]",True,"[{""japanese_raw"": ""そこに八つの小石があった。"", ""japanese_furigana"": ""<furigana>そこに八つの小石があった。</furigana>"", ""english"": ""There were eight pebbles there."", ""source"": ""tatoeba"", ""source_id"": ""519714""}]","{""level_map"": ""open-anki-jlpt-decks"", ""level_map_guid"": ""F=`<QfuMn*"", ""dictionary"": ""JMdict"", ""dictionary_entry_id"": ""1583095"", ""dictionary_lookup_aliases"": [], ""examples"": ""JMdict sense-linked Tatoeba examples""}"
n5-vocab-0226,N5,226,688,"{""genki_lesson"": 9}","{""primary"": ""四つ"", ""variants"": [""四つ""], ""without_furigana"": ""四つ"", ""with_furigana"": ""{四}(よっ)つ"", ""lookup_text"": ""四つ""}","{""primary"": ""よっつ"", ""variants"": [""よっつ""], ""source_text"": ""よっつ""}","[""four things""]","[{""code"": ""num"", ""label"": ""numeric""}, {""code"": ""n"", ""label"": ""noun (common) (futsuumeishi)""}]",True,"[{""japanese_raw"": ""この国は季節が４つあります。"", ""japanese_furigana"": ""<furigana>この国は季節が４つあります。</furigana>"", ""english"": ""This country has four seasons."", ""source"": ""tatoeba"", ""source_id"": ""221924""}]","{""level_map"": ""open-anki-jlpt-decks"", ""level_map_guid"": ""BL9b_E4!L$"", ""dictionary"": ""JMdict"", ""dictionary_entry_id"": ""1307040"", ""dictionary_lookup_aliases"": [], ""examples"": ""JMdict sense-linked Tatoeba examples""}"
n5-vocab-0227,N5,227,711,"{""genki_lesson"": 9}","{""primary"": ""若い"", ""variants"": [""若い""], ""without_furigana"": ""若い"", ""with_furigana"": ""{若}(わか)い"", ""lookup_text"": ""若い""}","{""primary"": ""わかい"", ""variants"": [""わかい""], ""source_text"": ""わかい""}","[""young""]","[{""code"": ""adj-i"", ""label"": ""adjective (keiyoushi)""}]",True,"[{""japanese_raw"": ""「彼女は若いですか」「はい」"", ""japanese_furigana"": ""<furigana>「彼女は若いですか」「はい」</furigana>"", ""english"": ""\""Is she young?\"" \""Yes, she is.\"""", ""source"": ""tatoeba"", ""source_id"": ""236166""}]","{""level_map"": ""open-anki-jlpt-decks"", ""level_map_guid"": ""xN9[eu+8aY"", ""dictionary"": ""JMdict"", ""dictionary_entry_id"": ""1324300"", ""dictionary_lookup_aliases"": [], ""examples"": ""JMdict sense-linked Tatoeba examples""}"
n5-vocab-0228,N5,228,8,"{""genki_lesson"": 10}","{""primary"": ""秋"", ""variants"": [""秋""], ""without_furigana"": ""秋"", ""with_furigana"": ""{秋}(あき)"", ""lookup_text"": ""秋""}","{""primary"": ""あき"", ""variants"": [""あき""], ""source_text"": ""あき""}","[""fall (season)""]","[{""code"": ""n"", ""label"": ""noun (common) (futsuumeishi)""}, {""code"": ""adv"", ""label"": ""adverb (fukushi)""}]",True,"[{""japanese_raw"": ""秋には木の葉が落ちる。"", ""japanese_furigana"": ""<furigana>秋には木の葉が落ちる。</furigana>"", ""english"": ""Leaves fall in the autumn."", ""source"": ""tatoeba"", ""source_id"": ""148208""}]","{""level_map"": ""open-anki-jlpt-decks"", ""level_map_guid"": ""H~$iS3{X?*"", ""dictionary"": ""JMdict"", ""dictionary_entry_id"": ""1332650"", ""dictionary_lookup_aliases"": [], ""examples"": ""JMdict sense-linked Tatoeba examples""}"
n5-vocab-0229,N5,229,59,"{""genki_lesson"": 10}","{""primary"": ""一番"", ""variants"": [""一番""], ""without_furigana"": ""一番"", ""with_furigana"": ""{一番}(いちばん)"", ""lookup_text"": ""一番""}","{""primary"": ""いちばん"", ""variants"": [""いちばん""], ""source_text"": ""いちばん""}","[""best (most)"", ""first"", ""number one""]","[{""code"": ""n"", ""label"": ""noun (common) (futsuumeishi)""}, {""code"": ""adj-no"", ""label"": ""nouns which may take the genitive case particle 'no'""}, {""code"": ""adv"", ""label"": ""adverb (fukushi)""}]",True,"[{""japanese_raw"": ""このネクタイにしましょう、一番よさそうだから。"", ""japanese_furigana"": ""<furigana>このネクタイにしましょう、一番よさそうだから。</furigana>"", ""english"": ""I will take this tie, as it seems to be the best."", ""source"": ""tatoeba"", ""source_id"": ""223406""}]","{""level_map"": ""open-anki-jlpt-decks"", ""level_map_guid"": ""y&ds7j((mb"", ""dictionary"": ""JMdict"", ""dictionary_entry_id"": ""1165970"", ""dictionary_lookup_aliases"": [], ""examples"": ""JMdict sense-linked Tatoeba examples""}"
n5-vocab-0230,N5,230,92,"{""genki_lesson"": 10}","{""primary"": ""駅"", ""variants"": [""駅""], ""without_furigana"": ""駅"", ""with_furigana"": ""{駅}(えき)"", ""lookup_text"": ""駅""}","{""primary"": ""えき"", ""variants"": [""えき""], ""source_text"": ""えき""}","[""station""]","[{""code"": ""n"", ""label"": ""noun (common) (futsuumeishi)""}, {""code"": ""ctr"", ""label"": ""counter""}]",True,"[{""japanese_raw"": ""グランド・セントラル駅までやってください。"", ""japanese_furigana"": ""<furigana>グランド・セントラル駅までやってください。</furigana>"", ""english"": ""Grand Central Station, please."", ""source"": ""tatoeba"", ""source_id"": ""225536""}]","{""level_map"": ""open-anki-jlpt-decks"", ""level_map_guid"": ""EP[wTa2Y!["", ""dictionary"": ""JMdict"", ""dictionary_entry_id"": ""1175140"", ""dictionary_lookup_aliases"": [], ""examples"": ""JMdict sense-linked Tatoeba examples""}"
n5-vocab-0231,N5,231,114,"{""genki_lesson"": 10}","{""primary"": ""遅い"", ""variants"": [""遅い""], ""without_furigana"": ""遅い"", ""with_furigana"": ""{遅}(おそ)い"", ""lookup_text"": ""遅い""}","{""primary"": ""おそい"", ""variants"": [""おそい""], ""source_text"": ""おそい""}","[""slow"", ""(to be) late""]","[{""code"": ""adj-i"", ""label"": ""adjective (keiyoushi)""}]",True,"[{""japanese_raw"": ""彼女は走るのが遅い。"", ""japanese_furigana"": ""<furigana>彼女は走るのが遅い。</furigana>"", ""english"": ""She is a slow runner."", ""source"": ""tatoeba"", ""source_id"": ""88159""}, {""japanese_raw"": ""ジムの父はいつも帰宅が遅い。"", ""japanese_furigana"": ""<furigana>ジムの父はいつも帰宅が遅い。</furigana>"", ""english"": ""Jim's father always comes home late."", ""source"": ""tatoeba"", ""source_id"": ""216038""}]","{""level_map"": ""open-anki-jlpt-decks"", ""level_map_guid"": ""e`TVG4aTiS"", ""dictionary"": ""JMdict"", ""dictionary_entry_id"": ""1421970"", ""dictionary_lookup_aliases"": [], ""examples"": ""JMdict sense-linked Tatoeba examples""}"
n5-vocab-0232,N5,232,152,"{""genki_lesson"": 10}","{""primary"": ""顔"", ""variants"": [""顔""], ""without_furigana"": ""顔"", ""with_furigana"": ""{顔}(かお)"", ""lookup_text"": ""顔""}","{""primary"": ""かお"", ""variants"": [""かお""], ""source_text"": ""かお""}","[""face (body part)""]","[{""code"": ""n"", ""label"": ""noun (common) (futsuumeishi)""}]",True,"[{""japanese_raw"": ""露骨に嫌な顔をして、彼を睨みつけた。"", ""japanese_furigana"": ""<furigana>露骨に嫌な顔をして、彼を睨みつけた。</furigana>"", ""english"": ""I glared at him with a blatant look of disapproval on my face."", ""source"": ""tatoeba"", ""source_id"": ""12179631""}, {""japanese_raw"": ""ヘレンはみんなにほめられて顔を赤くした。"", ""japanese_furigana"": ""<furigana>ヘレンはみんなにほめられて顔を赤くした。</furigana>"", ""english"": ""Helen blushed at their praise."", ""source"": ""tatoeba"", ""source_id"": ""196667""}]","{""level_map"": ""open-anki-jlpt-decks"", ""level_map_guid"": ""MGLL{4`mK@"", ""dictionary"": ""JMdict"", ""dictionary_entry_id"": ""1217730"", ""dictionary_lookup_aliases"": [], ""examples"": ""JMdict sense-linked Tatoeba examples""}"
n5-vocab-0233,N5,233,153,"{""genki_lesson"": 10}","{""primary"": ""かかる"", ""variants"": [""かかる""], ""without_furigana"": ""かかる"", ""with_furigana"": ""かかる"", ""lookup_text"": ""かかる""}","{""primary"": ""かかる"", ""variants"": [""かかる""], ""source_text"": ""かかる""}","[""it takes (amount of time"", ""money) (v.i.)""]","[{""code"": ""v5r"", ""label"": ""Godan verb with 'ru' ending""}, {""code"": ""vi"", ""label"": ""intransitive verb""}, {""code"": ""aux-v"", ""label"": ""auxiliary verb""}]",True,"[{""japanese_raw"": ""間違えてかかっています。"", ""japanese_furigana"": ""<furigana>間違えてかかっています。</furigana>"", ""english"": ""You have the wrong number."", ""source"": ""tatoeba"", ""source_id"": ""183729""}, {""japanese_raw"": ""壁に地図がかかっています。"", ""japanese_furigana"": ""<furigana>壁に地図がかかっています。</furigana>"", ""english"": ""There is a map on the wall."", ""source"": ""tatoeba"", ""source_id"": ""83457""}]","{""level_map"": ""open-anki-jlpt-decks"", ""level_map_guid"": ""yajlZ<1W@="", ""dictionary"": ""JMdict"", ""dictionary_entry_id"": ""1207590"", ""dictionary_lookup_aliases"": [], ""examples"": ""JMdict sense-linked Tatoeba examples""}"
n5-vocab-0234,N5,234,261,"{""genki_lesson"": 10}","{""primary"": ""今年"", ""variants"": [""今年""], ""without_furigana"": ""今年"", ""with_furigana"": ""{今年}(ことし)"", ""lookup_text"": ""今年""}","{""primary"": ""ことし"", ""variants"": [""ことし""], ""source_text"": ""ことし""}","[""this year""]","[{""code"": ""n"", ""label"": ""noun (common) (futsuumeishi)""}, {""code"": ""adv"", ""label"": ""adverb (fukushi)""}]",True,"[{""japanese_raw"": ""今年の暑い夏には耐えられません。"", ""japanese_furigana"": ""<furigana>今年の暑い夏には耐えられません。</furigana>"", ""english"": ""I can't stand this hot summer."", ""source"": ""tatoeba"", ""source_id"": ""171373""}]","{""level_map"": ""open-anki-jlpt-decks"", ""level_map_guid"": ""F4V9w7@Age"", ""dictionary"": ""JMdict"", ""dictionary_entry_id"": ""1579130"", ""dictionary_lookup_aliases"": [], ""examples"": ""JMdict sense-linked Tatoeba examples""}"
n5-vocab-0235,N5,235,312,"{""genki_lesson"": 10}","{""primary"": ""シャツ"", ""variants"": [""シャツ""], ""without_furigana"": ""シャツ"", ""with_furigana"": ""シャツ"", ""lookup_text"": ""シャツ""}","{""primary"": ""シャツ"", ""variants"": [""シャツ""], ""source_text"": ""シャツ""}","[""shirt""]","[{""code"": ""n"", ""label"": ""noun (common) (futsuumeishi)""}]",True,"[{""japanese_raw"": ""あなたのシャツは洗う必要がある。"", ""japanese_furigana"": ""<furigana>あなたのシャツは洗う必要がある。</furigana>"", ""english"": ""Your shirts need to be washed."", ""source"": ""tatoeba"", ""source_id"": ""233523""}]","{""level_map"": ""open-anki-jlpt-decks"", ""level_map_guid"": ""ubVcrQ$8%@"", ""dictionary"": ""JMdict"", ""dictionary_entry_id"": ""1061520"", ""dictionary_lookup_aliases"": [], ""examples"": ""JMdict sense-linked Tatoeba examples""}"
n5-vocab-0236,N5,236,336,"{""genki_lesson"": 10}","{""primary"": ""涼しい"", ""variants"": [""涼しい""], ""without_furigana"": ""涼しい"", ""with_furigana"": ""{涼}(すず)しい"", ""lookup_text"": ""涼しい""}","{""primary"": ""すずしい"", ""variants"": [""すずしい""], ""source_text"": ""すずしい""}","[""cool"", ""refreshing (in reference to weather)""]","[{""code"": ""adj-i"", ""label"": ""adjective (keiyoushi)""}]",True,"[{""japanese_raw"": ""日増しに涼しくなっていく。"", ""japanese_furigana"": ""<furigana>日増しに涼しくなっていく。</furigana>"", ""english"": ""It's getting cooler day by day."", ""source"": ""tatoeba"", ""source_id"": ""122850""}]","{""level_map"": ""open-anki-jlpt-decks"", ""level_map_guid"": ""y%0&)B2:*;"", ""dictionary"": ""JMdict"", ""dictionary_entry_id"": ""1554370"", ""dictionary_lookup_aliases"": [], ""examples"": ""JMdict sense-linked Tatoeba examples""}"
n5-vocab-0237,N5,237,404,"{""genki_lesson"": 10}","{""primary"": ""地下鉄"", ""variants"": [""地下鉄""], ""without_furigana"": ""地下鉄"", ""with_furigana"": ""{地下鉄}(ちかてつ)"", ""lookup_text"": ""地下鉄""}","{""primary"": ""ちかてつ"", ""variants"": [""ちかてつ""], ""source_text"": ""ちかてつ""}","[""underground train"", ""subway""]","[{""code"": ""n"", ""label"": ""noun (common) (futsuumeishi)""}]",True,"[{""japanese_raw"": ""地下鉄で行きたいのです。"", ""japanese_furigana"": ""<furigana>地下鉄で行きたいのです。</furigana>"", ""english"": ""I want to get there by subway."", ""source"": ""tatoeba"", ""source_id"": ""127016""}]","{""level_map"": ""open-anki-jlpt-decks"", ""level_map_guid"": ""MEsyrZ*cPc"", ""dictionary"": ""JMdict"", ""dictionary_entry_id"": ""1420900"", ""dictionary_lookup_aliases"": [], ""examples"": ""JMdict sense-linked Tatoeba examples""}"
n5-vocab-0238,N5,238,422,"{""genki_lesson"": 10}","{""primary"": ""冷たい"", ""variants"": [""冷たい""], ""without_furigana"": ""冷たい"", ""with_furigana"": ""{冷}(つめ)たい"", ""lookup_text"": ""冷たい""}","{""primary"": ""つめたい"", ""variants"": [""つめたい""], ""source_text"": ""つめたい""}","[""cold (things"", ""people)""]","[{""code"": ""adj-i"", ""label"": ""adjective (keiyoushi)""}]",True,"[{""japanese_raw"": ""もう手が冷たくって。"", ""japanese_furigana"": ""<furigana>もう手が冷たくって。</furigana>"", ""english"": ""My hand's getting too cold."", ""source"": ""tatoeba"", ""source_id"": ""194174""}, {""japanese_raw"": ""ケイトが彼にあっちに行ってと冷たく言ったので、彼の心は傷つきました。"", ""japanese_furigana"": ""<furigana>ケイトが彼にあっちに行ってと冷たく言ったので、彼の心は傷つきました。</furigana>"", ""english"": ""Kate broke his heart by rudely demanding he go away."", ""source"": ""tatoeba"", ""source_id"": ""225404""}]","{""level_map"": ""open-anki-jlpt-decks"", ""level_map_guid"": ""v8vDEW[6Rh"", ""dictionary"": ""JMdict"", ""dictionary_entry_id"": ""1556730"", ""dictionary_lookup_aliases"": [], ""examples"": ""JMdict sense-linked Tatoeba examples""}"
n5-vocab-0239,N5,239,461,"{""genki_lesson"": 10}","{""primary"": ""どちら"", ""variants"": [""どちら""], ""without_furigana"": ""どちら"", ""with_furigana"": ""どちら"", ""lookup_text"": ""どちら""}","{""primary"": ""どちら"", ""variants"": [""どちら""], ""source_text"": ""どちら""}","[""which (one) (way)"", ""where (polite)""]","[{""code"": ""pn"", ""label"": ""pronoun""}]",True,"[{""japanese_raw"": ""あの〜郵便局はどちらでしょうか。"", ""japanese_furigana"": ""<furigana>あの〜郵便局はどちらでしょうか。</furigana>"", ""english"": ""Uh..., where's the post office?"", ""source"": ""tatoeba"", ""source_id"": ""231383""}, {""japanese_raw"": ""「花子と太郎のどちらが若いですか」「太郎です」"", ""japanese_furigana"": ""<furigana>「花子と太郎のどちらが若いですか」「太郎です」</furigana>"", ""english"": ""\""Who is younger, Hanako or Taro?\"" \""Taro is.\"""", ""source"": ""tatoeba"", ""source_id"": ""236377""}]","{""level_map"": ""open-anki-jlpt-decks"", ""level_map_guid"": ""pW(ud@AhIx"", ""dictionary"": ""JMdict"", ""dictionary_entry_id"": ""1189360"", ""dictionary_lookup_aliases"": [], ""examples"": ""JMdict sense-linked Tatoeba examples""}"
n5-vocab-0240,N5,240,462,"{""genki_lesson"": 10}","{""primary"": ""どっち"", ""variants"": [""どっち""], ""without_furigana"": ""どっち"", ""with_furigana"": ""どっち"", ""lookup_text"": ""どっち""}","{""primary"": ""どっち"", ""variants"": [""どっち""], ""source_text"": ""どっち""}","[""which one"", ""which way""]","[{""code"": ""pn"", ""label"": ""pronoun""}]",True,"[{""japanese_raw"": ""あの〜郵便局はどちらでしょうか。"", ""japanese_furigana"": ""<furigana>あの〜郵便局はどちらでしょうか。</furigana>"", ""english"": ""Uh..., where's the post office?"", ""source"": ""tatoeba"", ""source_id"": ""231383""}, {""japanese_raw"": ""「花子と太郎のどちらが若いですか」「太郎です」"", ""japanese_furigana"": ""<furigana>「花子と太郎のどちらが若いですか」「太郎です」</furigana>"", ""english"": ""\""Who is younger, Hanako or Taro?\"" \""Taro is.\"""", ""source"": ""tatoeba"", ""source_id"": ""236377""}]","{""level_map"": ""open-anki-jlpt-decks"", ""level_map_guid"": ""PxI,t`JQ.N"", ""dictionary"": ""JMdict"", ""dictionary_entry_id"": ""1189360"", ""dictionary_lookup_aliases"": [], ""examples"": ""JMdict sense-linked Tatoeba examples""}"
n5-vocab-0241,N5,241,494,"{""genki_lesson"": 10}","{""primary"": ""なる"", ""variants"": [""なる""], ""without_furigana"": ""なる"", ""with_furigana"": ""なる"", ""lookup_text"": ""なる""}","{""primary"": ""なる"", ""variants"": [""なる""], ""source_text"": ""なる""}","[""to become""]","[{""code"": ""v5r"", ""label"": ""Godan verb with 'ru' ending""}, {""code"": ""vi"", ""label"": ""intransitive verb""}, {""code"": ""aux-v"", ""label"": ""auxiliary verb""}]",True,"[{""japanese_raw"": ""１チームは９人の選手から成る。"", ""japanese_furigana"": ""<furigana>１チームは９人の選手から成る。</furigana>"", ""english"": ""Nine players make up a team."", ""source"": ""tatoeba"", ""source_id"": ""235851""}, {""japanese_raw"": ""１週間してそのニュースは本当になった。"", ""japanese_furigana"": ""<furigana>１週間してそのニュースは本当になった。</furigana>"", ""english"": ""The news turned out true in a week."", ""source"": ""tatoeba"", ""source_id"": ""235765""}]","{""level_map"": ""open-anki-jlpt-decks"", ""level_map_guid"": ""ukKTUxR2lk"", ""dictionary"": ""JMdict"", ""dictionary_entry_id"": ""1375610"", ""dictionary_lookup_aliases"": [], ""examples"": ""JMdict sense-linked Tatoeba examples""}"
n5-vocab-0242,N5,242,545,"{""genki_lesson"": 10}","{""primary"": ""春"", ""variants"": [""春""], ""without_furigana"": ""春"", ""with_furigana"": ""{春}(はる)"", ""lookup_text"": ""春""}","{""primary"": ""はる"", ""variants"": [""はる""], ""source_text"": ""はる""}","[""spring""]","[{""code"": ""n"", ""label"": ""noun (common) (futsuumeishi)""}, {""code"": ""adv"", ""label"": ""adverb (fukushi)""}]",True,"[{""japanese_raw"": ""多くの植物は春に花をつける。"", ""japanese_furigana"": ""<furigana>多くの植物は春に花をつける。</furigana>"", ""english"": ""Many plants bloom in the spring."", ""source"": ""tatoeba"", ""source_id"": ""138359""}]","{""level_map"": ""open-anki-jlpt-decks"", ""level_map_guid"": ""mlEwn=b[H<"", ""dictionary"": ""JMdict"", ""dictionary_entry_id"": ""1341000"", ""dictionary_lookup_aliases"": [], ""examples"": ""JMdict sense-linked Tatoeba examples""}"
n5-vocab-0243,N5,243,103,"{""genki_lesson"": 11}","{""primary"": ""お菓子"", ""variants"": [""お菓子""], ""without_furigana"": ""お菓子"", ""with_furigana"": ""お{菓子}(かし)"", ""lookup_text"": ""お菓子""}","{""primary"": ""おかし"", ""variants"": [""おかし""], ""source_text"": ""おかし""}","[""confections"", ""sweets"", ""snack""]","[{""code"": ""n"", ""label"": ""noun (common) (futsuumeishi)""}]",True,"[{""japanese_raw"": ""お菓子で赤ちゃんが窒息するところだった。"", ""japanese_furigana"": ""<furigana>お菓子で赤ちゃんが窒息するところだった。</furigana>"", ""english"": ""The baby almost choked on a piece of candy."", ""source"": ""tatoeba"", ""source_id"": ""227385""}]","{""level_map"": ""open-anki-jlpt-decks"", ""level_map_guid"": ""iY2$$8!fW<"", ""dictionary"": ""JMdict"", ""dictionary_entry_id"": ""1001710"", ""dictionary_lookup_aliases"": [], ""examples"": ""JMdict sense-linked Tatoeba examples""}"
n5-vocab-0244,N5,244,120,"{""genki_lesson"": 11}","{""primary"": ""男の子"", ""variants"": [""男の子""], ""without_furigana"": ""男の子"", ""with_furigana"": ""{男}(おとこ)の{子}(こ)"", ""lookup_text"": ""男の子""}","{""primary"": ""おとこのこ"", ""variants"": [""おとこのこ""], ""source_text"": ""おとこのこ""}","[""boy""]","[{""code"": ""exp"", ""label"": ""expressions (phrases, clauses, etc.)""}, {""code"": ""n"", ""label"": ""noun (common) (futsuumeishi)""}]",True,"[{""japanese_raw"": ""あのハンサムな男の子を見て。"", ""japanese_furigana"": ""<furigana>あのハンサムな男の子を見て。</furigana>"", ""english"": ""Look at that good-looking boy."", ""source"": ""tatoeba"", ""source_id"": ""231277""}]","{""level_map"": ""open-anki-jlpt-decks"", ""level_map_guid"": ""mDCUq=3c&Y"", ""dictionary"": ""JMdict"", ""dictionary_entry_id"": ""1420010"", ""dictionary_lookup_aliases"": [], ""examples"": ""JMdict sense-linked Tatoeba examples""}"
n5-vocab-0245,N5,245,141,"{""genki_lesson"": 11}","{""primary"": ""女の子"", ""variants"": [""女の子""], ""without_furigana"": ""女の子"", ""with_furigana"": ""{女}(おんな)の{子}(こ)"", ""lookup_text"": ""女の子""}","{""primary"": ""おんなのこ"", ""variants"": [""おんなのこ""], ""source_text"": ""おんなのこ""}","[""girl""]","[{""code"": ""exp"", ""label"": ""expressions (phrases, clauses, etc.)""}, {""code"": ""n"", ""label"": ""noun (common) (futsuumeishi)""}]",True,"[{""japanese_raw"": ""その女の子達は、とても忙しい。"", ""japanese_furigana"": ""<furigana>その女の子達は、とても忙しい。</furigana>"", ""english"": ""Those girls are very busy."", ""source"": ""tatoeba"", ""source_id"": ""209395""}]","{""level_map"": ""open-anki-jlpt-decks"", ""level_map_guid"": ""n^ma[3kYmi"", ""dictionary"": ""JMdict"", ""dictionary_entry_id"": ""1344970"", ""dictionary_lookup_aliases"": [], ""examples"": ""JMdict sense-linked Tatoeba examples""}"
n5-vocab-0246,N5,246,144,"{""genki_lesson"": 11}","{""primary"": ""外国"", ""variants"": [""外国""], ""without_furigana"": ""外国"", ""with_furigana"": ""{外国}(がいこく)"", ""lookup_text"": ""外国""}","{""primary"": ""がいこく"", ""variants"": [""がいこく""], ""source_text"": ""がいこく""}","[""foreign country"", ""abroad""]","[{""code"": ""n"", ""label"": ""noun (common) (futsuumeishi)""}, {""code"": ""adj-no"", ""label"": ""nouns which may take the genitive case particle 'no'""}]",True,"[{""japanese_raw"": ""あなたは外国の本を持っていますか。"", ""japanese_furigana"": ""<furigana>あなたは外国の本を持っていますか。</furigana>"", ""english"": ""Do you have any foreign books?"", ""source"": ""tatoeba"", ""source_id"": ""232163""}]","{""level_map"": ""open-anki-jlpt-decks"", ""level_map_guid"": ""K:<1s^}$O$"", ""dictionary"": ""JMdict"", ""dictionary_entry_id"": ""1203620"", ""dictionary_lookup_aliases"": [], ""examples"": ""JMdict sense-linked Tatoeba examples""}"
n5-vocab-0247,N5,247,258,"{""genki_lesson"": 11}","{""primary"": ""こちら"", ""variants"": [""こちら""], ""without_furigana"": ""こちら"", ""with_furigana"": ""こちら"", ""lookup_text"": ""こちら""}","{""primary"": ""こちら"", ""variants"": [""こちら""], ""source_text"": ""こちら""}","[""this person (polite)"", ""this way (polite)""]","[{""code"": ""pn"", ""label"": ""pronoun""}]",True,"[{""japanese_raw"": ""叔母さん、こちらはトム君です。"", ""japanese_furigana"": ""<furigana>叔母さん、こちらはトム君です。</furigana>"", ""english"": ""Aunt, this is Tom."", ""source"": ""tatoeba"", ""source_id"": ""227577""}, {""japanese_raw"": ""塩をこちらへ取ってもらえますか。"", ""japanese_furigana"": ""<furigana>塩をこちらへ取ってもらえますか。</furigana>"", ""english"": ""Could you pass me the salt, please?"", ""source"": ""tatoeba"", ""source_id"": ""188598""}]","{""level_map"": ""open-anki-jlpt-decks"", ""level_map_guid"": ""A^:pzWeFGD"", ""dictionary"": ""JMdict"", ""dictionary_entry_id"": ""1004500"", ""dictionary_lookup_aliases"": [], ""examples"": ""JMdict sense-linked Tatoeba examples""}"
n5-vocab-0248,N5,248,317,"{""genki_lesson"": 11}","{""primary"": ""授業"", ""variants"": [""授業""], ""without_furigana"": ""授業"", ""with_furigana"": ""{授業}(じゅぎょう)"", ""lookup_text"": ""授業""}","{""primary"": ""じゅぎょう"", ""variants"": [""じゅぎょう""], ""source_text"": ""じゅぎょう""}","[""a class (of school)""]","[{""code"": ""n"", ""label"": ""noun (common) (futsuumeishi)""}, {""code"": ""vs"", ""label"": ""noun or participle which takes the aux. verb suru""}, {""code"": ""vi"", ""label"": ""intransitive verb""}]",True,"[{""japanese_raw"": ""それは授業の終わりだった。"", ""japanese_furigana"": ""<furigana>それは授業の終わりだった。</furigana>"", ""english"": ""That was the end of the class."", ""source"": ""tatoeba"", ""source_id"": ""205089""}]","{""level_map"": ""open-anki-jlpt-decks"", ""level_map_guid"": ""In^9^.q{~0"", ""dictionary"": ""JMdict"", ""dictionary_entry_id"": ""1330290"", ""dictionary_lookup_aliases"": [], ""examples"": ""JMdict sense-linked Tatoeba examples""}"
n5-vocab-0249,N5,249,414,"{""genki_lesson"": 11}","{""primary"": ""疲れる"", ""variants"": [""疲れる""], ""without_furigana"": ""疲れる"", ""with_furigana"": ""{疲}(つか)れる"", ""lookup_text"": ""疲れる""}","{""primary"": ""つかれる"", ""variants"": [""つかれる""], ""source_text"": ""つかれる""}","[""to get (become) tired"", ""to become fatigued""]","[{""code"": ""v1"", ""label"": ""Ichidan verb""}, {""code"": ""vi"", ""label"": ""intransitive verb""}]",True,"[{""japanese_raw"": ""そのとき、彼らは、ブラックベリーの林の周りをつかれて、のどがかわくまで競争して遊んでいました。"", ""japanese_furigana"": ""<furigana>そのとき、彼らは、ブラックベリーの林の周りをつかれて、のどがかわくまで競争して遊んでいました。</furigana>"", ""english"": ""Then they played \""ring-a-ring-a-rosy\"" until they were tired and thirsty."", ""source"": ""tatoeba"", ""source_id"": ""212918""}]","{""level_map"": ""open-anki-jlpt-decks"", ""level_map_guid"": ""Oil7l6nt$n"", ""dictionary"": ""JMdict"", ""dictionary_entry_id"": ""1483740"", ""dictionary_lookup_aliases"": [], ""examples"": ""JMdict sense-linked Tatoeba examples""}"
n5-vocab-0250,N5,250,473,"{""genki_lesson"": 11}","{""primary"": ""取る"", ""variants"": [""取る""], ""without_furigana"": ""取る"", ""with_furigana"": ""{取}(と)る"", ""lookup_text"": ""取る""}","{""primary"": ""とる"", ""variants"": [""とる""], ""source_text"": ""とる""}","[""to take (a class)"", ""to get (a grade)""]","[{""code"": ""v5r"", ""label"": ""Godan verb with 'ru' ending""}, {""code"": ""vt"", ""label"": ""transitive verb""}]",True,"[{""japanese_raw"": ""彼は数学で満点を取った。"", ""japanese_furigana"": ""<furigana>彼は数学で満点を取った。</furigana>"", ""english"": ""He got full marks in mathematics."", ""source"": ""tatoeba"", ""source_id"": ""103454""}, {""japanese_raw"": ""肉から脂身を取りなさい。"", ""japanese_furigana"": ""<furigana>肉から脂身を取りなさい。</furigana>"", ""english"": ""Trim the fat off the meat."", ""source"": ""tatoeba"", ""source_id"": ""123003""}]","{""level_map"": ""open-anki-jlpt-decks"", ""level_map_guid"": ""bLpD3ABv2g"", ""dictionary"": ""JMdict"", ""dictionary_entry_id"": ""1326980"", ""dictionary_lookup_aliases"": [], ""examples"": ""JMdict sense-linked Tatoeba examples""}"
n5-vocab-0251,N5,251,491,"{""genki_lesson"": 11}","{""primary"": ""習う"", ""variants"": [""習う""], ""without_furigana"": ""習う"", ""with_furigana"": ""{習}(なら)う"", ""lookup_text"": ""習う""}","{""primary"": ""ならう"", ""variants"": [""ならう""], ""source_text"": ""ならう""}","[""to learn""]","[{""code"": ""v5u"", ""label"": ""Godan verb with 'u' ending""}, {""code"": ""vt"", ""label"": ""transitive verb""}]",True,"[{""japanese_raw"": ""車の運転を習っています。"", ""japanese_furigana"": ""<furigana>車の運転を習っています。</furigana>"", ""english"": ""I've been learning to drive."", ""source"": ""tatoeba"", ""source_id"": ""149053""}]","{""level_map"": ""open-anki-jlpt-decks"", ""level_map_guid"": ""iV+xor)WZT"", ""dictionary"": ""JMdict"", ""dictionary_entry_id"": ""1333070"", ""dictionary_lookup_aliases"": [], ""examples"": ""JMdict sense-linked Tatoeba examples""}"
n5-vocab-0252,N5,252,535,"{""genki_lesson"": 11}","{""primary"": ""働く"", ""variants"": [""働く""], ""without_furigana"": ""働く"", ""with_furigana"": ""{働}(はたら)く"", ""lookup_text"": ""働く""}","{""primary"": ""はたらく"", ""variants"": [""はたらく""], ""source_text"": ""はたらく""}","[""to work""]","[{""code"": ""v5k"", ""label"": ""Godan verb with 'ku' ending""}, {""code"": ""vi"", ""label"": ""intransitive verb""}]",True,"[{""japanese_raw"": ""スイッチは時間通りに働かなかった。"", ""japanese_furigana"": ""<furigana>スイッチは時間通りに働かなかった。</furigana>"", ""english"": ""The switch didn't work on time."", ""source"": ""tatoeba"", ""source_id"": ""215137""}, {""japanese_raw"": ""彼は５時間以上もぶっ続けで働いた。"", ""japanese_furigana"": ""<furigana>彼は５時間以上もぶっ続けで働いた。</furigana>"", ""english"": ""He worked more than five hours on end."", ""source"": ""tatoeba"", ""source_id"": ""115070""}]","{""level_map"": ""open-anki-jlpt-decks"", ""level_map_guid"": ""fCkP4x.Nco"", ""dictionary"": ""JMdict"", ""dictionary_entry_id"": ""1451150"", ""dictionary_lookup_aliases"": [], ""examples"": ""JMdict sense-linked Tatoeba examples""}"
n5-vocab-0253,N5,253,662,"{""genki_lesson"": 11}","{""primary"": ""もっと"", ""variants"": [""もっと""], ""without_furigana"": ""もっと"", ""with_furigana"": ""もっと"", ""lookup_text"": ""もっと""}","{""primary"": ""もっと"", ""variants"": [""もっと""], ""source_text"": ""もっと""}","[""more""]","[{""code"": ""adv"", ""label"": ""adverb (fukushi)""}]",True,"[{""japanese_raw"": ""あなたはもっと理性的であるべきだ。"", ""japanese_furigana"": ""<furigana>あなたはもっと理性的であるべきだ。</furigana>"", ""english"": ""You should be more reasonable."", ""source"": ""tatoeba"", ""source_id"": ""232346""}]","{""level_map"": ""open-anki-jlpt-decks"", ""level_map_guid"": ""OqdI=b3^K`"", ""dictionary"": ""JMdict"", ""dictionary_entry_id"": ""1012620"", ""dictionary_lookup_aliases"": [], ""examples"": ""JMdict sense-linked Tatoeba examples""}"
n5-vocab-0254,N5,254,674,"{""genki_lesson"": 11}","{""primary"": ""山"", ""variants"": [""山""], ""without_furigana"": ""山"", ""with_furigana"": ""{山}(やま)"", ""lookup_text"": ""山""}","{""primary"": ""やま"", ""variants"": [""やま""], ""source_text"": ""やま""}","[""mountain""]","[{""code"": ""n"", ""label"": ""noun (common) (futsuumeishi)""}, {""code"": ""ctr"", ""label"": ""counter""}, {""code"": ""n-pref"", ""label"": ""noun, used as a prefix""}]",True,"[{""japanese_raw"": ""高い山の頂上は空気が薄い。"", ""japanese_furigana"": ""<furigana>高い山の頂上は空気が薄い。</furigana>"", ""english"": ""The air is thin at the top of a high mountain."", ""source"": ""tatoeba"", ""source_id"": ""173254""}, {""japanese_raw"": ""うまくあの先生のやまを当てたわね。"", ""japanese_furigana"": ""<furigana>うまくあの先生のやまを当てたわね。</furigana>"", ""english"": ""You've sure got the teacher's number."", ""source"": ""tatoeba"", ""source_id"": ""228107""}]","{""level_map"": ""open-anki-jlpt-decks"", ""level_map_guid"": ""FM#``XMUDZ"", ""dictionary"": ""JMdict"", ""dictionary_entry_id"": ""1302680"", ""dictionary_lookup_aliases"": [], ""examples"": ""JMdict sense-linked Tatoeba examples""}"
n5-vocab-0255,N5,255,35,"{""genki_lesson"": 12}","{""primary"": ""甘い"", ""variants"": [""甘い""], ""without_furigana"": ""甘い"", ""with_furigana"": ""{甘}(あま)い"", ""lookup_text"": ""甘い""}","{""primary"": ""あまい"", ""variants"": [""あまい""], ""source_text"": ""あまい""}","[""generous"", ""sweet""]","[{""code"": ""adj-i"", ""label"": ""adjective (keiyoushi)""}]",True,"[{""japanese_raw"": ""ゆりは甘い香りがする。"", ""japanese_furigana"": ""<furigana>ゆりは甘い香りがする。</furigana>"", ""english"": ""Lilies smell sweet."", ""source"": ""tatoeba"", ""source_id"": ""192930""}, {""japanese_raw"": ""彼女は彼の甘い言葉にだまされた。"", ""japanese_furigana"": ""<furigana>彼女は彼の甘い言葉にだまされた。</furigana>"", ""english"": ""She was beguiled by his sweet words."", ""source"": ""tatoeba"", ""source_id"": ""87340""}]","{""level_map"": ""open-anki-jlpt-decks"", ""level_map_guid"": ""jcM!HlCL`<"", ""dictionary"": ""JMdict"", ""dictionary_entry_id"": ""1213400"", ""dictionary_lookup_aliases"": [], ""examples"": ""JMdict sense-linked Tatoeba examples""}"
n5-vocab-0256,N5,256,56,"{""genki_lesson"": 12}","{""primary"": ""痛い"", ""variants"": [""痛い""], ""without_furigana"": ""痛い"", ""with_furigana"": ""{痛}(いた)い"", ""lookup_text"": ""痛い""}","{""primary"": ""いたい"", ""variants"": [""いたい""], ""source_text"": ""いたい""}","[""hurt"", ""painful"", ""sore""]","[{""code"": ""adj-i"", ""label"": ""adjective (keiyoushi)""}]",True,"[{""japanese_raw"": ""噛むと痛いですか。"", ""japanese_furigana"": ""<furigana>噛むと痛いですか。</furigana>"", ""english"": ""Does it hurt when you chew?"", ""source"": ""tatoeba"", ""source_id"": ""226227""}]","{""level_map"": ""open-anki-jlpt-decks"", ""level_map_guid"": ""O@@jk^&oQ8"", ""dictionary"": ""JMdict"", ""dictionary_entry_id"": ""1432680"", ""dictionary_lookup_aliases"": [], ""examples"": ""JMdict sense-linked Tatoeba examples""}"
n5-vocab-0257,N5,257,64,"{""genki_lesson"": 12}","{""primary"": ""いつも"", ""variants"": [""いつも""], ""without_furigana"": ""いつも"", ""with_furigana"": ""いつも"", ""lookup_text"": ""いつも""}","{""primary"": ""いつも"", ""variants"": [""いつも""], ""source_text"": ""いつも""}","[""always"", ""usually"", ""every time"", ""never (with neg. verb)""]","[{""code"": ""adv"", ""label"": ""adverb (fukushi)""}, {""code"": ""adj-no"", ""label"": ""nouns which may take the genitive case particle 'no'""}, {""code"": ""n"", ""label"": ""noun (common) (futsuumeishi)""}]",True,"[{""japanese_raw"": ""彼はいつも学校に遅れる。"", ""japanese_furigana"": ""<furigana>彼はいつも学校に遅れる。</furigana>"", ""english"": ""He is always late for school."", ""source"": ""tatoeba"", ""source_id"": ""114571""}, {""japanese_raw"": ""私は日曜日にはいつも家にいない。"", ""japanese_furigana"": ""<furigana>私は日曜日にはいつも家にいない。</furigana>"", ""english"": ""I'm never at home on Sundays."", ""source"": ""tatoeba"", ""source_id"": ""154689""}]","{""level_map"": ""open-anki-jlpt-decks"", ""level_map_guid"": ""BM|Xrf53.p"", ""dictionary"": ""JMdict"", ""dictionary_entry_id"": ""1188890"", ""dictionary_lookup_aliases"": [], ""examples"": ""JMdict sense-linked Tatoeba examples""}"
n5-vocab-0258,N5,258,67,"{""genki_lesson"": 12}","{""primary"": ""意味"", ""variants"": [""意味""], ""without_furigana"": ""意味"", ""with_furigana"": ""{意味}(いみ)"", ""lookup_text"": ""意味""}","{""primary"": ""いみ"", ""variants"": [""いみ""], ""source_text"": ""いみ""}","[""meaning"", ""significance""]","[{""code"": ""n"", ""label"": ""noun (common) (futsuumeishi)""}, {""code"": ""vs"", ""label"": ""noun or participle which takes the aux. verb suru""}, {""code"": ""vt"", ""label"": ""transitive verb""}]",True,"[{""japanese_raw"": ""その語にはいくつかの意味がある。"", ""japanese_furigana"": ""<furigana>その語にはいくつかの意味がある。</furigana>"", ""english"": ""The word has several meanings."", ""source"": ""tatoeba"", ""source_id"": ""210824""}]","{""level_map"": ""open-anki-jlpt-decks"", ""level_map_guid"": ""xQ(-U#d9Tp"", ""dictionary"": ""JMdict"", ""dictionary_entry_id"": ""1156800"", ""dictionary_lookup_aliases"": [], ""examples"": ""JMdict sense-linked Tatoeba examples""}"
n5-vocab-0259,N5,259,163,"{""genki_lesson"": 12}","{""primary"": ""風邪"", ""variants"": [""風邪""], ""without_furigana"": ""風邪"", ""with_furigana"": ""{風邪}(かぜ)"", ""lookup_text"": ""風邪""}","{""primary"": ""かぜ"", ""variants"": [""かぜ""], ""source_text"": ""かぜ""}","[""cold"", ""flu""]","[{""code"": ""n"", ""label"": ""noun (common) (futsuumeishi)""}]",True,"[{""japanese_raw"": ""ただの風邪でしょう。"", ""japanese_furigana"": ""<furigana>ただの風邪でしょう。</furigana>"", ""english"": ""You probably just have a cold."", ""source"": ""tatoeba"", ""source_id"": ""203635""}]","{""level_map"": ""open-anki-jlpt-decks"", ""level_map_guid"": ""G#zadB[Bd,"", ""dictionary"": ""JMdict"", ""dictionary_entry_id"": ""1583720"", ""dictionary_lookup_aliases"": [], ""examples"": ""JMdict sense-linked Tatoeba examples""}"
n5-vocab-0260,N5,260,224,"{""genki_lesson"": 12}","{""primary"": ""曇り"", ""variants"": [""曇り""], ""without_furigana"": ""曇り"", ""with_furigana"": ""{曇}(くも)り"", ""lookup_text"": ""曇り""}","{""primary"": ""くもり"", ""variants"": [""くもり""], ""source_text"": ""くもり""}","[""cloudiness"", ""cloudy weather""]","[{""code"": ""n"", ""label"": ""noun (common) (futsuumeishi)""}]",True,"[{""japanese_raw"": ""昨日、東京は曇りでしたか。"", ""japanese_furigana"": ""<furigana>昨日、東京は曇りでしたか。</furigana>"", ""english"": ""Was it cloudy in Tokyo yesterday?"", ""source"": ""tatoeba"", ""source_id"": ""170138""}]","{""level_map"": ""open-anki-jlpt-decks"", ""level_map_guid"": ""J%t?_,0ZZ)"", ""dictionary"": ""JMdict"", ""dictionary_entry_id"": ""1592340"", ""dictionary_lookup_aliases"": [], ""examples"": ""JMdict sense-linked Tatoeba examples""}"
n5-vocab-0261,N5,261,350,"{""genki_lesson"": 12}","{""primary"": ""狭い"", ""variants"": [""狭い""], ""without_furigana"": ""狭い"", ""with_furigana"": ""{狭}(せま)い"", ""lookup_text"": ""狭い""}","{""primary"": ""せまい"", ""variants"": [""せまい""], ""source_text"": ""せまい""}","[""narrow"", ""not spacious""]","[{""code"": ""adj-i"", ""label"": ""adjective (keiyoushi)""}]",True,"[{""japanese_raw"": ""この部屋は私たちにとって狭すぎる。"", ""japanese_furigana"": ""<furigana>この部屋は私たちにとって狭すぎる。</furigana>"", ""english"": ""This room is too small for us."", ""source"": ""tatoeba"", ""source_id"": ""219999""}, {""japanese_raw"": ""彼女は狭い範囲でしか物が見えない。"", ""japanese_furigana"": ""<furigana>彼女は狭い範囲でしか物が見えない。</furigana>"", ""english"": ""Her viewpoint is limited."", ""source"": ""tatoeba"", ""source_id"": ""90450""}]","{""level_map"": ""open-anki-jlpt-decks"", ""level_map_guid"": ""yDZurM]5mn"", ""dictionary"": ""JMdict"", ""dictionary_entry_id"": ""1237680"", ""dictionary_lookup_aliases"": [], ""examples"": ""JMdict sense-linked Tatoeba examples""}"
n5-vocab-0262,N5,262,391,"{""genki_lesson"": 12}","{""primary"": ""多分"", ""variants"": [""多分""], ""without_furigana"": ""多分"", ""with_furigana"": ""{多分}(たぶん)"", ""lookup_text"": ""多分""}","{""primary"": ""たぶん"", ""variants"": [""たぶん""], ""source_text"": ""たぶん""}","[""perhaps"", ""probably"", ""maybe""]","[{""code"": ""adv"", ""label"": ""adverb (fukushi)""}, {""code"": ""adj-no"", ""label"": ""nouns which may take the genitive case particle 'no'""}, {""code"": ""adj-na"", ""label"": ""adjectival nouns or quasi-adjectives (keiyodoshi)""}]",True,"[{""japanese_raw"": ""君にはたぶんみんなわかっていることでしょう。"", ""japanese_furigana"": ""<furigana>君にはたぶんみんなわかっていることでしょう。</furigana>"", ""english"": ""I expect you know all about it."", ""source"": ""tatoeba"", ""source_id"": ""178680""}]","{""level_map"": ""open-anki-jlpt-decks"", ""level_map_guid"": ""pNDK+)ARo"", ""dictionary"": ""JMdict"", ""dictionary_entry_id"": ""1407980"", ""dictionary_lookup_aliases"": [], ""examples"": ""JMdict sense-linked Tatoeba examples""}"
n5-vocab-0263,N5,263,517,"{""genki_lesson"": 12}","{""primary"": ""歯"", ""variants"": [""歯""], ""without_furigana"": ""歯"", ""with_furigana"": ""{歯}(は)"", ""lookup_text"": ""歯""}","{""primary"": ""は"", ""variants"": [""は""], ""source_text"": ""は""}","[""tooth""]","[{""code"": ""n"", ""label"": ""noun (common) (futsuumeishi)""}]",True,"[{""japanese_raw"": ""その赤ちゃんは歯が生えはじめている。"", ""japanese_furigana"": ""<furigana>その赤ちゃんは歯が生えはじめている。</furigana>"", ""english"": ""The baby is cutting his teeth."", ""source"": ""tatoeba"", ""source_id"": ""208598""}]","{""level_map"": ""open-anki-jlpt-decks"", ""level_map_guid"": ""J1;2F+tdr`"", ""dictionary"": ""JMdict"", ""dictionary_entry_id"": ""1313000"", ""dictionary_lookup_aliases"": [], ""examples"": ""JMdict sense-linked Tatoeba examples""}"
n5-vocab-0264,N5,264,530,"{""genki_lesson"": 12}","{""primary"": ""初めて"", ""variants"": [""初めて""], ""without_furigana"": ""初めて"", ""with_furigana"": ""{初}(はじ)めて"", ""lookup_text"": ""初めて""}","{""primary"": ""はじめて"", ""variants"": [""はじめて""], ""source_text"": ""はじめて""}","[""for the first time""]","[{""code"": ""adv"", ""label"": ""adverb (fukushi)""}, {""code"": ""adj-no"", ""label"": ""nouns which may take the genitive case particle 'no'""}, {""code"": ""n"", ""label"": ""noun (common) (futsuumeishi)""}]",True,"[{""japanese_raw"": ""１６歳の時、初めてテニスをした。"", ""japanese_furigana"": ""<furigana>１６歳の時、初めてテニスをした。</furigana>"", ""english"": ""When I was sixteen, I played tennis for the first time."", ""source"": ""tatoeba"", ""source_id"": ""235933""}, {""japanese_raw"": ""しかし、抗議を通して初めて自由で開かれた社会が維持されるのである。"", ""japanese_furigana"": ""<furigana>しかし、抗議を通して初めて自由で開かれた社会が維持されるのである。</furigana>"", ""english"": ""Only through protest can a free and open society be maintained."", ""source"": ""tatoeba"", ""source_id"": ""216322""}]","{""level_map"": ""open-anki-jlpt-decks"", ""level_map_guid"": ""FM~Al0*F*3"", ""dictionary"": ""JMdict"", ""dictionary_entry_id"": ""1342550"", ""dictionary_lookup_aliases"": [], ""examples"": ""JMdict sense-linked Tatoeba examples""}"
n5-vocab-0265,N5,265,547,"{""genki_lesson"": 12}","{""primary"": ""晴れ"", ""variants"": [""晴れ""], ""without_furigana"": ""晴れ"", ""with_furigana"": ""{晴}(は)れ"", ""lookup_text"": ""晴れ""}","{""primary"": ""はれ"", ""variants"": [""はれ""], ""source_text"": ""はれ""}","[""clear (sunny) weather""]","[{""code"": ""n"", ""label"": ""noun (common) (futsuumeishi)""}, {""code"": ""adj-no"", ""label"": ""nouns which may take the genitive case particle 'no'""}]",True,"[{""japanese_raw"": ""その日は晴れだったので、私たちは泳ぎに行った。"", ""japanese_furigana"": ""<furigana>その日は晴れだったので、私たちは泳ぎに行った。</furigana>"", ""english"": ""It was a fine day, so we went swimming."", ""source"": ""tatoeba"", ""source_id"": ""207332""}]","{""level_map"": ""open-anki-jlpt-decks"", ""level_map_guid"": ""nBD2D7_?kw"", ""dictionary"": ""JMdict"", ""dictionary_entry_id"": ""1376460"", ""dictionary_lookup_aliases"": [], ""examples"": ""JMdict sense-linked Tatoeba examples""}"
n5-vocab-0266,N5,266,581,"{""genki_lesson"": 12}","{""primary"": ""服"", ""variants"": [""服""], ""without_furigana"": ""服"", ""with_furigana"": ""{服}(ふく)"", ""lookup_text"": ""服""}","{""primary"": ""ふく"", ""variants"": [""ふく""], ""source_text"": ""ふく""}","[""clothes""]","[{""code"": ""n"", ""label"": ""noun (common) (futsuumeishi)""}, {""code"": ""n-suf"", ""label"": ""noun, used as a suffix""}, {""code"": ""ctr"", ""label"": ""counter""}]",True,"[{""japanese_raw"": ""彼は濡れた服を火にあぶってかわかした。"", ""japanese_furigana"": ""<furigana>彼は濡れた服を火にあぶってかわかした。</furigana>"", ""english"": ""He dried his wet clothes by the fire."", ""source"": ""tatoeba"", ""source_id"": ""101399""}]","{""level_map"": ""open-anki-jlpt-decks"", ""level_map_guid"": ""G;N&<jI3Ep"", ""dictionary"": ""JMdict"", ""dictionary_entry_id"": ""1500940"", ""dictionary_lookup_aliases"": [], ""examples"": ""JMdict sense-linked Tatoeba examples""}"
n5-vocab-0267,N5,267,663,"{""genki_lesson"": 12}","{""primary"": ""物"", ""variants"": [""物""], ""without_furigana"": ""物"", ""with_furigana"": ""{物}(もの)"", ""lookup_text"": ""物""}","{""primary"": ""もの"", ""variants"": [""もの""], ""source_text"": ""もの""}","[""thing (concrete object)""]","[{""code"": ""n"", ""label"": ""noun (common) (futsuumeishi)""}, {""code"": ""n-suf"", ""label"": ""noun, used as a suffix""}, {""code"": ""pref"", ""label"": ""prefix""}]",True,"[{""japanese_raw"": ""遠まわしに物を言うな。"", ""japanese_furigana"": ""<furigana>遠まわしに物を言うな。</furigana>"", ""english"": ""Don't beat around the bush."", ""source"": ""tatoeba"", ""source_id"": ""188666""}, {""japanese_raw"": ""あなたの妹さんに会いたいものです。"", ""japanese_furigana"": ""<furigana>あなたの妹さんに会いたいものです。</furigana>"", ""english"": ""I'd like to see your sister."", ""source"": ""tatoeba"", ""source_id"": ""233014""}]","{""level_map"": ""open-anki-jlpt-decks"", ""level_map_guid"": ""z6=4|ALO,V"", ""dictionary"": ""JMdict"", ""dictionary_entry_id"": ""1502390"", ""dictionary_lookup_aliases"": [], ""examples"": ""JMdict sense-linked Tatoeba examples""}"
n5-vocab-0268,N5,268,681,"{""genki_lesson"": 12}","{""primary"": ""雪"", ""variants"": [""雪""], ""without_furigana"": ""雪"", ""with_furigana"": ""{雪}(ゆき)"", ""lookup_text"": ""雪""}","{""primary"": ""ゆき"", ""variants"": [""ゆき""], ""source_text"": ""ゆき""}","[""snow""]","[{""code"": ""n"", ""label"": ""noun (common) (futsuumeishi)""}]",True,"[{""japanese_raw"": ""たぶん、明日は雪が降るだろう。"", ""japanese_furigana"": ""<furigana>たぶん、明日は雪が降るだろう。</furigana>"", ""english"": ""Probably it will snow tomorrow."", ""source"": ""tatoeba"", ""source_id"": ""203358""}]","{""level_map"": ""open-anki-jlpt-decks"", ""level_map_guid"": ""jr0utv~KvB"", ""dictionary"": ""JMdict"", ""dictionary_entry_id"": ""1386500"", ""dictionary_lookup_aliases"": [], ""examples"": ""JMdict sense-linked Tatoeba examples""}"
n5-vocab-0269,N5,269,718,"{""genki_lesson"": 12}","{""primary"": ""悪い"", ""variants"": [""悪い""], ""without_furigana"": ""悪い"", ""with_furigana"": ""{悪}(わる)い"", ""lookup_text"": ""悪い""}","{""primary"": ""わるい"", ""variants"": [""わるい""], ""source_text"": ""わるい""}","[""bad"", ""sinful"", ""inferior""]","[{""code"": ""adj-i"", ""label"": ""adjective (keiyoushi)""}, {""code"": ""int"", ""label"": ""interjection (kandoushi)""}]",True,"[{""japanese_raw"": ""これは悪い話ではないでしょう？"", ""japanese_furigana"": ""<furigana>これは悪い話ではないでしょう？</furigana>"", ""english"": ""This isn't an unappealing proposition, is it?"", ""source"": ""tatoeba"", ""source_id"": ""74724""}, {""japanese_raw"": ""建物は落書きだらけで見た目が悪い。"", ""japanese_furigana"": ""<furigana>建物は落書きだらけで見た目が悪い。</furigana>"", ""english"": ""The graffiti-covered building is ugly to look at."", ""source"": ""tatoeba"", ""source_id"": ""7895904""}]","{""level_map"": ""open-anki-jlpt-decks"", ""level_map_guid"": ""rxV$$v%QZ;"", ""dictionary"": ""JMdict"", ""dictionary_entry_id"": ""1151260"", ""dictionary_lookup_aliases"": [], ""examples"": ""JMdict sense-linked Tatoeba examples""}"
n5-vocab-0270,N5,270,58,"{""genki_lesson"": 13}","{""primary"": ""一日"", ""variants"": [""一日""], ""without_furigana"": ""一日"", ""with_furigana"": ""{一日}(いちにち)"", ""lookup_text"": ""一日""}","{""primary"": ""いちにち"", ""variants"": [""いちにち""], ""source_text"": ""いちにち""}","[""one day (duration)""]","[{""code"": ""n"", ""label"": ""noun (common) (futsuumeishi)""}, {""code"": ""adv"", ""label"": ""adverb (fukushi)""}]",True,"[{""japanese_raw"": ""私は、月・水・金と一日おきに仕事をします。"", ""japanese_furigana"": ""<furigana>私は、月・水・金と一日おきに仕事をします。</furigana>"", ""english"": ""I work every other day: Monday, Wednesday, and Friday."", ""source"": ""tatoeba"", ""source_id"": ""162270""}, {""japanese_raw"": ""私のｅ―ｍａｉｌアドレスは４月１日より下記になります。"", ""japanese_furigana"": ""<furigana>私のｅ―ｍａｉｌアドレスは４月１日より下記になります。</furigana>"", ""english"": ""My e-mail address will be as follows effective April 1."", ""source"": ""tatoeba"", ""source_id"": ""164314""}]","{""level_map"": ""open-anki-jlpt-decks"", ""level_map_guid"": ""Q/Fb^F]yhk"", ""dictionary"": ""JMdict"", ""dictionary_entry_id"": ""1576260"", ""dictionary_lookup_aliases"": [], ""examples"": ""JMdict sense-linked Tatoeba examples""}"
n5-vocab-0271,N5,271,61,"{""genki_lesson"": 13}","{""primary"": ""五日"", ""variants"": [""五日""], ""without_furigana"": ""五日"", ""with_furigana"": ""{五日}(いつか)"", ""lookup_text"": ""五日""}","{""primary"": ""いつか"", ""variants"": [""いつか""], ""source_text"": ""いつか""}","[""five days"", ""fifth day of the month""]","[{""code"": ""n"", ""label"": ""noun (common) (futsuumeishi)""}]",True,"[{""japanese_raw"": ""三日から五日で。"", ""japanese_furigana"": ""<furigana>三日から五日で。</furigana>"", ""english"": ""Maybe three to five days."", ""source"": ""tatoeba"", ""source_id"": ""169490""}, {""japanese_raw"": ""１月５日から１月１５日までおねがいします。"", ""japanese_furigana"": ""<furigana>１月５日から１月１５日までおねがいします。</furigana>"", ""english"": ""From the 5th to the 15th of January, please."", ""source"": ""tatoeba"", ""source_id"": ""235804""}]","{""level_map"": ""open-anki-jlpt-decks"", ""level_map_guid"": ""iii]i;bYjg"", ""dictionary"": ""JMdict"", ""dictionary_entry_id"": ""1268570"", ""dictionary_lookup_aliases"": [], ""examples"": ""JMdict sense-linked Tatoeba examples""}"
n5-vocab-0272,N5,272,111,"{""genki_lesson"": 13}","{""primary"": ""おじいさん"", ""variants"": [""おじいさん""], ""without_furigana"": ""おじいさん"", ""with_furigana"": ""おじいさん"", ""lookup_text"": ""おじいさん""}","{""primary"": ""おじいさん"", ""variants"": [""おじいさん""], ""source_text"": ""おじいさん""}","[""grandfather"", ""male senior citizen""]","[{""code"": ""n"", ""label"": ""noun (common) (futsuumeishi)""}]",True,"[{""japanese_raw"": ""おじいさんは少し耳が遠いんだ。"", ""japanese_furigana"": ""<furigana>おじいさんは少し耳が遠いんだ。</furigana>"", ""english"": ""My grandfather is a bit hard of hearing."", ""source"": ""tatoeba"", ""source_id"": ""227742""}, {""japanese_raw"": ""おじいさんはその木の人形をピノキオと名づけました。"", ""japanese_furigana"": ""<furigana>おじいさんはその木の人形をピノキオと名づけました。</furigana>"", ""english"": ""The old man named the wooden doll Pinocchio."", ""source"": ""tatoeba"", ""source_id"": ""227741""}]","{""level_map"": ""open-anki-jlpt-decks"", ""level_map_guid"": ""OnBGSorIYO"", ""dictionary"": ""JMdict"", ""dictionary_entry_id"": ""1002320"", ""dictionary_lookup_aliases"": [], ""examples"": ""JMdict sense-linked Tatoeba examples""}"
n5-vocab-0273,N5,273,123,"{""genki_lesson"": 13}","{""primary"": ""大人"", ""variants"": [""大人""], ""without_furigana"": ""大人"", ""with_furigana"": ""{大人}(おとな)"", ""lookup_text"": ""大人""}","{""primary"": ""おとな"", ""variants"": [""おとな""], ""source_text"": ""おとな""}","[""adult""]","[{""code"": ""n"", ""label"": ""noun (common) (futsuumeishi)""}, {""code"": ""adj-no"", ""label"": ""nouns which may take the genitive case particle 'no'""}, {""code"": ""adj-na"", ""label"": ""adjectival nouns or quasi-adjectives (keiyodoshi)""}]",True,"[{""japanese_raw"": ""大人だけこの映画が見える。"", ""japanese_furigana"": ""<furigana>大人だけこの映画が見える。</furigana>"", ""english"": ""Only adults can see this film."", ""source"": ""tatoeba"", ""source_id"": ""137483""}]","{""level_map"": ""open-anki-jlpt-decks"", ""level_map_guid"": ""F~j9Wag0^x"", ""dictionary"": ""JMdict"", ""dictionary_entry_id"": ""1414170"", ""dictionary_lookup_aliases"": [], ""examples"": ""JMdict sense-linked Tatoeba examples""}"
n5-vocab-0274,N5,274,178,"{""genki_lesson"": 13}","{""primary"": ""辛い"", ""variants"": [""辛い""], ""without_furigana"": ""辛い"", ""with_furigana"": ""{辛}(から)い"", ""lookup_text"": ""辛い""}","{""primary"": ""からい"", ""variants"": [""からい""], ""source_text"": ""からい""}","[""hot and spicy"", ""salty""]","[{""code"": ""adj-i"", ""label"": ""adjective (keiyoushi)""}]",True,"[{""japanese_raw"": ""私は辛い食物はあまり好きではない。"", ""japanese_furigana"": ""<furigana>私は辛い食物はあまり好きではない。</furigana>"", ""english"": ""I don't care too much for hot food."", ""source"": ""tatoeba"", ""source_id"": ""155680""}, {""japanese_raw"": ""彼女は多くの辛い思いを経験してきた。"", ""japanese_furigana"": ""<furigana>彼女は多くの辛い思いを経験してきた。</furigana>"", ""english"": ""She has gone through many difficulties."", ""source"": ""tatoeba"", ""source_id"": ""88070""}]","{""level_map"": ""open-anki-jlpt-decks"", ""level_map_guid"": ""EjaGe<]5<&"", ""dictionary"": ""JMdict"", ""dictionary_entry_id"": ""1365850"", ""dictionary_lookup_aliases"": [], ""examples"": ""JMdict sense-linked Tatoeba examples""}"
n5-vocab-0275,N5,275,183,"{""genki_lesson"": 13}","{""primary"": ""カレー"", ""variants"": [""カレー""], ""without_furigana"": ""カレー"", ""with_furigana"": ""カレー"", ""lookup_text"": ""カレー""}","{""primary"": ""カレー"", ""variants"": [""カレー""], ""source_text"": ""カレー""}","[""curry (abbr. for curry and rice)""]","[{""code"": ""n"", ""label"": ""noun (common) (futsuumeishi)""}]",True,"[{""japanese_raw"": ""カレーのルーは非常に滋養に富んでいる。"", ""japanese_furigana"": ""<furigana>カレーのルーは非常に滋養に富んでいる。</furigana>"", ""english"": ""Curry sauce is very nourishing."", ""source"": ""tatoeba"", ""source_id"": ""226151""}]","{""level_map"": ""open-anki-jlpt-decks"", ""level_map_guid"": ""l)iLA}_6t!"", ""dictionary"": ""JMdict"", ""dictionary_entry_id"": ""1039140"", ""dictionary_lookup_aliases"": [], ""examples"": ""JMdict sense-linked Tatoeba examples""}"
n5-vocab-0276,N5,276,247,"{""genki_lesson"": 13}","{""primary"": ""紅茶"", ""variants"": [""紅茶""], ""without_furigana"": ""紅茶"", ""with_furigana"": ""{紅茶}(こうちゃ)"", ""lookup_text"": ""紅茶""}","{""primary"": ""こうちゃ"", ""variants"": [""こうちゃ""], ""source_text"": ""こうちゃ""}","[""black tea""]","[{""code"": ""n"", ""label"": ""noun (common) (futsuumeishi)""}]",True,"[{""japanese_raw"": ""紅茶２杯とコーヒー１杯ください。"", ""japanese_furigana"": ""<furigana>紅茶２杯とコーヒー１杯ください。</furigana>"", ""english"": ""Two teas and a coffee, please."", ""source"": ""tatoeba"", ""source_id"": ""173510""}]","{""level_map"": ""open-anki-jlpt-decks"", ""level_map_guid"": ""k->[;qN`>7"", ""dictionary"": ""JMdict"", ""dictionary_entry_id"": ""1280770"", ""dictionary_lookup_aliases"": [], ""examples"": ""JMdict sense-linked Tatoeba examples""}"
n5-vocab-0277,N5,277,254,"{""genki_lesson"": 13}","{""primary"": ""九日"", ""variants"": [""九日""], ""without_furigana"": ""九日"", ""with_furigana"": ""{九日}(ここのか)"", ""lookup_text"": ""九日""}","{""primary"": ""ここのか"", ""variants"": [""ここのか""], ""source_text"": ""ここのか""}","[""nine days"", ""ninth day of the month""]","[{""code"": ""n"", ""label"": ""noun (common) (futsuumeishi)""}]",True,"[{""japanese_raw"": ""大会９日目、ベスト８が出揃った。"", ""japanese_furigana"": ""<furigana>大会９日目、ベスト８が出揃った。</furigana>"", ""english"": ""The top eight players survived the ninth day of the tournament."", ""source"": ""tatoeba"", ""source_id"": ""137653""}, {""japanese_raw"": ""スピーチコンテストは１１月９日に行われた。"", ""japanese_furigana"": ""<furigana>スピーチコンテストは１１月９日に行われた。</furigana>"", ""english"": ""The speech contest took place on the ninth of November."", ""source"": ""tatoeba"", ""source_id"": ""214544""}]","{""level_map"": ""open-anki-jlpt-decks"", ""level_map_guid"": ""l7hYJ[~^44"", ""dictionary"": ""JMdict"", ""dictionary_entry_id"": ""1243850"", ""dictionary_lookup_aliases"": [], ""examples"": ""JMdict sense-linked Tatoeba examples""}"
n5-vocab-0278,N5,278,262,"{""genki_lesson"": 13}","{""primary"": ""言葉"", ""variants"": [""言葉""], ""without_furigana"": ""言葉"", ""with_furigana"": ""{言葉}(ことば)"", ""lookup_text"": ""言葉""}","{""primary"": ""ことば"", ""variants"": [""ことば""], ""source_text"": ""ことば""}","[""language"", ""word(s)"", ""expression(s)""]","[{""code"": ""n"", ""label"": ""noun (common) (futsuumeishi)""}]",True,"[{""japanese_raw"": ""言葉が出てこなかった。"", ""japanese_furigana"": ""<furigana>言葉が出てこなかった。</furigana>"", ""english"": ""Words failed me."", ""source"": ""tatoeba"", ""source_id"": ""174713""}, {""japanese_raw"": ""乱暴な言葉を使ってはいけない。"", ""japanese_furigana"": ""<furigana>乱暴な言葉を使ってはいけない。</furigana>"", ""english"": ""Don't be rough in speech."", ""source"": ""tatoeba"", ""source_id"": ""78508""}]","{""level_map"": ""open-anki-jlpt-decks"", ""level_map_guid"": ""EWtR7eO/R4"", ""dictionary"": ""JMdict"", ""dictionary_entry_id"": ""1264540"", ""dictionary_lookup_aliases"": [], ""examples"": ""JMdict sense-linked Tatoeba examples""}"
n5-vocab-0279,N5,279,347,"{""genki_lesson"": 13}","{""primary"": ""セーター"", ""variants"": [""セーター""], ""without_furigana"": ""セーター"", ""with_furigana"": ""セーター"", ""lookup_text"": ""セーター""}","{""primary"": ""セーター"", ""variants"": [""セーター""], ""source_text"": ""セーター""}","[""sweater""]","[{""code"": ""n"", ""label"": ""noun (common) (futsuumeishi)""}]",True,"[{""japanese_raw"": ""このセーターは洗っても大丈夫です。"", ""japanese_furigana"": ""<furigana>このセーターは洗っても大丈夫です。</furigana>"", ""english"": ""This sweater will stand washing."", ""source"": ""tatoeba"", ""source_id"": ""223605""}]","{""level_map"": ""open-anki-jlpt-decks"", ""level_map_guid"": ""NSeOhKH2D6"", ""dictionary"": ""JMdict"", ""dictionary_entry_id"": ""1074270"", ""dictionary_lookup_aliases"": [], ""examples"": ""JMdict sense-linked Tatoeba examples""}"
n5-vocab-0280,N5,280,357,"{""genki_lesson"": 13}","{""primary"": ""全部"", ""variants"": [""全部""], ""without_furigana"": ""全部"", ""with_furigana"": ""{全部}(ぜんぶ)"", ""lookup_text"": ""全部""}","{""primary"": ""ぜんぶ"", ""variants"": [""ぜんぶ""], ""source_text"": ""ぜんぶ""}","[""all"", ""entire"", ""whole""]","[{""code"": ""n"", ""label"": ""noun (common) (futsuumeishi)""}, {""code"": ""adj-no"", ""label"": ""nouns which may take the genitive case particle 'no'""}, {""code"": ""adv"", ""label"": ""adverb (fukushi)""}]",True,"[{""japanese_raw"": ""かばん全部に荷札をつけなさい。"", ""japanese_furigana"": ""<furigana>かばん全部に荷札をつけなさい。</furigana>"", ""english"": ""Attach labels to all the bags."", ""source"": ""tatoeba"", ""source_id"": ""226243""}]","{""level_map"": ""open-anki-jlpt-decks"", ""level_map_guid"": ""MgJu@!Fk&_"", ""dictionary"": ""JMdict"", ""dictionary_entry_id"": ""1396130"", ""dictionary_lookup_aliases"": [], ""examples"": ""JMdict sense-linked Tatoeba examples""}"
n5-vocab-0281,N5,281,401,"{""genki_lesson"": 13}","{""primary"": ""近い"", ""variants"": [""近い""], ""without_furigana"": ""近い"", ""with_furigana"": ""{近}(ちか)い"", ""lookup_text"": ""近い""}","{""primary"": ""ちかい"", ""variants"": [""ちかい""], ""source_text"": ""ちかい""}","[""near"", ""close by"", ""short""]","[{""code"": ""adj-i"", ""label"": ""adjective (keiyoushi)""}]",True,"[{""japanese_raw"": ""クリスマスが近くなってきた。"", ""japanese_furigana"": ""<furigana>クリスマスが近くなってきた。</furigana>"", ""english"": ""Christmas is fast approaching."", ""source"": ""tatoeba"", ""source_id"": ""225480""}]","{""level_map"": ""open-anki-jlpt-decks"", ""level_map_guid"": ""ttC.1]n,0|"", ""dictionary"": ""JMdict"", ""dictionary_entry_id"": ""1242130"", ""dictionary_lookup_aliases"": [], ""examples"": ""JMdict sense-linked Tatoeba examples""}"
n5-vocab-0282,N5,282,453,"{""genki_lesson"": 13}","{""primary"": ""十日"", ""variants"": [""十日""], ""without_furigana"": ""十日"", ""with_furigana"": ""{十日}(とおか)"", ""lookup_text"": ""十日""}","{""primary"": ""とおか"", ""variants"": [""とおか""], ""source_text"": ""とおか""}","[""ten days"", ""tenth day of the month""]","[{""code"": ""n"", ""label"": ""noun (common) (futsuumeishi)""}]",True,"[{""japanese_raw"": ""会議は１０日後です。"", ""japanese_furigana"": ""<furigana>会議は１０日後です。</furigana>"", ""english"": ""The meeting is ten days away."", ""source"": ""tatoeba"", ""source_id"": ""185379""}, {""japanese_raw"": ""３月１０日までに予約を再確認して下さい。"", ""japanese_furigana"": ""<furigana>３月１０日までに予約を再確認して下さい。</furigana>"", ""english"": ""Please reconfirm the reservation by March 10."", ""source"": ""tatoeba"", ""source_id"": ""235336""}]","{""level_map"": ""open-anki-jlpt-decks"", ""level_map_guid"": ""g[CNT&GA2["", ""dictionary"": ""JMdict"", ""dictionary_entry_id"": ""1335000"", ""dictionary_lookup_aliases"": [], ""examples"": ""JMdict sense-linked Tatoeba examples""}"
n5-vocab-0283,N5,283,489,"{""genki_lesson"": 13}","{""primary"": ""七日"", ""variants"": [""七日""], ""without_furigana"": ""七日"", ""with_furigana"": ""{七日}(なのか)"", ""lookup_text"": ""七日""}","{""primary"": ""なのか"", ""variants"": [""なのか""], ""source_text"": ""なのか""}","[""seven days"", ""seventh day (of the month)""]","[{""code"": ""n"", ""label"": ""noun (common) (futsuumeishi)""}]",True,"[{""japanese_raw"": ""１月７日付けのお手紙、ありがとうございました。"", ""japanese_furigana"": ""<furigana>１月７日付けのお手紙、ありがとうございました。</furigana>"", ""english"": ""Thank you very much for your letter of January 7th."", ""source"": ""tatoeba"", ""source_id"": ""235802""}, {""japanese_raw"": ""人間は食べ物がなくても４０日まで生きられるが、水がないと７日間しか生きられない。"", ""japanese_furigana"": ""<furigana>人間は食べ物がなくても４０日まで生きられるが、水がないと７日間しか生きられない。</furigana>"", ""english"": ""Human beings can live up to 40 days without food, but no more than 7 without water."", ""source"": ""tatoeba"", ""source_id"": ""144269""}]","{""level_map"": ""open-anki-jlpt-decks"", ""level_map_guid"": ""I|+G2AT>J]"", ""dictionary"": ""JMdict"", ""dictionary_entry_id"": ""1579630"", ""dictionary_lookup_aliases"": [], ""examples"": ""JMdict sense-linked Tatoeba examples""}"
n5-vocab-0284,N5,284,585,"{""genki_lesson"": 13}","{""primary"": ""二日"", ""variants"": [""二日""], ""without_furigana"": ""二日"", ""with_furigana"": ""{二日}(ふつか)"", ""lookup_text"": ""二日""}","{""primary"": ""ふつか"", ""variants"": [""ふつか""], ""source_text"": ""ふつか""}","[""two days"", ""second day of the month""]","[{""code"": ""n"", ""label"": ""noun (common) (futsuumeishi)""}]",True,"[{""japanese_raw"": ""２日で３つの州を走破した。"", ""japanese_furigana"": ""<furigana>２日で３つの州を走破した。</furigana>"", ""english"": ""We covered three states in two days."", ""source"": ""tatoeba"", ""source_id"": ""235418""}, {""japanese_raw"": ""それは１週間前、すなわち４月２日に行われた。"", ""japanese_furigana"": ""<furigana>それは１週間前、すなわち４月２日に行われた。</furigana>"", ""english"": ""It was due a week ago, namely on April second."", ""source"": ""tatoeba"", ""source_id"": ""205590""}]","{""level_map"": ""open-anki-jlpt-decks"", ""level_map_guid"": ""dRYcz7jSL;"", ""dictionary"": ""JMdict"", ""dictionary_entry_id"": ""1462900"", ""dictionary_lookup_aliases"": [], ""examples"": ""JMdict sense-linked Tatoeba examples""}"
n5-vocab-0285,N5,285,635,"{""genki_lesson"": 13}","{""primary"": ""磨く"", ""variants"": [""磨く""], ""without_furigana"": ""磨く"", ""with_furigana"": ""{磨}(みが)く"", ""lookup_text"": ""磨く""}","{""primary"": ""みがく"", ""variants"": [""みがく""], ""source_text"": ""みがく""}","[""to brush (teeth)"", ""to polish""]","[{""code"": ""v5k"", ""label"": ""Godan verb with 'ku' ending""}, {""code"": ""vt"", ""label"": ""transitive verb""}]",True,"[{""japanese_raw"": ""弟は銀の食器類を磨いた。"", ""japanese_furigana"": ""<furigana>弟は銀の食器類を磨いた。</furigana>"", ""english"": ""My brother polished the silver."", ""source"": ""tatoeba"", ""source_id"": ""125434""}, {""japanese_raw"": ""学生は読書の技能を磨くべきだ。"", ""japanese_furigana"": ""<furigana>学生は読書の技能を磨くべきだ。</furigana>"", ""english"": ""Students should develop their reading skills."", ""source"": ""tatoeba"", ""source_id"": ""184229""}]","{""level_map"": ""open-anki-jlpt-decks"", ""level_map_guid"": ""f*XbBCL&y-"", ""dictionary"": ""JMdict"", ""dictionary_entry_id"": ""1523940"", ""dictionary_lookup_aliases"": [], ""examples"": ""JMdict sense-linked Tatoeba examples""}"
n5-vocab-0286,N5,286,639,"{""genki_lesson"": 13}","{""primary"": ""店"", ""variants"": [""店""], ""without_furigana"": ""店"", ""with_furigana"": ""{店}(みせ)"", ""lookup_text"": ""店""}","{""primary"": ""みせ"", ""variants"": [""みせ""], ""source_text"": ""みせ""}","[""store"", ""shop""]","[{""code"": ""n"", ""label"": ""noun (common) (futsuumeishi)""}]",True,"[{""japanese_raw"": ""あの店はサービスが良い。"", ""japanese_furigana"": ""<furigana>あの店はサービスが良い。</furigana>"", ""english"": ""That store gives good service."", ""source"": ""tatoeba"", ""source_id"": ""230537""}]","{""level_map"": ""open-anki-jlpt-decks"", ""level_map_guid"": ""w{yPQLxrpZ"", ""dictionary"": ""JMdict"", ""dictionary_entry_id"": ""1582120"", ""dictionary_lookup_aliases"": [], ""examples"": ""JMdict sense-linked Tatoeba examples""}"
n5-vocab-0287,N5,287,642,"{""genki_lesson"": 13}","{""primary"": ""三日"", ""variants"": [""三日""], ""without_furigana"": ""三日"", ""with_furigana"": ""{三日}(みっか)"", ""lookup_text"": ""三日""}","{""primary"": ""みっか"", ""variants"": [""みっか""], ""source_text"": ""みっか""}","[""three days"", ""third day of the month""]","[{""code"": ""n"", ""label"": ""noun (common) (futsuumeishi)""}]",True,"[{""japanese_raw"": ""１０月３日です。"", ""japanese_furigana"": ""<furigana>１０月３日です。</furigana>"", ""english"": ""It's the third of October."", ""source"": ""tatoeba"", ""source_id"": ""236068""}, {""japanese_raw"": ""彼女には３日前に会ったよ。"", ""japanese_furigana"": ""<furigana>彼女には３日前に会ったよ。</furigana>"", ""english"": ""I met her three days ago."", ""source"": ""tatoeba"", ""source_id"": ""153409""}]","{""level_map"": ""open-anki-jlpt-decks"", ""level_map_guid"": ""BQ,4DuKr8>"", ""dictionary"": ""JMdict"", ""dictionary_entry_id"": ""1301330"", ""dictionary_lookup_aliases"": [], ""examples"": ""JMdict sense-linked Tatoeba examples""}"
n5-vocab-0288,N5,288,650,"{""genki_lesson"": 13}","{""primary"": ""六日"", ""variants"": [""六日""], ""without_furigana"": ""六日"", ""with_furigana"": ""{六日}(むいか)"", ""lookup_text"": ""六日""}","{""primary"": ""むいか"", ""variants"": [""むいか""], ""source_text"": ""むいか""}","[""six days"", ""sixth day of month""]","[{""code"": ""n"", ""label"": ""noun (common) (futsuumeishi)""}]",True,"[{""japanese_raw"": ""聖書によれば、神は６日で世界を創られた。"", ""japanese_furigana"": ""<furigana>聖書によれば、神は６日で世界を創られた。</furigana>"", ""english"": ""According to the Bible, God made the world in six days."", ""source"": ""tatoeba"", ""source_id"": ""142651""}, {""japanese_raw"": ""４月５日か６日に会っていただけませんか。"", ""japanese_furigana"": ""<furigana>４月５日か６日に会っていただけませんか。</furigana>"", ""english"": ""Would it be possible to set up a meeting with us on April 5 or 6?"", ""source"": ""tatoeba"", ""source_id"": ""235224""}]","{""level_map"": ""open-anki-jlpt-decks"", ""level_map_guid"": ""cT@R(=%:PY"", ""dictionary"": ""JMdict"", ""dictionary_entry_id"": ""1561470"", ""dictionary_lookup_aliases"": [], ""examples"": ""JMdict sense-linked Tatoeba examples""}"
n5-vocab-0289,N5,289,683,"{""genki_lesson"": 13}","{""primary"": ""八日"", ""variants"": [""八日""], ""without_furigana"": ""八日"", ""with_furigana"": ""{八日}(ようか)"", ""lookup_text"": ""八日""}","{""primary"": ""ようか"", ""variants"": [""ようか""], ""source_text"": ""ようか""}","[""eight days"", ""eighth day of the month""]","[{""code"": ""n"", ""label"": ""noun (common) (futsuumeishi)""}]",True,"[{""japanese_raw"": ""学校は４月８日から始まります。"", ""japanese_furigana"": ""<furigana>学校は４月８日から始まります。</furigana>"", ""english"": ""School begins on April 8."", ""source"": ""tatoeba"", ""source_id"": ""184424""}]","{""level_map"": ""open-anki-jlpt-decks"", ""level_map_guid"": ""Fd}WQ7nZj^"", ""dictionary"": ""JMdict"", ""dictionary_entry_id"": ""1476920"", ""dictionary_lookup_aliases"": [], ""examples"": ""JMdict sense-linked Tatoeba examples""}"
n5-vocab-0290,N5,290,687,"{""genki_lesson"": 13}","{""primary"": ""四日"", ""variants"": [""四日""], ""without_furigana"": ""四日"", ""with_furigana"": ""{四日}(よっか)"", ""lookup_text"": ""四日""}","{""primary"": ""よっか"", ""variants"": [""よっか""], ""source_text"": ""よっか""}","[""four days"", ""fourth day of the month""]","[{""code"": ""n"", ""label"": ""noun (common) (futsuumeishi)""}]",True,"[{""japanese_raw"": ""長くても４日しか待てませんよ。"", ""japanese_furigana"": ""<furigana>長くても４日しか待てませんよ。</furigana>"", ""english"": ""I can wait four days at the longest."", ""source"": ""tatoeba"", ""source_id"": ""125908""}, {""japanese_raw"": ""７月４日はアメリカでは記念すべき日だ。"", ""japanese_furigana"": ""<furigana>７月４日はアメリカでは記念すべき日だ。</furigana>"", ""english"": ""July 4th is a red-letter day in America."", ""source"": ""tatoeba"", ""source_id"": ""234999""}]","{""level_map"": ""open-anki-jlpt-decks"", ""level_map_guid"": ""s(2D4IDk2]"", ""dictionary"": ""JMdict"", ""dictionary_entry_id"": ""1307320"", ""dictionary_lookup_aliases"": [], ""examples"": ""JMdict sense-linked Tatoeba examples""}"
n5-vocab-0291,N5,291,715,"{""genki_lesson"": 13}","{""primary"": ""私"", ""variants"": [""私""], ""without_furigana"": ""私"", ""with_furigana"": ""{私}(わたくし)"", ""lookup_text"": ""私""}","{""primary"": ""わたくし"", ""variants"": [""わたくし""], ""source_text"": ""わたくし""}","[""I (formal)"", ""myself"", ""private affairs""]","[{""code"": ""pn"", ""label"": ""pronoun""}, {""code"": ""adj-no"", ""label"": ""nouns which may take the genitive case particle 'no'""}, {""code"": ""n"", ""label"": ""noun (common) (futsuumeishi)""}]",False,[],"{""level_map"": ""open-anki-jlpt-decks"", ""level_map_guid"": ""m!I5:hHt<W"", ""dictionary"": ""JMdict"", ""dictionary_entry_id"": ""2842390"", ""dictionary_lookup_aliases"": [], ""examples"": ""JMdict sense-linked Tatoeba examples""}"
n5-vocab-0292,N5,292,29,"{""genki_lesson"": 14}","{""primary"": ""兄"", ""variants"": [""兄""], ""without_furigana"": ""兄"", ""with_furigana"": ""{兄}(あに)"", ""lookup_text"": ""兄""}","{""primary"": ""あに"", ""variants"": [""あに""], ""source_text"": ""あに""}","[""(my) older brother (humble)""]","[{""code"": ""n"", ""label"": ""noun (common) (futsuumeishi)""}]",True,"[{""japanese_raw"": ""私の兄は技師になった。"", ""japanese_furigana"": ""<furigana>私の兄は技師になった。</furigana>"", ""english"": ""My brother became an engineer."", ""source"": ""tatoeba"", ""source_id"": ""163804""}]","{""level_map"": ""open-anki-jlpt-decks"", ""level_map_guid"": ""L}%Kue=51s"", ""dictionary"": ""JMdict"", ""dictionary_entry_id"": ""1249900"", ""dictionary_lookup_aliases"": [], ""examples"": ""JMdict sense-linked Tatoeba examples""}"
n5-vocab-0293,N5,293,107,"{""genki_lesson"": 14}","{""primary"": ""奥さん"", ""variants"": [""奥さん""], ""without_furigana"": ""奥さん"", ""with_furigana"": ""{奥}(おく)さん"", ""lookup_text"": ""奥さん""}","{""primary"": ""おくさん"", ""variants"": [""おくさん""], ""source_text"": ""おくさん""}","[""(someone else's) wife (hon.)""]","[{""code"": ""n"", ""label"": ""noun (common) (futsuumeishi)""}]",True,"[{""japanese_raw"": ""彼は奥さんが怖かった。"", ""japanese_furigana"": ""<furigana>彼は奥さんが怖かった。</furigana>"", ""english"": ""He was afraid of his wife."", ""source"": ""tatoeba"", ""source_id"": ""109549""}]","{""level_map"": ""open-anki-jlpt-decks"", ""level_map_guid"": ""raj<Z6u7R]"", ""dictionary"": ""JMdict"", ""dictionary_entry_id"": ""1179330"", ""dictionary_lookup_aliases"": [], ""examples"": ""JMdict sense-linked Tatoeba examples""}"
n5-vocab-0294,N5,294,125,"{""genki_lesson"": 14}","{""primary"": ""同じ"", ""variants"": [""同じ""], ""without_furigana"": ""同じ"", ""with_furigana"": ""{同}(おな)じ"", ""lookup_text"": ""同じ""}","{""primary"": ""おなじ"", ""variants"": [""おなじ""], ""source_text"": ""おなじ""}","[""same"", ""identical""]","[{""code"": ""adj-f"", ""label"": ""noun or verb acting prenominally""}, {""code"": ""adj-na"", ""label"": ""adjectival nouns or quasi-adjectives (keiyodoshi)""}, {""code"": ""adv"", ""label"": ""adverb (fukushi)""}]",True,"[{""japanese_raw"": ""ジャズが使う音符は、バッハが使ったのと同じだ"", ""japanese_furigana"": ""<furigana>ジャズが使う音符は、バッハが使ったのと同じだ</furigana>"", ""english"": ""Jazz uses the same notes that Bach used."", ""source"": ""tatoeba"", ""source_id"": ""215875""}]","{""level_map"": ""open-anki-jlpt-decks"", ""level_map_guid"": ""FT1U+`d~$u"", ""dictionary"": ""JMdict"", ""dictionary_entry_id"": ""1451750"", ""dictionary_lookup_aliases"": [], ""examples"": ""JMdict sense-linked Tatoeba examples""}"
n5-vocab-0295,N5,295,207,"{""genki_lesson"": 14}","{""primary"": ""去年"", ""variants"": [""去年""], ""without_furigana"": ""去年"", ""with_furigana"": ""{去年}(きょねん)"", ""lookup_text"": ""去年""}","{""primary"": ""きょねん"", ""variants"": [""きょねん""], ""source_text"": ""きょねん""}","[""last year""]","[{""code"": ""n"", ""label"": ""noun (common) (futsuumeishi)""}, {""code"": ""adv"", ""label"": ""adverb (fukushi)""}]",True,"[{""japanese_raw"": ""ビルは去年の秋に私に会いに来た。"", ""japanese_furigana"": ""<furigana>ビルは去年の秋に私に会いに来た。</furigana>"", ""english"": ""Bill came to see me last autumn."", ""source"": ""tatoeba"", ""source_id"": ""197333""}]","{""level_map"": ""open-anki-jlpt-decks"", ""level_map_guid"": ""zrXmT>AI2s"", ""dictionary"": ""JMdict"", ""dictionary_entry_id"": ""1231690"", ""dictionary_lookup_aliases"": [], ""examples"": ""JMdict sense-linked Tatoeba examples""}"
n5-vocab-0296,N5,296,260,"{""genki_lesson"": 14}","{""primary"": ""コップ"", ""variants"": [""コップ""], ""without_furigana"": ""コップ"", ""with_furigana"": ""コップ"", ""lookup_text"": ""コップ""}","{""primary"": ""コップ"", ""variants"": [""コップ""], ""source_text"": ""コップ""}","[""a tumbler"", ""a glass""]","[{""code"": ""n"", ""label"": ""noun (common) (futsuumeishi)""}]",True,"[{""japanese_raw"": ""ガラスのコップを流しにおこうとしたら手が滑って、ガシャッと割れた。"", ""japanese_furigana"": ""<furigana>ガラスのコップを流しにおこうとしたら手が滑って、ガシャッと割れた。</furigana>"", ""english"": ""When I tried to set the glass down in the sink my hand slipped and it shattered to pieces."", ""source"": ""tatoeba"", ""source_id"": ""226194""}]","{""level_map"": ""open-anki-jlpt-decks"", ""level_map_guid"": ""fS_r5k@$Y6"", ""dictionary"": ""JMdict"", ""dictionary_entry_id"": ""1050390"", ""dictionary_lookup_aliases"": [], ""examples"": ""JMdict sense-linked Tatoeba examples""}"
n5-vocab-0297,N5,297,294,"{""genki_lesson"": 14}","{""primary"": ""時間"", ""variants"": [""時間""], ""without_furigana"": ""時間"", ""with_furigana"": ""{時間}(じかん)"", ""lookup_text"": ""時間""}","{""primary"": ""じかん"", ""variants"": [""じかん""], ""source_text"": ""じかん""}","[""time""]","[{""code"": ""n"", ""label"": ""noun (common) (futsuumeishi)""}]",True,"[{""japanese_raw"": ""いつだって読書の時間は見つけられる。"", ""japanese_furigana"": ""<furigana>いつだって読書の時間は見つけられる。</furigana>"", ""english"": ""We can always find time for reading."", ""source"": ""tatoeba"", ""source_id"": ""228889""}, {""japanese_raw"": ""彼は勤勉な生徒だ。毎日３時間彼は勉強している。"", ""japanese_furigana"": ""<furigana>彼は勤勉な生徒だ。毎日３時間彼は勉強している。</furigana>"", ""english"": ""He is a diligent student. He studies three hours every day."", ""source"": ""tatoeba"", ""source_id"": ""108276""}]","{""level_map"": ""open-anki-jlpt-decks"", ""level_map_guid"": ""rl<d#jP#zf"", ""dictionary"": ""JMdict"", ""dictionary_entry_id"": ""1315920"", ""dictionary_lookup_aliases"": [], ""examples"": ""JMdict sense-linked Tatoeba examples""}"
n5-vocab-0298,N5,298,508,"{""genki_lesson"": 14}","{""primary"": ""ネクタイ"", ""variants"": [""ネクタイ""], ""without_furigana"": ""ネクタイ"", ""with_furigana"": ""ネクタイ"", ""lookup_text"": ""ネクタイ""}","{""primary"": ""ネクタイ"", ""variants"": [""ネクタイ""], ""source_text"": ""ネクタイ""}","[""tie"", ""necktie""]","[{""code"": ""n"", ""label"": ""noun (common) (futsuumeishi)""}]",True,"[{""japanese_raw"": ""このネクタイはあなたのシャツによく似合ってますよ。"", ""japanese_furigana"": ""<furigana>このネクタイはあなたのシャツによく似合ってますよ。</furigana>"", ""english"": ""This tie goes with your shirt."", ""source"": ""tatoeba"", ""source_id"": ""223403""}]","{""level_map"": ""open-anki-jlpt-decks"", ""level_map_guid"": ""AQO{m&veen"", ""dictionary"": ""JMdict"", ""dictionary_entry_id"": ""1092820"", ""dictionary_lookup_aliases"": [], ""examples"": ""JMdict sense-linked Tatoeba examples""}"
n5-vocab-0299,N5,299,542,"{""genki_lesson"": 14}","{""primary"": ""母"", ""variants"": [""母""], ""without_furigana"": ""母"", ""with_furigana"": ""{母}(はは)"", ""lookup_text"": ""母""}","{""primary"": ""はは"", ""variants"": [""はは""], ""source_text"": ""はは""}","[""(my) mother""]","[{""code"": ""n"", ""label"": ""noun (common) (futsuumeishi)""}]",True,"[{""japanese_raw"": ""でもさ、母を連れて行かなくてはいけないんだ。"", ""japanese_furigana"": ""<furigana>でもさ、母を連れて行かなくてはいけないんだ。</furigana>"", ""english"": ""But, I have to take my mother."", ""source"": ""tatoeba"", ""source_id"": ""202099""}]","{""level_map"": ""open-anki-jlpt-decks"", ""level_map_guid"": ""I?S_Xs1PT;"", ""dictionary"": ""JMdict"", ""dictionary_entry_id"": ""1514990"", ""dictionary_lookup_aliases"": [], ""examples"": ""JMdict sense-linked Tatoeba examples""}"
n5-vocab-0300,N5,300,696,"{""genki_lesson"": 14}","{""primary"": ""ラジオ"", ""variants"": [""ラジオ""], ""without_furigana"": ""ラジオ"", ""with_furigana"": ""ラジオ"", ""lookup_text"": ""ラジオ""}","{""primary"": ""ラジオ"", ""variants"": [""ラジオ""], ""source_text"": ""ラジオ""}","[""radio""]","[{""code"": ""n"", ""label"": ""noun (common) (futsuumeishi)""}]",True,"[{""japanese_raw"": ""そのニュースはラジオで聞いたよ。"", ""japanese_furigana"": ""<furigana>そのニュースはラジオで聞いたよ。</furigana>"", ""english"": ""I heard the news on the radio."", ""source"": ""tatoeba"", ""source_id"": ""212803""}]","{""level_map"": ""open-anki-jlpt-decks"", ""level_map_guid"": ""wyqA~/nA@+"", ""dictionary"": ""JMdict"", ""dictionary_entry_id"": ""1138860"", ""dictionary_lookup_aliases"": [], ""examples"": ""JMdict sense-linked Tatoeba examples""}"
n5-vocab-0301,N5,301,700,"{""genki_lesson"": 14}","{""primary"": ""両親"", ""variants"": [""両親""], ""without_furigana"": ""両親"", ""with_furigana"": ""{両親}(りょうしん)"", ""lookup_text"": ""両親""}","{""primary"": ""りょうしん"", ""variants"": [""りょうしん""], ""source_text"": ""りょうしん""}","[""parents (lit."", ""both parents)""]","[{""code"": ""n"", ""label"": ""noun (common) (futsuumeishi)""}]",True,"[{""japanese_raw"": ""あなたを私の両親に紹介したい。"", ""japanese_furigana"": ""<furigana>あなたを私の両親に紹介したい。</furigana>"", ""english"": ""I want you to meet my parents."", ""source"": ""tatoeba"", ""source_id"": ""231428""}]","{""level_map"": ""open-anki-jlpt-decks"", ""level_map_guid"": ""L.[<hVhM?f"", ""dictionary"": ""JMdict"", ""dictionary_entry_id"": ""1602710"", ""dictionary_lookup_aliases"": [], ""examples"": ""JMdict sense-linked Tatoeba examples""}"
n5-vocab-0302,N5,302,84,"{""genki_lesson"": 15}","{""primary"": ""売る"", ""variants"": [""売る""], ""without_furigana"": ""売る"", ""with_furigana"": ""{売}(う)る"", ""lookup_text"": ""売る""}","{""primary"": ""うる"", ""variants"": [""うる""], ""source_text"": ""うる""}","[""to sell (v.t.)""]","[{""code"": ""v5r"", ""label"": ""Godan verb with 'ru' ending""}, {""code"": ""vt"", ""label"": ""transitive verb""}]",True,"[{""japanese_raw"": ""ガソリンはリットル単位で売られる。"", ""japanese_furigana"": ""<furigana>ガソリンはリットル単位で売られる。</furigana>"", ""english"": ""Gasoline is sold by the liter."", ""source"": ""tatoeba"", ""source_id"": ""226372""}]","{""level_map"": ""open-anki-jlpt-decks"", ""level_map_guid"": ""nqk=gYOr|$"", ""dictionary"": ""JMdict"", ""dictionary_entry_id"": ""1473950"", ""dictionary_lookup_aliases"": [], ""examples"": ""JMdict sense-linked Tatoeba examples""}"
n5-vocab-0303,N5,303,87,"{""genki_lesson"": 15}","{""primary"": ""絵"", ""variants"": [""絵""], ""without_furigana"": ""絵"", ""with_furigana"": ""{絵}(え)"", ""lookup_text"": ""絵""}","{""primary"": ""え"", ""variants"": [""え""], ""source_text"": ""え""}","[""a painting"", ""a picture"", ""a drawing""]","[{""code"": ""n"", ""label"": ""noun (common) (futsuumeishi)""}]",True,"[{""japanese_raw"": ""あの絵を壁に掛けなさい。"", ""japanese_furigana"": ""<furigana>あの絵を壁に掛けなさい。</furigana>"", ""english"": ""Hang that picture on the wall."", ""source"": ""tatoeba"", ""source_id"": ""231126""}]","{""level_map"": ""open-anki-jlpt-decks"", ""level_map_guid"": ""E6H3mWmPF1"", ""dictionary"": ""JMdict"", ""dictionary_entry_id"": ""1202270"", ""dictionary_lookup_aliases"": [], ""examples"": ""JMdict sense-linked Tatoeba examples""}"
n5-vocab-0304,N5,304,89,"{""genki_lesson"": 15}","{""primary"": ""映画館"", ""variants"": [""映画館""], ""without_furigana"": ""映画館"", ""with_furigana"": ""{映画館}(えいがかん)"", ""lookup_text"": ""映画館""}","{""primary"": ""えいがかん"", ""variants"": [""えいがかん""], ""source_text"": ""えいがかん""}","[""movie theater"", ""cinema""]","[{""code"": ""n"", ""label"": ""noun (common) (futsuumeishi)""}]",True,"[{""japanese_raw"": ""その映画館は人々でいっぱいだった。"", ""japanese_furigana"": ""<furigana>その映画館は人々でいっぱいだった。</furigana>"", ""english"": ""The cinema was filled with people."", ""source"": ""tatoeba"", ""source_id"": ""212218""}]","{""level_map"": ""open-anki-jlpt-decks"", ""level_map_guid"": ""tKa%gU>tYk"", ""dictionary"": ""JMdict"", ""dictionary_entry_id"": ""1173750"", ""dictionary_lookup_aliases"": [], ""examples"": ""JMdict sense-linked Tatoeba examples""}"
n5-vocab-0305,N5,305,145,"{""genki_lesson"": 15}","{""primary"": ""外国人"", ""variants"": [""外国人""], ""without_furigana"": ""外国人"", ""with_furigana"": ""{外国人}(がいこくじん)"", ""lookup_text"": ""外国人""}","{""primary"": ""がいこくじん"", ""variants"": [""がいこくじん""], ""source_text"": ""がいこくじん""}","[""foreigner""]","[{""code"": ""n"", ""label"": ""noun (common) (futsuumeishi)""}]",True,"[{""japanese_raw"": ""「居住外国人」とは、どういう意味ですか。"", ""japanese_furigana"": ""<furigana>「居住外国人」とは、どういう意味ですか。</furigana>"", ""english"": ""What does \""resident alien\"" mean?"", ""source"": ""tatoeba"", ""source_id"": ""236326""}]","{""level_map"": ""open-anki-jlpt-decks"", ""level_map_guid"": ""mxObbkK7.-"", ""dictionary"": ""JMdict"", ""dictionary_entry_id"": ""1203650"", ""dictionary_lookup_aliases"": [], ""examples"": ""JMdict sense-linked Tatoeba examples""}"
n5-vocab-0306,N5,306,366,"{""genki_lesson"": 15}","{""primary"": ""そば"", ""variants"": [""そば""], ""without_furigana"": ""そば"", ""with_furigana"": ""そば"", ""lookup_text"": ""そば""}","{""primary"": ""そば"", ""variants"": [""そば""], ""source_text"": ""そば""}","[""near"", ""close"", ""beside"", ""Japanese traditional buckwheat noodle""]","[{""code"": ""n"", ""label"": ""noun (common) (futsuumeishi)""}]",True,"[{""japanese_raw"": ""長野にいる友人を訪問した際、おいしいそばをごちそうになった。"", ""japanese_furigana"": ""<furigana>長野にいる友人を訪問した際、おいしいそばをごちそうになった。</furigana>"", ""english"": ""When I visited my friend in Nagano, I was treated to delicious soba."", ""source"": ""tatoeba"", ""source_id"": ""125853""}]","{""level_map"": ""open-anki-jlpt-decks"", ""level_map_guid"": ""M)]t*`<F@c"", ""dictionary"": ""JMdict"", ""dictionary_entry_id"": ""1238460"", ""dictionary_lookup_aliases"": [], ""examples"": ""JMdict sense-linked Tatoeba examples""}"
n5-vocab-0307,N5,307,405,"{""genki_lesson"": 15}","{""primary"": ""地図"", ""variants"": [""地図""], ""without_furigana"": ""地図"", ""with_furigana"": ""{地図}(ちず)"", ""lookup_text"": ""地図""}","{""primary"": ""ちず"", ""variants"": [""ちず""], ""source_text"": ""ちず""}","[""a map""]","[{""code"": ""n"", ""label"": ""noun (common) (futsuumeishi)""}]",True,"[{""japanese_raw"": ""どこへ行けばヨーロッパの地図が手に入りますか。"", ""japanese_furigana"": ""<furigana>どこへ行けばヨーロッパの地図が手に入りますか。</furigana>"", ""english"": ""Where can I obtain a map of Europe?"", ""source"": ""tatoeba"", ""source_id"": ""200895""}]","{""level_map"": ""open-anki-jlpt-decks"", ""level_map_guid"": ""dhY*~Tx!fs"", ""dictionary"": ""JMdict"", ""dictionary_entry_id"": ""1421290"", ""dictionary_lookup_aliases"": [], ""examples"": ""JMdict sense-linked Tatoeba examples""}"
n5-vocab-0308,N5,308,504,"{""genki_lesson"": 15}","{""primary"": ""庭"", ""variants"": [""庭""], ""without_furigana"": ""庭"", ""with_furigana"": ""{庭}(にわ)"", ""lookup_text"": ""庭""}","{""primary"": ""にわ"", ""variants"": [""にわ""], ""source_text"": ""にわ""}","[""garden""]","[{""code"": ""n"", ""label"": ""noun (common) (futsuumeishi)""}]",True,"[{""japanese_raw"": ""私たちの庭には２本の桜の木があります。"", ""japanese_furigana"": ""<furigana>私たちの庭には２本の桜の木があります。</furigana>"", ""english"": ""Our garden has two cherry trees."", ""source"": ""tatoeba"", ""source_id"": ""166847""}]","{""level_map"": ""open-anki-jlpt-decks"", ""level_map_guid"": ""f&>q3YTU?H"", ""dictionary"": ""JMdict"", ""dictionary_entry_id"": ""1436130"", ""dictionary_lookup_aliases"": [], ""examples"": ""JMdict sense-linked Tatoeba examples""}"
n5-vocab-0309,N5,309,575,"{""genki_lesson"": 15}","{""primary"": ""広い"", ""variants"": [""広い""], ""without_furigana"": ""広い"", ""with_furigana"": ""{広}(ひろ)い"", ""lookup_text"": ""広い""}","{""primary"": ""ひろい"", ""variants"": [""ひろい""], ""source_text"": ""ひろい""}","[""spacious"", ""wide"", ""broad""]","[{""code"": ""adj-i"", ""label"": ""adjective (keiyoushi)""}]",True,"[{""japanese_raw"": ""ジョンソン氏の部屋は広かった。"", ""japanese_furigana"": ""<furigana>ジョンソン氏の部屋は広かった。</furigana>"", ""english"": ""Mr Johnson's was a large room."", ""source"": ""tatoeba"", ""source_id"": ""215496""}]","{""level_map"": ""open-anki-jlpt-decks"", ""level_map_guid"": ""nThxsh#3~a"", ""dictionary"": ""JMdict"", ""dictionary_entry_id"": ""1278410"", ""dictionary_lookup_aliases"": [], ""examples"": ""JMdict sense-linked Tatoeba examples""}"
n5-vocab-0310,N5,310,578,"{""genki_lesson"": 15}","{""primary"": ""プール"", ""variants"": [""プール""], ""without_furigana"": ""プール"", ""with_furigana"": ""プール"", ""lookup_text"": ""プール""}","{""primary"": ""プール"", ""variants"": [""プール""], ""source_text"": ""プール""}","[""swimming pool""]","[{""code"": ""n"", ""label"": ""noun (common) (futsuumeishi)""}, {""code"": ""vs"", ""label"": ""noun or participle which takes the aux. verb suru""}, {""code"": ""vt"", ""label"": ""transitive verb""}]",True,"[{""japanese_raw"": ""私はプールで泳ぐのは好きではない。"", ""japanese_furigana"": ""<furigana>私はプールで泳ぐのは好きではない。</furigana>"", ""english"": ""I don't like to swim in the pool."", ""source"": ""tatoeba"", ""source_id"": ""159022""}]","{""level_map"": ""open-anki-jlpt-decks"", ""level_map_guid"": ""J.!iKtAY)1"", ""dictionary"": ""JMdict"", ""dictionary_entry_id"": ""1115150"", ""dictionary_lookup_aliases"": [], ""examples"": ""JMdict sense-linked Tatoeba examples""}"
n5-vocab-0311,N5,311,595,"{""genki_lesson"": 15}","{""primary"": ""ペット"", ""variants"": [""ペット""], ""without_furigana"": ""ペット"", ""with_furigana"": ""ペット"", ""lookup_text"": ""ペット""}","{""primary"": ""ペット"", ""variants"": [""ペット""], ""source_text"": ""ペット""}","[""pet""]","[{""code"": ""n"", ""label"": ""noun (common) (futsuumeishi)""}]",True,"[{""japanese_raw"": ""その人たちはココに新しいペットをあげようとしました。"", ""japanese_furigana"": ""<furigana>その人たちはココに新しいペットをあげようとしました。</furigana>"", ""english"": ""They tried to give Coco a new pet."", ""source"": ""tatoeba"", ""source_id"": ""144154""}]","{""level_map"": ""open-anki-jlpt-decks"", ""level_map_guid"": ""Gm:f8t8t/V"", ""dictionary"": ""JMdict"", ""dictionary_entry_id"": ""1120990"", ""dictionary_lookup_aliases"": [], ""examples"": ""JMdict sense-linked Tatoeba examples""}"
n5-vocab-0312,N5,312,196,"{""genki_lesson"": 16}","{""primary"": ""汚い"", ""variants"": [""汚い""], ""without_furigana"": ""汚い"", ""with_furigana"": ""{汚}(きたな)い"", ""lookup_text"": ""汚い""}","{""primary"": ""きたない"", ""variants"": [""きたない""], ""source_text"": ""きたない""}","[""dirty"", ""unclean"", ""filthy""]","[{""code"": ""adj-i"", ""label"": ""adjective (keiyoushi)""}]",True,"[{""japanese_raw"": ""ジャックは私に汚いいたずらをした。"", ""japanese_furigana"": ""<furigana>ジャックは私に汚いいたずらをした。</furigana>"", ""english"": ""Jack played a dirty trick on me."", ""source"": ""tatoeba"", ""source_id"": ""215815""}]","{""level_map"": ""open-anki-jlpt-decks"", ""level_map_guid"": ""gA&c1.)X%="", ""dictionary"": ""JMdict"", ""dictionary_entry_id"": ""1178940"", ""dictionary_lookup_aliases"": [], ""examples"": ""JMdict sense-linked Tatoeba examples""}"
n5-vocab-0313,N5,313,267,"{""genki_lesson"": 16}","{""primary"": ""困る"", ""variants"": [""困る""], ""without_furigana"": ""困る"", ""with_furigana"": ""{困}(こま)る"", ""lookup_text"": ""困る""}","{""primary"": ""こまる"", ""variants"": [""こまる""], ""source_text"": ""こまる""}","[""to be bothered"", ""to have difficulty""]","[{""code"": ""v5r"", ""label"": ""Godan verb with 'ru' ending""}, {""code"": ""vi"", ""label"": ""intransitive verb""}]",True,"[{""japanese_raw"": ""騒音でこまっている。"", ""japanese_furigana"": ""<furigana>騒音でこまっている。</furigana>"", ""english"": ""The noise bothers me."", ""source"": ""tatoeba"", ""source_id"": ""140250""}, {""japanese_raw"": ""僕はしばしばお金に困る。"", ""japanese_furigana"": ""<furigana>僕はしばしばお金に困る。</furigana>"", ""english"": ""I am often in difficulties."", ""source"": ""tatoeba"", ""source_id"": ""82088""}]","{""level_map"": ""open-anki-jlpt-decks"", ""level_map_guid"": ""QJ1l#P3oS5"", ""dictionary"": ""JMdict"", ""dictionary_entry_id"": ""1289590"", ""dictionary_lookup_aliases"": [], ""examples"": ""JMdict sense-linked Tatoeba examples""}"
n5-vocab-0314,N5,314,284,"{""genki_lesson"": 16}","{""primary"": ""砂糖"", ""variants"": [""砂糖""], ""without_furigana"": ""砂糖"", ""with_furigana"": ""{砂糖}(さとう)"", ""lookup_text"": ""砂糖""}","{""primary"": ""さとう"", ""variants"": [""さとう""], ""source_text"": ""さとう""}","[""sugar""]","[{""code"": ""n"", ""label"": ""noun (common) (futsuumeishi)""}]",True,"[{""japanese_raw"": ""はちには砂糖が全然ない。"", ""japanese_furigana"": ""<furigana>はちには砂糖が全然ない。</furigana>"", ""english"": ""There is no sugar in the bowl."", ""source"": ""tatoeba"", ""source_id"": ""197997""}]","{""level_map"": ""open-anki-jlpt-decks"", ""level_map_guid"": ""M]8mQGX#}E"", ""dictionary"": ""JMdict"", ""dictionary_entry_id"": ""1291600"", ""dictionary_lookup_aliases"": [], ""examples"": ""JMdict sense-linked Tatoeba examples""}"
n5-vocab-0315,N5,315,383,"{""genki_lesson"": 16}","{""primary"": ""出す"", ""variants"": [""出す""], ""without_furigana"": ""出す"", ""with_furigana"": ""{出}(だ)す"", ""lookup_text"": ""出す""}","{""primary"": ""だす"", ""variants"": [""だす""], ""source_text"": ""だす""}","[""to take (something) out"", ""to hand in (something)""]","[{""code"": ""v5s"", ""label"": ""Godan verb with 'su' ending""}, {""code"": ""vt"", ""label"": ""transitive verb""}, {""code"": ""suf"", ""label"": ""suffix""}]",True,"[{""japanese_raw"": ""いつから痛みだしましたか。"", ""japanese_furigana"": ""<furigana>いつから痛みだしましたか。</furigana>"", ""english"": ""How long have you had this pain?"", ""source"": ""tatoeba"", ""source_id"": ""228997""}, {""japanese_raw"": ""この件では名前を出したくない。"", ""japanese_furigana"": ""<furigana>この件では名前を出したくない。</furigana>"", ""english"": ""I want to remain anonymous in this."", ""source"": ""tatoeba"", ""source_id"": ""222164""}]","{""level_map"": ""open-anki-jlpt-decks"", ""level_map_guid"": ""bt0(EU(<V_"", ""dictionary"": ""JMdict"", ""dictionary_entry_id"": ""1338180"", ""dictionary_lookup_aliases"": [], ""examples"": ""JMdict sense-linked Tatoeba examples""}"
n5-vocab-0316,N5,316,640,"{""genki_lesson"": 16}","{""primary"": ""見せる"", ""variants"": [""見せる""], ""without_furigana"": ""見せる"", ""with_furigana"": ""{見}(み)せる"", ""lookup_text"": ""見せる""}","{""primary"": ""みせる"", ""variants"": [""みせる""], ""source_text"": ""みせる""}","[""to show"", ""to display""]","[{""code"": ""v1"", ""label"": ""Ichidan verb""}, {""code"": ""vt"", ""label"": ""transitive verb""}, {""code"": ""aux-v"", ""label"": ""auxiliary verb""}]",True,"[{""japanese_raw"": ""取り繕うように、笑ってみせる。"", ""japanese_furigana"": ""<furigana>取り繕うように、笑ってみせる。</furigana>"", ""english"": ""She smiled to smooth things over."", ""source"": ""tatoeba"", ""source_id"": ""76039""}, {""japanese_raw"": ""どんな手を使ってでも勝ちとってみせる。"", ""japanese_furigana"": ""<furigana>どんな手を使ってでも勝ちとってみせる。</furigana>"", ""english"": ""I'll win no matter what it takes."", ""source"": ""tatoeba"", ""source_id"": ""199417""}]","{""level_map"": ""open-anki-jlpt-decks"", ""level_map_guid"": ""u/XQDC4A&:"", ""dictionary"": ""JMdict"", ""dictionary_entry_id"": ""1259210"", ""dictionary_lookup_aliases"": [], ""examples"": ""JMdict sense-linked Tatoeba examples""}"
n5-vocab-0317,N5,317,641,"{""genki_lesson"": 16}","{""primary"": ""道"", ""variants"": [""道""], ""without_furigana"": ""道"", ""with_furigana"": ""{道}(みち)"", ""lookup_text"": ""道""}","{""primary"": ""みち"", ""variants"": [""みち""], ""source_text"": ""みち""}","[""road"", ""street"", ""way"", ""directions""]","[{""code"": ""n"", ""label"": ""noun (common) (futsuumeishi)""}]",True,"[{""japanese_raw"": ""道は急斜面をジグザグにのぼっていた。"", ""japanese_furigana"": ""<furigana>道は急斜面をジグザグにのぼっていた。</furigana>"", ""english"": ""The path zigzagged up the steep slope."", ""source"": ""tatoeba"", ""source_id"": ""75838""}, {""japanese_raw"": ""人生は重い荷を背負って遠い道を行くようなものだ。"", ""japanese_furigana"": ""<furigana>人生は重い荷を背負って遠い道を行くようなものだ。</furigana>"", ""english"": ""One's life is like going far with a burden on one's back."", ""source"": ""tatoeba"", ""source_id"": ""143981""}]","{""level_map"": ""open-anki-jlpt-decks"", ""level_map_guid"": ""g*1iadY2;L"", ""dictionary"": ""JMdict"", ""dictionary_entry_id"": ""1454080"", ""dictionary_lookup_aliases"": [], ""examples"": ""JMdict sense-linked Tatoeba examples""}"
n5-vocab-0318,N5,318,119,"{""genki_lesson"": 17}","{""primary"": ""男"", ""variants"": [""男""], ""without_furigana"": ""男"", ""with_furigana"": ""{男}(おとこ)"", ""lookup_text"": ""男""}","{""primary"": ""おとこ"", ""variants"": [""おとこ""], ""source_text"": ""おとこ""}","[""man"", ""male""]","[{""code"": ""n"", ""label"": ""noun (common) (futsuumeishi)""}, {""code"": ""n-pref"", ""label"": ""noun, used as a prefix""}]",True,"[{""japanese_raw"": ""あんな男見ても胸くそが悪い。"", ""japanese_furigana"": ""<furigana>あんな男見ても胸くそが悪い。</furigana>"", ""english"": ""I can't bear the sight of him."", ""source"": ""tatoeba"", ""source_id"": ""229532""}, {""japanese_raw"": ""彼は多分よい男であるかも知れない。"", ""japanese_furigana"": ""<furigana>彼は多分よい男であるかも知れない。</furigana>"", ""english"": ""He may be a good man for all I know."", ""source"": ""tatoeba"", ""source_id"": ""102560""}]","{""level_map"": ""open-anki-jlpt-decks"", ""level_map_guid"": ""QC9-<k]D|G"", ""dictionary"": ""JMdict"", ""dictionary_entry_id"": ""1419990"", ""dictionary_lookup_aliases"": [], ""examples"": ""JMdict sense-linked Tatoeba examples""}"
n5-vocab-0319,N5,319,140,"{""genki_lesson"": 17}","{""primary"": ""女"", ""variants"": [""女""], ""without_furigana"": ""女"", ""with_furigana"": ""{女}(おんな)"", ""lookup_text"": ""女""}","{""primary"": ""おんな"", ""variants"": [""おんな""], ""source_text"": ""おんな""}","[""woman"", ""female""]","[{""code"": ""n"", ""label"": ""noun (common) (futsuumeishi)""}, {""code"": ""n-pref"", ""label"": ""noun, used as a prefix""}]",True,"[{""japanese_raw"": ""彼が戻ってきた時には、女は歩み去っていた。"", ""japanese_furigana"": ""<furigana>彼が戻ってきた時には、女は歩み去っていた。</furigana>"", ""english"": ""When he came back, the woman had walked off."", ""source"": ""tatoeba"", ""source_id"": ""119438""}]","{""level_map"": ""open-anki-jlpt-decks"", ""level_map_guid"": ""d3!7^Z7+&i"", ""dictionary"": ""JMdict"", ""dictionary_entry_id"": ""1344930"", ""dictionary_lookup_aliases"": [], ""examples"": ""JMdict sense-linked Tatoeba examples""}"
n5-vocab-0320,N5,320,154,"{""genki_lesson"": 17}","{""primary"": ""鍵"", ""variants"": [""鍵""], ""without_furigana"": ""鍵"", ""with_furigana"": ""{鍵}(かぎ)"", ""lookup_text"": ""鍵""}","{""primary"": ""かぎ"", ""variants"": [""かぎ""], ""source_text"": ""かぎ""}","[""a lock"", ""a key""]","[{""code"": ""n"", ""label"": ""noun (common) (futsuumeishi)""}]",True,"[{""japanese_raw"": ""ドアを開ける際に、私は鍵を壊してしまった。"", ""japanese_furigana"": ""<furigana>ドアを開ける際に、私は鍵を壊してしまった。</furigana>"", ""english"": ""In opening the door, I broke the lock."", ""source"": ""tatoeba"", ""source_id"": ""201787""}]","{""level_map"": ""open-anki-jlpt-decks"", ""level_map_guid"": ""CBifo1C?=d"", ""dictionary"": ""JMdict"", ""dictionary_entry_id"": ""1260490"", ""dictionary_lookup_aliases"": [], ""examples"": ""JMdict sense-linked Tatoeba examples""}"
n5-vocab-0321,N5,321,175,"{""genki_lesson"": 17}","{""primary"": ""紙"", ""variants"": [""紙""], ""without_furigana"": ""紙"", ""with_furigana"": ""{紙}(かみ)"", ""lookup_text"": ""紙""}","{""primary"": ""かみ"", ""variants"": [""かみ""], ""source_text"": ""かみ""}","[""paper""]","[{""code"": ""n"", ""label"": ""noun (common) (futsuumeishi)""}]",True,"[{""japanese_raw"": ""紙は木から作られる。"", ""japanese_furigana"": ""<furigana>紙は木から作られる。</furigana>"", ""english"": ""Paper is made from wood."", ""source"": ""tatoeba"", ""source_id"": ""151205""}, {""japanese_raw"": ""紙に線を１本引きなさい。"", ""japanese_furigana"": ""<furigana>紙に線を１本引きなさい。</furigana>"", ""english"": ""Draw a line on the paper."", ""source"": ""tatoeba"", ""source_id"": ""151212""}]","{""level_map"": ""open-anki-jlpt-decks"", ""level_map_guid"": ""BZj5w]P?W@"", ""dictionary"": ""JMdict"", ""dictionary_entry_id"": ""1311530"", ""dictionary_lookup_aliases"": [], ""examples"": ""JMdict sense-linked Tatoeba examples""}"
n5-vocab-0322,N5,322,306,"{""genki_lesson"": 17}","{""primary"": ""自分"", ""variants"": [""自分""], ""without_furigana"": ""自分"", ""with_furigana"": ""{自分}(じぶん)"", ""lookup_text"": ""自分""}","{""primary"": ""じぶん"", ""variants"": [""じぶん""], ""source_text"": ""じぶん""}","[""myself"", ""oneself""]","[{""code"": ""pn"", ""label"": ""pronoun""}]",True,"[{""japanese_raw"": ""矛盾する報告を受けて、その役員は自分の立場を考え直した。"", ""japanese_furigana"": ""<furigana>矛盾する報告を受けて、その役員は自分の立場を考え直した。</furigana>"", ""english"": ""Conflicting reports prompted the director to reconsider her position."", ""source"": ""tatoeba"", ""source_id"": ""80873""}, {""japanese_raw"": ""スミスさんは、自分はニューヨークの生まれだが妻は日本だと言う。"", ""japanese_furigana"": ""<furigana>スミスさんは、自分はニューヨークの生まれだが妻は日本だと言う。</furigana>"", ""english"": ""Mr Smith says he was born in New York, but that his wife comes from Japan."", ""source"": ""tatoeba"", ""source_id"": ""214299""}]","{""level_map"": ""open-anki-jlpt-decks"", ""level_map_guid"": ""PVgO:!yY%&"", ""dictionary"": ""JMdict"", ""dictionary_entry_id"": ""1318610"", ""dictionary_lookup_aliases"": [], ""examples"": ""JMdict sense-linked Tatoeba examples""}"
n5-vocab-0323,N5,323,333,"{""genki_lesson"": 17}","{""primary"": ""少ない"", ""variants"": [""少ない""], ""without_furigana"": ""少ない"", ""with_furigana"": ""{少}(すく)ない"", ""lookup_text"": ""少ない""}","{""primary"": ""すくない"", ""variants"": [""すくない""], ""source_text"": ""すくない""}","[""a little"", ""a few""]","[{""code"": ""adj-i"", ""label"": ""adjective (keiyoushi)""}]",True,"[{""japanese_raw"": ""この病気に勝てる人は少ない。"", ""japanese_furigana"": ""<furigana>この病気に勝てる人は少ない。</furigana>"", ""english"": ""Not many survive this disease."", ""source"": ""tatoeba"", ""source_id"": ""220108""}]","{""level_map"": ""open-anki-jlpt-decks"", ""level_map_guid"": ""O}E#|bt5>="", ""dictionary"": ""JMdict"", ""dictionary_entry_id"": ""1348910"", ""dictionary_lookup_aliases"": [], ""examples"": ""JMdict sense-linked Tatoeba examples""}"
n5-vocab-0324,N5,324,338,"{""genki_lesson"": 17}","{""primary"": ""ストーブ"", ""variants"": [""ストーブ""], ""without_furigana"": ""ストーブ"", ""with_furigana"": ""ストーブ"", ""lookup_text"": ""ストーブ""}","{""primary"": ""ストーブ"", ""variants"": [""ストーブ""], ""source_text"": ""ストーブ""}","[""heater (lit: stove)""]","[{""code"": ""n"", ""label"": ""noun (common) (futsuumeishi)""}]",True,"[{""japanese_raw"": ""彼はストーブで体を暖めた。"", ""japanese_furigana"": ""<furigana>彼はストーブで体を暖めた。</furigana>"", ""english"": ""He warmed himself at the stove."", ""source"": ""tatoeba"", ""source_id"": ""113365""}]","{""level_map"": ""open-anki-jlpt-decks"", ""level_map_guid"": ""xw_f78(-:7"", ""dictionary"": ""JMdict"", ""dictionary_entry_id"": ""1070790"", ""dictionary_lookup_aliases"": [], ""examples"": ""JMdict sense-linked Tatoeba examples""}"
n5-vocab-0325,N5,325,343,"{""genki_lesson"": 17}","{""primary"": ""する"", ""variants"": [""する""], ""without_furigana"": ""する"", ""with_furigana"": ""する"", ""lookup_text"": ""する""}","{""primary"": ""する"", ""variants"": [""する""], ""source_text"": ""する""}","[""to do"", ""to try"", ""to wear small items (e.g."", ""necktie"", ""watch"", ""etc.)""]","[{""code"": ""vs-i"", ""label"": ""suru verb - included""}, {""code"": ""vi"", ""label"": ""intransitive verb""}, {""code"": ""vt"", ""label"": ""transitive verb""}, {""code"": ""suf"", ""label"": ""suffix""}, {""code"": ""aux-v"", ""label"": ""auxiliary verb""}]",True,"[{""japanese_raw"": ""彼は三日したら出発する。"", ""japanese_furigana"": ""<furigana>彼は三日したら出発する。</furigana>"", ""english"": ""He is leaving in three days."", ""source"": ""tatoeba"", ""source_id"": ""106699""}, {""japanese_raw"": ""結構です。それにしましょう。"", ""japanese_furigana"": ""<furigana>結構です。それにしましょう。</furigana>"", ""english"": ""All right. I'll take it."", ""source"": ""tatoeba"", ""source_id"": ""175788""}]","{""level_map"": ""open-anki-jlpt-decks"", ""level_map_guid"": ""LT|A_z,G+T"", ""dictionary"": ""JMdict"", ""dictionary_entry_id"": ""1157170"", ""dictionary_lookup_aliases"": [], ""examples"": ""JMdict sense-linked Tatoeba examples""}"
n5-vocab-0326,N5,326,423,"{""genki_lesson"": 17}","{""primary"": ""強い"", ""variants"": [""強い""], ""without_furigana"": ""強い"", ""with_furigana"": ""{強}(つよ)い"", ""lookup_text"": ""強い""}","{""primary"": ""つよい"", ""variants"": [""つよい""], ""source_text"": ""つよい""}","[""strong"", ""powerful""]","[{""code"": ""adj-i"", ""label"": ""adjective (keiyoushi)""}]",True,"[{""japanese_raw"": ""この布地は洗濯に強い。"", ""japanese_furigana"": ""<furigana>この布地は洗濯に強い。</furigana>"", ""english"": ""This material will stand up to lots of washings."", ""source"": ""tatoeba"", ""source_id"": ""220072""}, {""japanese_raw"": ""象というものは強い動物である。"", ""japanese_furigana"": ""<furigana>象というものは強い動物である。</furigana>"", ""english"": ""An elephant is a strong animal."", ""source"": ""tatoeba"", ""source_id"": ""146313""}]","{""level_map"": ""open-anki-jlpt-decks"", ""level_map_guid"": ""d[wde~o@q("", ""dictionary"": ""JMdict"", ""dictionary_entry_id"": ""1236070"", ""dictionary_lookup_aliases"": [], ""examples"": ""JMdict sense-linked Tatoeba examples""}"
n5-vocab-0327,N5,327,503,"{""genki_lesson"": 17}","{""primary"": ""ニュース"", ""variants"": [""ニュース""], ""without_furigana"": ""ニュース"", ""with_furigana"": ""ニュース"", ""lookup_text"": ""ニュース""}","{""primary"": ""ニュース"", ""variants"": [""ニュース""], ""source_text"": ""ニュース""}","[""news""]","[{""code"": ""n"", ""label"": ""noun (common) (futsuumeishi)""}]",True,"[{""japanese_raw"": ""そのニュースに彼はびっくり仰天した。"", ""japanese_furigana"": ""<furigana>そのニュースに彼はびっくり仰天した。</furigana>"", ""english"": ""The news took him by surprise."", ""source"": ""tatoeba"", ""source_id"": ""212843""}]","{""level_map"": ""open-anki-jlpt-decks"", ""level_map_guid"": ""iHtE.]1*,&"", ""dictionary"": ""JMdict"", ""dictionary_entry_id"": ""1091500"", ""dictionary_lookup_aliases"": [], ""examples"": ""JMdict sense-linked Tatoeba examples""}"
n5-vocab-0328,N5,328,506,"{""genki_lesson"": 17}","{""primary"": ""脱ぐ"", ""variants"": [""脱ぐ""], ""without_furigana"": ""脱ぐ"", ""with_furigana"": ""{脱}(ぬ)ぐ"", ""lookup_text"": ""脱ぐ""}","{""primary"": ""ぬぐ"", ""variants"": [""ぬぐ""], ""source_text"": ""ぬぐ""}","[""to take off (clothes)""]","[{""code"": ""v5g"", ""label"": ""Godan verb with 'gu' ending""}, {""code"": ""vt"", ""label"": ""transitive verb""}]",True,"[{""japanese_raw"": ""ここで靴を脱がなければなりませんか。"", ""japanese_furigana"": ""<furigana>ここで靴を脱がなければなりませんか。</furigana>"", ""english"": ""Do I have to take off my shoes here?"", ""source"": ""tatoeba"", ""source_id"": ""224569""}]","{""level_map"": ""open-anki-jlpt-decks"", ""level_map_guid"": ""cM_g)oAQIs"", ""dictionary"": ""JMdict"", ""dictionary_entry_id"": ""1416400"", ""dictionary_lookup_aliases"": [], ""examples"": ""JMdict sense-linked Tatoeba examples""}"
n5-vocab-0329,N5,329,621,"{""genki_lesson"": 17}","{""primary"": ""前"", ""variants"": [""前""], ""without_furigana"": ""前"", ""with_furigana"": ""{前}(まえ)"", ""lookup_text"": ""前""}","{""primary"": ""まえ"", ""variants"": [""まえ""], ""source_text"": ""まえ""}","[""before"", ""in front""]","[{""code"": ""n"", ""label"": ""noun (common) (futsuumeishi)""}, {""code"": ""adj-no"", ""label"": ""nouns which may take the genitive case particle 'no'""}, {""code"": ""adv"", ""label"": ""adverb (fukushi)""}, {""code"": ""suf"", ""label"": ""suffix""}]",True,"[{""japanese_raw"": ""上着の前が合わなかった。"", ""japanese_furigana"": ""<furigana>上着の前が合わなかった。</furigana>"", ""english"": ""On him the coat did not meet in the front."", ""source"": ""tatoeba"", ""source_id"": ""146211""}, {""japanese_raw"": ""父は２年前に亡くなった。"", ""japanese_furigana"": ""<furigana>父は２年前に亡くなった。</furigana>"", ""english"": ""My father passed away two years ago."", ""source"": ""tatoeba"", ""source_id"": ""84774""}]","{""level_map"": ""open-anki-jlpt-decks"", ""level_map_guid"": ""AcNx(A=]3O"", ""dictionary"": ""JMdict"", ""dictionary_entry_id"": ""1392580"", ""dictionary_lookup_aliases"": [], ""examples"": ""JMdict sense-linked Tatoeba examples""}"
n5-vocab-0330,N5,330,7,"{""genki_lesson"": 18}","{""primary"": ""明るい"", ""variants"": [""明るい""], ""without_furigana"": ""明るい"", ""with_furigana"": ""{明}(あか)るい"", ""lookup_text"": ""明るい""}","{""primary"": ""あかるい"", ""variants"": [""あかるい""], ""source_text"": ""あかるい""}","[""bright (in reference to personality or weather)"", ""cheerful""]","[{""code"": ""adj-i"", ""label"": ""adjective (keiyoushi)""}]",True,"[{""japanese_raw"": ""ダイヤは明るく光った。"", ""japanese_furigana"": ""<furigana>ダイヤは明るく光った。</furigana>"", ""english"": ""The diamond shone brightly."", ""source"": ""tatoeba"", ""source_id"": ""203874""}, {""japanese_raw"": ""君はなかなか地理に明るいな。"", ""japanese_furigana"": ""<furigana>君はなかなか地理に明るいな。</furigana>"", ""english"": ""You're pretty good with the lay of the land."", ""source"": ""tatoeba"", ""source_id"": ""75642""}]","{""level_map"": ""open-anki-jlpt-decks"", ""level_map_guid"": ""m>)z8|k.>J"", ""dictionary"": ""JMdict"", ""dictionary_entry_id"": ""1532350"", ""dictionary_lookup_aliases"": [], ""examples"": ""JMdict sense-linked Tatoeba examples""}"
n5-vocab-0331,N5,331,27,"{""genki_lesson"": 18}","{""primary"": ""後"", ""variants"": [""後""], ""without_furigana"": ""後"", ""with_furigana"": ""{後}(あと)"", ""lookup_text"": ""後""}","{""primary"": ""あと"", ""variants"": [""あと""], ""source_text"": ""あと""}","[""afterwards (later)"", ""in the future"", ""the rest"", ""since then""]","[{""code"": ""n"", ""label"": ""noun (common) (futsuumeishi)""}, {""code"": ""adj-no"", ""label"": ""nouns which may take the genitive case particle 'no'""}, {""code"": ""adv"", ""label"": ""adverb (fukushi)""}]",True,"[{""japanese_raw"": ""雨天の後には晴天が来る。"", ""japanese_furigana"": ""<furigana>雨天の後には晴天が来る。</furigana>"", ""english"": ""After rain comes fair weather."", ""source"": ""tatoeba"", ""source_id"": ""189518""}, {""japanese_raw"": ""少女たちのうち一人が後に残された。"", ""japanese_furigana"": ""<furigana>少女たちのうち一人が後に残された。</furigana>"", ""english"": ""One of the girls was left behind."", ""source"": ""tatoeba"", ""source_id"": ""146735""}]","{""level_map"": ""open-anki-jlpt-decks"", ""level_map_guid"": ""r-[yF55!,-"", ""dictionary"": ""JMdict"", ""dictionary_entry_id"": ""1269320"", ""dictionary_lookup_aliases"": [], ""examples"": ""JMdict sense-linked Tatoeba examples""}"
n5-vocab-0332,N5,332,113,"{""genki_lesson"": 18}","{""primary"": ""押す"", ""variants"": [""押す""], ""without_furigana"": ""押す"", ""with_furigana"": ""{押}(お)す"", ""lookup_text"": ""押す""}","{""primary"": ""おす"", ""variants"": [""おす""], ""source_text"": ""おす""}","[""to push"", ""to press"", ""to stamp (e.g."", ""a passport)""]","[{""code"": ""v5s"", ""label"": ""Godan verb with 'su' ending""}, {""code"": ""vt"", ""label"": ""transitive verb""}, {""code"": ""vi"", ""label"": ""intransitive verb""}]",True,"[{""japanese_raw"": ""シャッターを押してくれますか。"", ""japanese_furigana"": ""<furigana>シャッターを押してくれますか。</furigana>"", ""english"": ""Could you press this button?"", ""source"": ""tatoeba"", ""source_id"": ""215785""}, {""japanese_raw"": ""その箱には製造者の証印が押してある。"", ""japanese_furigana"": ""<furigana>その箱には製造者の証印が押してある。</furigana>"", ""english"": ""The box bears the stamp of the manufacturer."", ""source"": ""tatoeba"", ""source_id"": ""207225""}]","{""level_map"": ""open-anki-jlpt-decks"", ""level_map_guid"": ""O7S.k1^4+9"", ""dictionary"": ""JMdict"", ""dictionary_entry_id"": ""1180470"", ""dictionary_lookup_aliases"": [], ""examples"": ""JMdict sense-linked Tatoeba examples""}"
n5-vocab-0333,N5,333,192,"{""genki_lesson"": 18}","{""primary"": ""消える"", ""variants"": [""消える""], ""without_furigana"": ""消える"", ""with_furigana"": ""{消}(き)える"", ""lookup_text"": ""消える""}","{""primary"": ""きえる"", ""variants"": [""きえる""], ""source_text"": ""きえる""}","[""to vanish"", ""to disappear""]","[{""code"": ""v1"", ""label"": ""Ichidan verb""}, {""code"": ""vi"", ""label"": ""intransitive verb""}]",True,"[{""japanese_raw"": ""突然、明かりが消えた。"", ""japanese_furigana"": ""<furigana>突然、明かりが消えた。</furigana>"", ""english"": ""All at once the lights went out."", ""source"": ""tatoeba"", ""source_id"": ""123340""}, {""japanese_raw"": ""流行は古くなって消えていく。"", ""japanese_furigana"": ""<furigana>流行は古くなって消えていく。</furigana>"", ""english"": ""Fashions grow old and die."", ""source"": ""tatoeba"", ""source_id"": ""78252""}]","{""level_map"": ""open-anki-jlpt-decks"", ""level_map_guid"": ""Hl(tY84I}b"", ""dictionary"": ""JMdict"", ""dictionary_entry_id"": ""1350040"", ""dictionary_lookup_aliases"": [], ""examples"": ""JMdict sense-linked Tatoeba examples""}"
n5-vocab-0334,N5,334,203,"{""genki_lesson"": 18}","{""primary"": ""牛乳"", ""variants"": [""牛乳""], ""without_furigana"": ""牛乳"", ""with_furigana"": ""{牛乳}(ぎゅうにゅう)"", ""lookup_text"": ""牛乳""}","{""primary"": ""ぎゅうにゅう"", ""variants"": [""ぎゅうにゅう""], ""source_text"": ""ぎゅうにゅう""}","[""milk""]","[{""code"": ""n"", ""label"": ""noun (common) (futsuumeishi)""}]",True,"[{""japanese_raw"": ""牛は我々に牛乳を与えてくれる。"", ""japanese_furigana"": ""<furigana>牛は我々に牛乳を与えてくれる。</furigana>"", ""english"": ""The cow supplies us with milk."", ""source"": ""tatoeba"", ""source_id"": ""182323""}]","{""level_map"": ""open-anki-jlpt-decks"", ""level_map_guid"": ""fkn+n(t~hl"", ""dictionary"": ""JMdict"", ""dictionary_entry_id"": ""1231590"", ""dictionary_lookup_aliases"": [], ""examples"": ""JMdict sense-linked Tatoeba examples""}"
n5-vocab-0335,N5,335,279,"{""genki_lesson"": 18}","{""primary"": ""咲く"", ""variants"": [""咲く""], ""without_furigana"": ""咲く"", ""with_furigana"": ""{咲}(さ)く"", ""lookup_text"": ""咲く""}","{""primary"": ""さく"", ""variants"": [""さく""], ""source_text"": ""さく""}","[""to bloom""]","[{""code"": ""v5k"", ""label"": ""Godan verb with 'ku' ending""}, {""code"": ""vi"", ""label"": ""intransitive verb""}]",True,"[{""japanese_raw"": ""これらの花は春に咲く。"", ""japanese_furigana"": ""<furigana>これらの花は春に咲く。</furigana>"", ""english"": ""These flowers bloom in spring."", ""source"": ""tatoeba"", ""source_id"": ""217953""}]","{""level_map"": ""open-anki-jlpt-decks"", ""level_map_guid"": ""F>Pt~gStbR"", ""dictionary"": ""JMdict"", ""dictionary_entry_id"": ""1297210"", ""dictionary_lookup_aliases"": [], ""examples"": ""JMdict sense-linked Tatoeba examples""}"
n5-vocab-0336,N5,336,321,"{""genki_lesson"": 18}","{""primary"": ""醤油"", ""variants"": [""醤油""], ""without_furigana"": ""醤油"", ""with_furigana"": ""{醤油}(しょうゆ)"", ""lookup_text"": ""醤油""}","{""primary"": ""しょうゆ"", ""variants"": [""しょうゆ""], ""source_text"": ""しょうゆ""}","[""soy sauce""]","[{""code"": ""n"", ""label"": ""noun (common) (futsuumeishi)""}]",True,"[{""japanese_raw"": ""同社は醤油その他の食品を生産する。"", ""japanese_furigana"": ""<furigana>同社は醤油その他の食品を生産する。</furigana>"", ""english"": ""The company produces soy sauce and other food products."", ""source"": ""tatoeba"", ""source_id"": ""123656""}]","{""level_map"": ""open-anki-jlpt-decks"", ""level_map_guid"": ""Cx=6Q3yGAf"", ""dictionary"": ""JMdict"", ""dictionary_entry_id"": ""1595020"", ""dictionary_lookup_aliases"": [], ""examples"": ""JMdict sense-linked Tatoeba examples""}"
n5-vocab-0337,N5,337,330,"{""genki_lesson"": 18}","{""primary"": ""スカート"", ""variants"": [""スカート""], ""without_furigana"": ""スカート"", ""with_furigana"": ""スカート"", ""lookup_text"": ""スカート""}","{""primary"": ""スカート"", ""variants"": [""スカート""], ""source_text"": ""スカート""}","[""skirt""]","[{""code"": ""n"", ""label"": ""noun (common) (futsuumeishi)""}]",True,"[{""japanese_raw"": ""あなたのサロン風のスカートが好きです。"", ""japanese_furigana"": ""<furigana>あなたのサロン風のスカートが好きです。</furigana>"", ""english"": ""I like your sarong style skirt."", ""source"": ""tatoeba"", ""source_id"": ""233525""}]","{""level_map"": ""open-anki-jlpt-decks"", ""level_map_guid"": ""NE$eFg+K&Y"", ""dictionary"": ""JMdict"", ""dictionary_entry_id"": ""1067470"", ""dictionary_lookup_aliases"": [], ""examples"": ""JMdict sense-linked Tatoeba examples""}"
n5-vocab-0338,N5,338,364,"{""genki_lesson"": 18}","{""primary"": ""外"", ""variants"": [""外""], ""without_furigana"": ""外"", ""with_furigana"": ""{外}(そと)"", ""lookup_text"": ""外""}","{""primary"": ""そと"", ""variants"": [""そと""], ""source_text"": ""そと""}","[""outside"", ""exterior""]","[{""code"": ""n"", ""label"": ""noun (common) (futsuumeishi)""}]",True,"[{""japanese_raw"": ""うちはうち、そとはそと。"", ""japanese_furigana"": ""<furigana>うちはうち、そとはそと。</furigana>"", ""english"": ""Our house, our rules."", ""source"": ""tatoeba"", ""source_id"": ""74881""}, {""japanese_raw"": ""いつもと変えてたまに外で食事しよう。"", ""japanese_furigana"": ""<furigana>いつもと変えてたまに外で食事しよう。</furigana>"", ""english"": ""Let's occasionally change where we go to eat out."", ""source"": ""tatoeba"", ""source_id"": ""228760""}]","{""level_map"": ""open-anki-jlpt-decks"", ""level_map_guid"": ""AFB3>g85F]"", ""dictionary"": ""JMdict"", ""dictionary_entry_id"": ""1203250"", ""dictionary_lookup_aliases"": [], ""examples"": ""JMdict sense-linked Tatoeba examples""}"
n5-vocab-0339,N5,339,389,"{""genki_lesson"": 18}","{""primary"": ""頼む"", ""variants"": [""頼む""], ""without_furigana"": ""頼む"", ""with_furigana"": ""{頼}(たの)む"", ""lookup_text"": ""頼む""}","{""primary"": ""たのむ"", ""variants"": [""たのむ""], ""source_text"": ""たのむ""}","[""to request"", ""to ask (a favor)""]","[{""code"": ""v5m"", ""label"": ""Godan verb with 'mu' ending""}, {""code"": ""vt"", ""label"": ""transitive verb""}, {""code"": ""int"", ""label"": ""interjection (kandoushi)""}]",True,"[{""japanese_raw"": ""田中さんのことを頼むよ。"", ""japanese_furigana"": ""<furigana>田中さんのことを頼むよ。</furigana>"", ""english"": ""Take care of Mr. Tanaka for me!"", ""source"": ""tatoeba"", ""source_id"": ""74709""}, {""japanese_raw"": ""あなたに頼んでもよろしいですか。"", ""japanese_furigana"": ""<furigana>あなたに頼んでもよろしいですか。</furigana>"", ""english"": ""May I request a favour of you?"", ""source"": ""tatoeba"", ""source_id"": ""233649""}]","{""level_map"": ""open-anki-jlpt-decks"", ""level_map_guid"": ""zjk+2%xAp%"", ""dictionary"": ""JMdict"", ""dictionary_entry_id"": ""1548370"", ""dictionary_lookup_aliases"": [], ""examples"": ""JMdict sense-linked Tatoeba examples""}"
n5-vocab-0340,N5,340,676,"{""genki_lesson"": 18}","{""primary"": ""夕方"", ""variants"": [""夕方""], ""without_furigana"": ""夕方"", ""with_furigana"": ""{夕方}(ゆうがた)"", ""lookup_text"": ""夕方""}","{""primary"": ""ゆうがた"", ""variants"": [""ゆうがた""], ""source_text"": ""ゆうがた""}","[""late afternoon (typically just before dinner time)"", ""evening""]","[{""code"": ""n"", ""label"": ""noun (common) (futsuumeishi)""}, {""code"": ""adv"", ""label"": ""adverb (fukushi)""}]",True,"[{""japanese_raw"": ""ひょっとすると夕方前に雨になるかもしれない。"", ""japanese_furigana"": ""<furigana>ひょっとすると夕方前に雨になるかもしれない。</furigana>"", ""english"": ""It might rain before evening."", ""source"": ""tatoeba"", ""source_id"": ""197417""}]","{""level_map"": ""open-anki-jlpt-decks"", ""level_map_guid"": ""wr(&N+9Gfn"", ""dictionary"": ""JMdict"", ""dictionary_entry_id"": ""1542790"", ""dictionary_lookup_aliases"": [], ""examples"": ""JMdict sense-linked Tatoeba examples""}"
n5-vocab-0341,N5,341,704,"{""genki_lesson"": 18}","{""primary"": ""冷蔵庫"", ""variants"": [""冷蔵庫""], ""without_furigana"": ""冷蔵庫"", ""with_furigana"": ""{冷蔵庫}(れいぞうこ)"", ""lookup_text"": ""冷蔵庫""}","{""primary"": ""れいぞうこ"", ""variants"": [""れいぞうこ""], ""source_text"": ""れいぞうこ""}","[""refrigerator""]","[{""code"": ""n"", ""label"": ""noun (common) (futsuumeishi)""}]",True,"[{""japanese_raw"": ""うちの冷蔵庫は故障している。"", ""japanese_furigana"": ""<furigana>うちの冷蔵庫は故障している。</furigana>"", ""english"": ""Our refrigerator is out of order."", ""source"": ""tatoeba"", ""source_id"": ""228151""}]","{""level_map"": ""open-anki-jlpt-decks"", ""level_map_guid"": ""j*=Z=Hk4*w"", ""dictionary"": ""JMdict"", ""dictionary_entry_id"": ""1557110"", ""dictionary_lookup_aliases"": [], ""examples"": ""JMdict sense-linked Tatoeba examples""}"
n5-vocab-0342,N5,342,121,"{""genki_lesson"": 19}","{""primary"": ""一昨日"", ""variants"": [""一昨日""], ""without_furigana"": ""一昨日"", ""with_furigana"": ""{一昨日}(おととい)"", ""lookup_text"": ""一昨日""}","{""primary"": ""おととい"", ""variants"": [""おととい""], ""source_text"": ""おととい""}","[""the day before yesterday""]","[{""code"": ""n"", ""label"": ""noun (common) (futsuumeishi)""}, {""code"": ""adv"", ""label"": ""adverb (fukushi)""}]",True,"[{""japanese_raw"": ""「ウィキペディアを引用するな」という主張が昨日だか一昨日だかの朝日新聞に載っていた。"", ""japanese_furigana"": ""<furigana>「ウィキペディアを引用するな」という主張が昨日だか一昨日だかの朝日新聞に載っていた。</furigana>"", ""english"": ""The exhortation \""Don't quote Wikipedia\"" was included in the Asahi newspaper of yesterday or the day before."", ""source"": ""tatoeba"", ""source_id"": ""75339""}]","{""level_map"": ""open-anki-jlpt-decks"", ""level_map_guid"": ""n^WNNS^t5D"", ""dictionary"": ""JMdict"", ""dictionary_entry_id"": ""1576050"", ""dictionary_lookup_aliases"": [], ""examples"": ""JMdict sense-linked Tatoeba examples""}"
n5-vocab-0343,N5,343,159,"{""genki_lesson"": 19}","{""primary"": ""かける"", ""variants"": [""かける""], ""without_furigana"": ""かける"", ""with_furigana"": ""かける"", ""lookup_text"": ""かける""}","{""primary"": ""かける"", ""variants"": [""かける""], ""source_text"": ""かける""}","[""to dial/call (e.g."", ""phone)"", ""to sit down""]","[{""code"": ""v1"", ""label"": ""Ichidan verb""}, {""code"": ""vt"", ""label"": ""transitive verb""}, {""code"": ""suf"", ""label"": ""suffix""}]",True,"[{""japanese_raw"": ""４掛ける２は８だ。"", ""japanese_furigana"": ""<furigana>４掛ける２は８だ。</furigana>"", ""english"": ""Four multiplied by two is eight."", ""source"": ""tatoeba"", ""source_id"": ""235225""}, {""japanese_raw"": ""どうぞおかけ下さい。"", ""japanese_furigana"": ""<furigana>どうぞおかけ下さい。</furigana>"", ""english"": ""Please have a seat."", ""source"": ""tatoeba"", ""source_id"": ""236991""}]","{""level_map"": ""open-anki-jlpt-decks"", ""level_map_guid"": ""j[@hZ&;%2u"", ""dictionary"": ""JMdict"", ""dictionary_entry_id"": ""1207610"", ""dictionary_lookup_aliases"": [], ""examples"": ""JMdict sense-linked Tatoeba examples""}"
n5-vocab-0344,N5,344,483,"{""genki_lesson"": 19}","{""primary"": ""なぜ"", ""variants"": [""なぜ""], ""without_furigana"": ""なぜ"", ""with_furigana"": ""なぜ"", ""lookup_text"": ""なぜ""}","{""primary"": ""なぜ"", ""variants"": [""なぜ""], ""source_text"": ""なぜ""}","[""why (same as どうして)""]","[{""code"": ""adv"", ""label"": ""adverb (fukushi)""}]",True,"[{""japanese_raw"": ""あなたはなぜ働いているの。"", ""japanese_furigana"": ""<furigana>あなたはなぜ働いているの。</furigana>"", ""english"": ""How come you're still working?"", ""source"": ""tatoeba"", ""source_id"": ""232436""}]","{""level_map"": ""open-anki-jlpt-decks"", ""level_map_guid"": ""Cvs*YiG5BD"", ""dictionary"": ""JMdict"", ""dictionary_entry_id"": ""1577120"", ""dictionary_lookup_aliases"": [], ""examples"": ""JMdict sense-linked Tatoeba examples""}"
n5-vocab-0345,N5,345,540,"{""genki_lesson"": 19}","{""primary"": ""話"", ""variants"": [""話""], ""without_furigana"": ""話"", ""with_furigana"": ""{話}(はなし)"", ""lookup_text"": ""話""}","{""primary"": ""はなし"", ""variants"": [""はなし""], ""source_text"": ""はなし""}","[""talk (chat)"", ""story""]","[{""code"": ""n"", ""label"": ""noun (common) (futsuumeishi)""}]",True,"[{""japanese_raw"": ""話を聞かせてくれ。"", ""japanese_furigana"": ""<furigana>話を聞かせてくれ。</furigana>"", ""english"": ""I want a full report though."", ""source"": ""tatoeba"", ""source_id"": ""77142""}, {""japanese_raw"": ""人の話に水を差さないでくれ。"", ""japanese_furigana"": ""<furigana>人の話に水を差さないでくれ。</furigana>"", ""english"": ""Don't throw a wet blanket over our conversation."", ""source"": ""tatoeba"", ""source_id"": ""144570""}]","{""level_map"": ""open-anki-jlpt-decks"", ""level_map_guid"": ""A(<B}*ZSa_"", ""dictionary"": ""JMdict"", ""dictionary_entry_id"": ""1600900"", ""dictionary_lookup_aliases"": [], ""examples"": ""JMdict sense-linked Tatoeba examples""}"
n5-vocab-0346,N5,346,548,"{""genki_lesson"": 19}","{""primary"": ""晴れる"", ""variants"": [""晴れる""], ""without_furigana"": ""晴れる"", ""with_furigana"": ""{晴}(は)れる"", ""lookup_text"": ""晴れる""}","{""primary"": ""はれる"", ""variants"": [""はれる""], ""source_text"": ""はれる""}","[""to be sunny""]","[{""code"": ""v1"", ""label"": ""Ichidan verb""}, {""code"": ""vi"", ""label"": ""intransitive verb""}]",True,"[{""japanese_raw"": ""明日は晴れるだろう。"", ""japanese_furigana"": ""<furigana>明日は晴れるだろう。</furigana>"", ""english"": ""It will be fine tomorrow."", ""source"": ""tatoeba"", ""source_id"": ""234451""}, {""japanese_raw"": ""彼の憂うつは彼女がキスをすると晴れた。"", ""japanese_furigana"": ""<furigana>彼の憂うつは彼女がキスをすると晴れた。</furigana>"", ""english"": ""His depression came to an end when she kissed him."", ""source"": ""tatoeba"", ""source_id"": ""115936""}]","{""level_map"": ""open-anki-jlpt-decks"", ""level_map_guid"": ""ATM=j&::X;"", ""dictionary"": ""JMdict"", ""dictionary_entry_id"": ""1376470"", ""dictionary_lookup_aliases"": [], ""examples"": ""JMdict sense-linked Tatoeba examples""}"
n5-vocab-0347,N5,347,615,"{""genki_lesson"": 19}","{""primary"": ""毎朝"", ""variants"": [""毎朝""], ""without_furigana"": ""毎朝"", ""with_furigana"": ""{毎朝}(まいあさ)"", ""lookup_text"": ""毎朝""}","{""primary"": ""まいあさ"", ""variants"": [""まいあさ""], ""source_text"": ""まいあさ""}","[""every morning""]","[{""code"": ""n"", ""label"": ""noun (common) (futsuumeishi)""}, {""code"": ""adv"", ""label"": ""adverb (fukushi)""}]",True,"[{""japanese_raw"": ""私は毎朝六時に起きます。"", ""japanese_furigana"": ""<furigana>私は毎朝六時に起きます。</furigana>"", ""english"": ""I get up at six every morning."", ""source"": ""tatoeba"", ""source_id"": ""152733""}]","{""level_map"": ""open-anki-jlpt-decks"", ""level_map_guid"": ""FY8YY]~jH+"", ""dictionary"": ""JMdict"", ""dictionary_entry_id"": ""1524700"", ""dictionary_lookup_aliases"": [], ""examples"": ""JMdict sense-linked Tatoeba examples""}"
n5-vocab-0348,N5,348,626,"{""genki_lesson"": 19}","{""primary"": ""まだ"", ""variants"": [""まだ""], ""without_furigana"": ""まだ"", ""with_furigana"": ""まだ"", ""lookup_text"": ""まだ""}","{""primary"": ""まだ"", ""variants"": [""まだ""], ""source_text"": ""まだ""}","[""yet"", ""still"", ""besides""]","[{""code"": ""adv"", ""label"": ""adverb (fukushi)""}, {""code"": ""adj-na"", ""label"": ""adjectival nouns or quasi-adjectives (keiyodoshi)""}]",True,"[{""japanese_raw"": ""私はまだその問題が解けない。"", ""japanese_furigana"": ""<furigana>私はまだその問題が解けない。</furigana>"", ""english"": ""I haven't been able to solve the problem yet."", ""source"": ""tatoeba"", ""source_id"": ""158891""}, {""japanese_raw"": ""情報がないより悪い知らせでもあるほうがまだましだ。"", ""japanese_furigana"": ""<furigana>情報がないより悪い知らせでもあるほうがまだましだ。</furigana>"", ""english"": ""Bad news is preferable to an absence of information."", ""source"": ""tatoeba"", ""source_id"": ""146050""}]","{""level_map"": ""open-anki-jlpt-decks"", ""level_map_guid"": ""xr/3DB/ghC"", ""dictionary"": ""JMdict"", ""dictionary_entry_id"": ""1527110"", ""dictionary_lookup_aliases"": [], ""examples"": ""JMdict sense-linked Tatoeba examples""}"
n5-vocab-0349,N5,349,689,"{""genki_lesson"": 19}","{""primary"": ""呼ぶ"", ""variants"": [""呼ぶ""], ""without_furigana"": ""呼ぶ"", ""with_furigana"": ""{呼}(よ)ぶ"", ""lookup_text"": ""呼ぶ""}","{""primary"": ""よぶ"", ""variants"": [""よぶ""], ""source_text"": ""よぶ""}","[""to call (one's name)"", ""to invite""]","[{""code"": ""v5b"", ""label"": ""Godan verb with 'bu' ending""}, {""code"": ""vt"", ""label"": ""transitive verb""}]",True,"[{""japanese_raw"": ""この映画は大変な人気を呼んだ。"", ""japanese_furigana"": ""<furigana>この映画は大変な人気を呼んだ。</furigana>"", ""english"": ""This movie has won great popularity."", ""source"": ""tatoeba"", ""source_id"": ""222910""}, {""japanese_raw"": ""あなたをケパと呼ぶことにします。"", ""japanese_furigana"": ""<furigana>あなたをケパと呼ぶことにします。</furigana>"", ""english"": ""You will be called Cephas."", ""source"": ""tatoeba"", ""source_id"": ""231456""}]","{""level_map"": ""open-anki-jlpt-decks"", ""level_map_guid"": ""zV4mur-%tO"", ""dictionary"": ""JMdict"", ""dictionary_entry_id"": ""1266440"", ""dictionary_lookup_aliases"": [], ""examples"": ""JMdict sense-linked Tatoeba examples""}"
n5-vocab-0350,N5,350,22,"{""genki_lesson"": 20}","{""primary"": ""あちら"", ""variants"": [""あちら""], ""without_furigana"": ""あちら"", ""with_furigana"": ""あちら"", ""lookup_text"": ""あちら""}","{""primary"": ""あちら"", ""variants"": [""あちら""], ""source_text"": ""あちら""}","[""this way (polite)""]","[{""code"": ""pn"", ""label"": ""pronoun""}]",True,"[{""japanese_raw"": ""あちらが私の待っていた人です。"", ""japanese_furigana"": ""<furigana>あちらが私の待っていた人です。</furigana>"", ""english"": ""That's the person I've been waiting for."", ""source"": ""tatoeba"", ""source_id"": ""234351""}, {""japanese_raw"": ""あちらに着いたら手紙をください。"", ""japanese_furigana"": ""<furigana>あちらに着いたら手紙をください。</furigana>"", ""english"": ""Please write to me when you get there."", ""source"": ""tatoeba"", ""source_id"": ""234350""}]","{""level_map"": ""open-anki-jlpt-decks"", ""level_map_guid"": ""h{rLO32/d4"", ""dictionary"": ""JMdict"", ""dictionary_entry_id"": ""1483185"", ""dictionary_lookup_aliases"": [], ""examples"": ""JMdict sense-linked Tatoeba examples""}"
n5-vocab-0351,N5,351,42,"{""genki_lesson"": 20}","{""primary"": ""歩く"", ""variants"": [""歩く""], ""without_furigana"": ""歩く"", ""with_furigana"": ""{歩}(ある)く"", ""lookup_text"": ""歩く""}","{""primary"": ""あるく"", ""variants"": [""あるく""], ""source_text"": ""あるく""}","[""to walk""]","[{""code"": ""v5k"", ""label"": ""Godan verb with 'ku' ending""}, {""code"": ""vi"", ""label"": ""intransitive verb""}]",True,"[{""japanese_raw"": ""歩いて行きますか？それともバスで行きますか？"", ""japanese_furigana"": ""<furigana>歩いて行きますか？それともバスで行きますか？</furigana>"", ""english"": ""Will you go on foot or by bus?"", ""source"": ""tatoeba"", ""source_id"": ""231584""}]","{""level_map"": ""open-anki-jlpt-decks"", ""level_map_guid"": ""Kkagn,fSTU"", ""dictionary"": ""JMdict"", ""dictionary_entry_id"": ""1514320"", ""dictionary_lookup_aliases"": [], ""examples"": ""JMdict sense-linked Tatoeba examples""}"
n5-vocab-0352,N5,352,134,"{""genki_lesson"": 20}","{""primary"": ""重い"", ""variants"": [""重い""], ""without_furigana"": ""重い"", ""with_furigana"": ""{重}(おも)い"", ""lookup_text"": ""重い""}","{""primary"": ""おもい"", ""variants"": [""おもい""], ""source_text"": ""おもい""}","[""heavy"", ""serious""]","[{""code"": ""adj-i"", ""label"": ""adjective (keiyoushi)""}]",True,"[{""japanese_raw"": ""私はそんな重い責任を引き受けたくない。"", ""japanese_furigana"": ""<furigana>私はそんな重い責任を引き受けたくない。</furigana>"", ""english"": ""I don't like to take on such heavy responsibilities."", ""source"": ""tatoeba"", ""source_id"": ""159644""}, {""japanese_raw"": ""「彼の病気は重いのかな」「そうでないといいね」"", ""japanese_furigana"": ""<furigana>「彼の病気は重いのかな」「そうでないといいね」</furigana>"", ""english"": ""\""Is he seriously ill?\"" \""I hope not.\"""", ""source"": ""tatoeba"", ""source_id"": ""236200""}]","{""level_map"": ""open-anki-jlpt-decks"", ""level_map_guid"": ""n(}tZ@Uv29"", ""dictionary"": ""JMdict"", ""dictionary_entry_id"": ""1335750"", ""dictionary_lookup_aliases"": [], ""examples"": ""JMdict sense-linked Tatoeba examples""}"
n5-vocab-0353,N5,353,171,"{""genki_lesson"": 20}","{""primary"": ""角"", ""variants"": [""角""], ""without_furigana"": ""角"", ""with_furigana"": ""{角}(かど)"", ""lookup_text"": ""角""}","{""primary"": ""かど"", ""variants"": [""かど""], ""source_text"": ""かど""}","[""corner (e.g."", ""desk"", ""pavement)""]","[{""code"": ""n"", ""label"": ""noun (common) (futsuumeishi)""}]",True,"[{""japanese_raw"": ""次の角で右に曲がりなさい。"", ""japanese_furigana"": ""<furigana>次の角で右に曲がりなさい。</furigana>"", ""english"": ""Turn right at the next corner."", ""source"": ""tatoeba"", ""source_id"": ""150299""}, {""japanese_raw"": ""私は角にある劇場に行くところです。"", ""japanese_furigana"": ""<furigana>私は角にある劇場に行くところです。</furigana>"", ""english"": ""I am going to the theater on the corner."", ""source"": ""tatoeba"", ""source_id"": ""157888""}]","{""level_map"": ""open-anki-jlpt-decks"", ""level_map_guid"": ""NblB:vgsi`"", ""dictionary"": ""JMdict"", ""dictionary_entry_id"": ""1206110"", ""dictionary_lookup_aliases"": [], ""examples"": ""JMdict sense-linked Tatoeba examples""}"
n5-vocab-0354,N5,354,625,"{""genki_lesson"": 20}","{""primary"": ""また"", ""variants"": [""また""], ""without_furigana"": ""また"", ""with_furigana"": ""また"", ""lookup_text"": ""また""}","{""primary"": ""また"", ""variants"": [""また""], ""source_text"": ""また""}","[""and"", ""furthermore""]","[{""code"": ""n"", ""label"": ""noun (common) (futsuumeishi)""}]",True,[],"{""level_map"": ""open-anki-jlpt-decks"", ""level_map_guid"": ""H#sUyG^B<2"", ""dictionary"": ""JMdict"", ""dictionary_entry_id"": ""1267460"", ""dictionary_lookup_aliases"": [], ""examples"": ""JMdict sense-linked Tatoeba examples""}"
n5-vocab-0355,N5,355,106,"{""genki_lesson"": 21}","{""primary"": ""置く"", ""variants"": [""置く""], ""without_furigana"": ""置く"", ""with_furigana"": ""{置}(お)く"", ""lookup_text"": ""置く""}","{""primary"": ""おく"", ""variants"": [""おく""], ""source_text"": ""おく""}","[""to put"", ""to lay"", ""to place""]","[{""code"": ""v5k"", ""label"": ""Godan verb with 'ku' ending""}, {""code"": ""vt"", ""label"": ""transitive verb""}, {""code"": ""aux-v"", ""label"": ""auxiliary verb""}]",True,"[{""japanese_raw"": ""宿題をやりかけにしておいた。"", ""japanese_furigana"": ""<furigana>宿題をやりかけにしておいた。</furigana>"", ""english"": ""The boy left his homework half-finished."", ""source"": ""tatoeba"", ""source_id"": ""147864""}, {""japanese_raw"": ""それをテーブルの上に置きなさい。"", ""japanese_furigana"": ""<furigana>それをテーブルの上に置きなさい。</furigana>"", ""english"": ""Lay it on the table."", ""source"": ""tatoeba"", ""source_id"": ""204648""}]","{""level_map"": ""open-anki-jlpt-decks"", ""level_map_guid"": ""KTJ,/<Sfw7"", ""dictionary"": ""JMdict"", ""dictionary_entry_id"": ""1421850"", ""dictionary_lookup_aliases"": [], ""examples"": ""JMdict sense-linked Tatoeba examples""}"
n5-vocab-0356,N5,356,335,"{""genki_lesson"": 21}","{""primary"": ""少し"", ""variants"": [""少し""], ""without_furigana"": ""少し"", ""with_furigana"": ""{少}(すこ)し"", ""lookup_text"": ""少し""}","{""primary"": ""すこし"", ""variants"": [""すこし""], ""source_text"": ""すこし""}","[""little"", ""few""]","[{""code"": ""adv"", ""label"": ""adverb (fukushi)""}]",True,"[{""japanese_raw"": ""少しテレビを見てもいいですか。"", ""japanese_furigana"": ""<furigana>少しテレビを見てもいいですか。</furigana>"", ""english"": ""Do you mind if I watch TV for a while?"", ""source"": ""tatoeba"", ""source_id"": ""146856""}, {""japanese_raw"": ""子供に少し愛情を注いで見給え、すると君におびただしい愛情が戻ってくる。"", ""japanese_furigana"": ""<furigana>子供に少し愛情を注いで見給え、すると君におびただしい愛情が戻ってくる。</furigana>"", ""english"": ""Give a little love to a child, and you get a great deal back."", ""source"": ""tatoeba"", ""source_id"": ""168663""}]","{""level_map"": ""open-anki-jlpt-decks"", ""level_map_guid"": ""LEWblI/l<)"", ""dictionary"": ""JMdict"", ""dictionary_entry_id"": ""1348870"", ""dictionary_lookup_aliases"": [], ""examples"": ""JMdict sense-linked Tatoeba examples""}"
n5-vocab-0357,N5,357,452,"{""genki_lesson"": 21}","{""primary"": ""遠い"", ""variants"": [""遠い""], ""without_furigana"": ""遠い"", ""with_furigana"": ""{遠}(とお)い"", ""lookup_text"": ""遠い""}","{""primary"": ""とおい"", ""variants"": [""とおい""], ""source_text"": ""とおい""}","[""far (away)"", ""distant""]","[{""code"": ""adj-i"", ""label"": ""adjective (keiyoushi)""}]",True,"[{""japanese_raw"": ""彼は彼女の遠い親戚だ。"", ""japanese_furigana"": ""<furigana>彼は彼女の遠い親戚だ。</furigana>"", ""english"": ""He is a distant relation of hers."", ""source"": ""tatoeba"", ""source_id"": ""101069""}, {""japanese_raw"": ""彼の家はここから遠くない。"", ""japanese_furigana"": ""<furigana>彼の家はここから遠くない。</furigana>"", ""english"": ""His house is not far from here."", ""source"": ""tatoeba"", ""source_id"": ""117993""}]","{""level_map"": ""open-anki-jlpt-decks"", ""level_map_guid"": ""Jl9yYXnyJ<"", ""dictionary"": ""JMdict"", ""dictionary_entry_id"": ""1177800"", ""dictionary_lookup_aliases"": [], ""examples"": ""JMdict sense-linked Tatoeba examples""}"
n5-vocab-0358,N5,358,546,"{""genki_lesson"": 21}","{""primary"": ""貼る"", ""variants"": [""貼る""], ""without_furigana"": ""貼る"", ""with_furigana"": ""{貼}(は)る"", ""lookup_text"": ""貼る""}","{""primary"": ""はる"", ""variants"": [""はる""], ""source_text"": ""はる""}","[""to post"", ""to paste"", ""to attach""]","[{""code"": ""v5r"", ""label"": ""Godan verb with 'ru' ending""}, {""code"": ""vt"", ""label"": ""transitive verb""}, {""code"": ""vi"", ""label"": ""intransitive verb""}]",True,"[{""japanese_raw"": ""あなたの願書に最近の写真を貼りなさい。"", ""japanese_furigana"": ""<furigana>あなたの願書に最近の写真を貼りなさい。</furigana>"", ""english"": ""Attach a recent photograph to your application form."", ""source"": ""tatoeba"", ""source_id"": ""233396""}, {""japanese_raw"": ""クモがクモの巣を張るところを見たことがありますか。"", ""japanese_furigana"": ""<furigana>クモがクモの巣を張るところを見たことがありますか。</furigana>"", ""english"": ""Have you ever seen a spider spinning its web?"", ""source"": ""tatoeba"", ""source_id"": ""225632""}]","{""level_map"": ""open-anki-jlpt-decks"", ""level_map_guid"": ""zI5j%aDV0."", ""dictionary"": ""JMdict"", ""dictionary_entry_id"": ""1427900"", ""dictionary_lookup_aliases"": [], ""examples"": ""JMdict sense-linked Tatoeba examples""}"
n5-vocab-0359,N5,359,675,"{""genki_lesson"": 21}","{""primary"": ""やる"", ""variants"": [""やる""], ""without_furigana"": ""やる"", ""with_furigana"": ""やる"", ""lookup_text"": ""やる""}","{""primary"": ""やる"", ""variants"": [""やる""], ""source_text"": ""やる""}","[""to do"", ""to give (to pets"", ""parents"", ""siblings"", ""etc.)""]","[{""code"": ""v5r"", ""label"": ""Godan verb with 'ru' ending""}, {""code"": ""vt"", ""label"": ""transitive verb""}, {""code"": ""vi"", ""label"": ""intransitive verb""}, {""code"": ""suf"", ""label"": ""suffix""}, {""code"": ""aux-v"", ""label"": ""auxiliary verb""}]",True,"[{""japanese_raw"": ""５ドルをやる。"", ""japanese_furigana"": ""<furigana>５ドルをやる。</furigana>"", ""english"": ""Here's $5."", ""source"": ""tatoeba"", ""source_id"": ""235161""}, {""japanese_raw"": ""無関係の人を殺るな！"", ""japanese_furigana"": ""<furigana>無関係の人を殺るな！</furigana>"", ""english"": ""Don't kill off bystanders!"", ""source"": ""tatoeba"", ""source_id"": ""74029""}]","{""level_map"": ""open-anki-jlpt-decks"", ""level_map_guid"": ""ee,Y5GOGX?"", ""dictionary"": ""JMdict"", ""dictionary_entry_id"": ""1012980"", ""dictionary_lookup_aliases"": [], ""examples"": ""JMdict sense-linked Tatoeba examples""}"
n5-vocab-0360,N5,360,85,"{""genki_lesson"": 22}","{""primary"": ""うるさい"", ""variants"": [""うるさい""], ""without_furigana"": ""うるさい"", ""with_furigana"": ""うるさい"", ""lookup_text"": ""うるさい""}","{""primary"": ""うるさい"", ""variants"": [""うるさい""], ""source_text"": ""うるさい""}","[""noisy"", ""annoying""]","[{""code"": ""adj-i"", ""label"": ""adjective (keiyoushi)""}, {""code"": ""int"", ""label"": ""interjection (kandoushi)""}]",True,"[{""japanese_raw"": ""彼女は服装にうるさい。"", ""japanese_furigana"": ""<furigana>彼女は服装にうるさい。</furigana>"", ""english"": ""She is particular about what she wears."", ""source"": ""tatoeba"", ""source_id"": ""86838""}, {""japanese_raw"": ""隣の部屋がうるさいのです。"", ""japanese_furigana"": ""<furigana>隣の部屋がうるさいのです。</furigana>"", ""english"": ""It's noisy next door."", ""source"": ""tatoeba"", ""source_id"": ""77761""}]","{""level_map"": ""open-anki-jlpt-decks"", ""level_map_guid"": ""fsH/V)BWD4"", ""dictionary"": ""JMdict"", ""dictionary_entry_id"": ""1481920"", ""dictionary_lookup_aliases"": [], ""examples"": ""JMdict sense-linked Tatoeba examples""}"
n5-vocab-0361,N5,361,162,"{""genki_lesson"": 22}","{""primary"": ""風"", ""variants"": [""風""], ""without_furigana"": ""風"", ""with_furigana"": ""{風}(かぜ)"", ""lookup_text"": ""風""}","{""primary"": ""かぜ"", ""variants"": [""かぜ""], ""source_text"": ""かぜ""}","[""wind"", ""breeze""]","[{""code"": ""n"", ""label"": ""noun (common) (futsuumeishi)""}, {""code"": ""n-pref"", ""label"": ""noun, used as a prefix""}]",True,"[{""japanese_raw"": ""カーテンが風になびいた。"", ""japanese_furigana"": ""<furigana>カーテンが風になびいた。</furigana>"", ""english"": ""The curtains blew in the wind."", ""source"": ""tatoeba"", ""source_id"": ""226491""}]","{""level_map"": ""open-anki-jlpt-decks"", ""level_map_guid"": ""wPz(SGuAqF"", ""dictionary"": ""JMdict"", ""dictionary_entry_id"": ""1499720"", ""dictionary_lookup_aliases"": [], ""examples"": ""JMdict sense-linked Tatoeba examples""}"
n5-vocab-0362,N5,362,189,"{""genki_lesson"": 22}","{""primary"": ""木"", ""variants"": [""木""], ""without_furigana"": ""木"", ""with_furigana"": ""{木}(き)"", ""lookup_text"": ""木""}","{""primary"": ""き"", ""variants"": [""き""], ""source_text"": ""き""}","[""tree"", ""wood"", ""timber""]","[{""code"": ""n"", ""label"": ""noun (common) (futsuumeishi)""}]",True,"[{""japanese_raw"": ""その木には実がたわわになっていた。"", ""japanese_furigana"": ""<furigana>その木には実がたわわになっていた。</furigana>"", ""english"": ""The tree was heavy with fruit."", ""source"": ""tatoeba"", ""source_id"": ""206562""}]","{""level_map"": ""open-anki-jlpt-decks"", ""level_map_guid"": ""Pt,~h2%O9J"", ""dictionary"": ""JMdict"", ""dictionary_entry_id"": ""1534520"", ""dictionary_lookup_aliases"": [], ""examples"": ""JMdict sense-linked Tatoeba examples""}"
n5-vocab-0363,N5,363,531,"{""genki_lesson"": 22}","{""primary"": ""走る"", ""variants"": [""走る""], ""without_furigana"": ""走る"", ""with_furigana"": ""{走}(はし)る"", ""lookup_text"": ""走る""}","{""primary"": ""はしる"", ""variants"": [""はしる""], ""source_text"": ""はしる""}","[""to run""]","[{""code"": ""v5r"", ""label"": ""Godan verb with 'ru' ending""}, {""code"": ""vi"", ""label"": ""intransitive verb""}]",True,"[{""japanese_raw"": ""震えが背筋を走った。"", ""japanese_furigana"": ""<furigana>震えが背筋を走った。</furigana>"", ""english"": ""A shiver ran down my spine."", ""source"": ""tatoeba"", ""source_id"": ""144698""}, {""japanese_raw"": ""あの走ってる少年をごらんなさい。"", ""japanese_furigana"": ""<furigana>あの走ってる少年をごらんなさい。</furigana>"", ""english"": ""Look at that boy running."", ""source"": ""tatoeba"", ""source_id"": ""230641""}]","{""level_map"": ""open-anki-jlpt-decks"", ""level_map_guid"": ""B)($ycG+,c"", ""dictionary"": ""JMdict"", ""dictionary_entry_id"": ""1402540"", ""dictionary_lookup_aliases"": [], ""examples"": ""JMdict sense-linked Tatoeba examples""}"
n5-vocab-0364,N5,364,580,"{""genki_lesson"": 22}","{""primary"": ""吹く"", ""variants"": [""吹く""], ""without_furigana"": ""吹く"", ""with_furigana"": ""{吹}(ふ)く"", ""lookup_text"": ""吹く""}","{""primary"": ""ふく"", ""variants"": [""ふく""], ""source_text"": ""ふく""}","[""to blow (wind"", ""etc.)""]","[{""code"": ""v5k"", ""label"": ""Godan verb with 'ku' ending""}, {""code"": ""vi"", ""label"": ""intransitive verb""}, {""code"": ""vt"", ""label"": ""transitive verb""}]",True,"[{""japanese_raw"": ""木が芽をふいている。"", ""japanese_furigana"": ""<furigana>木が芽をふいている。</furigana>"", ""english"": ""The trees are shooting out buds."", ""source"": ""tatoeba"", ""source_id"": ""80146""}, {""japanese_raw"": ""あの日は強い風が吹いていました。"", ""japanese_furigana"": ""<furigana>あの日は強い風が吹いていました。</furigana>"", ""english"": ""There was a strong wind that day."", ""source"": ""tatoeba"", ""source_id"": ""230511""}]","{""level_map"": ""open-anki-jlpt-decks"", ""level_map_guid"": ""mo@qiT7%d3"", ""dictionary"": ""JMdict"", ""dictionary_entry_id"": ""1370760"", ""dictionary_lookup_aliases"": [], ""examples"": ""JMdict sense-linked Tatoeba examples""}"
n5-vocab-0365,N5,365,179,"{""genki_lesson"": 23}","{""primary"": ""体"", ""variants"": [""体""], ""without_furigana"": ""体"", ""with_furigana"": ""{体}(からだ)"", ""lookup_text"": ""体""}","{""primary"": ""からだ"", ""variants"": [""からだ""], ""source_text"": ""からだ""}","[""body"", ""health""]","[{""code"": ""n"", ""label"": ""noun (common) (futsuumeishi)""}]",True,"[{""japanese_raw"": ""カメレオンは周りの色に合わせて体色を変えることができる。"", ""japanese_furigana"": ""<furigana>カメレオンは周りの色に合わせて体色を変えることができる。</furigana>"", ""english"": ""The chameleon can take on the colors of its background."", ""source"": ""tatoeba"", ""source_id"": ""226205""}, {""japanese_raw"": ""あのころ、もっと一生懸命体を鍛えていたら、彼は今頃はもっと健康であろうに。"", ""japanese_furigana"": ""<furigana>あのころ、もっと一生懸命体を鍛えていたら、彼は今頃はもっと健康であろうに。</furigana>"", ""english"": ""If he had trained himself harder at that time, he would be healthier now."", ""source"": ""tatoeba"", ""source_id"": ""231329""}]","{""level_map"": ""open-anki-jlpt-decks"", ""level_map_guid"": ""x=d[R_7msH"", ""dictionary"": ""JMdict"", ""dictionary_entry_id"": ""1409140"", ""dictionary_lookup_aliases"": [], ""examples"": ""JMdict sense-linked Tatoeba examples""}"
n5-vocab-0366,N5,366,222,"{""genki_lesson"": 23}","{""primary"": ""靴下"", ""variants"": [""靴下""], ""without_furigana"": ""靴下"", ""with_furigana"": ""{靴下}(くつした)"", ""lookup_text"": ""靴下""}","{""primary"": ""くつした"", ""variants"": [""くつした""], ""source_text"": ""くつした""}","[""socks""]","[{""code"": ""n"", ""label"": ""noun (common) (futsuumeishi)""}]",True,"[{""japanese_raw"": ""この靴下の片方はどこだ。"", ""japanese_furigana"": ""<furigana>この靴下の片方はどこだ。</furigana>"", ""english"": ""Where is the mate to this sock?"", ""source"": ""tatoeba"", ""source_id"": ""222242""}]","{""level_map"": ""open-anki-jlpt-decks"", ""level_map_guid"": ""m{wv6,~qH4"", ""dictionary"": ""JMdict"", ""dictionary_entry_id"": ""1246740"", ""dictionary_lookup_aliases"": [], ""examples"": ""JMdict sense-linked Tatoeba examples""}"
n5-vocab-0367,N5,367,402,"{""genki_lesson"": 23}","{""primary"": ""違う"", ""variants"": [""違う""], ""without_furigana"": ""違う"", ""with_furigana"": ""{違}(ちが)う"", ""lookup_text"": ""違う""}","{""primary"": ""ちがう"", ""variants"": [""ちがう""], ""source_text"": ""ちがう""}","[""to be different"", ""to differ"", ""wrong""]","[{""code"": ""v5u"", ""label"": ""Godan verb with 'u' ending""}, {""code"": ""vi"", ""label"": ""intransitive verb""}, {""code"": ""exp"", ""label"": ""expressions (phrases, clauses, etc.)""}]",True,"[{""japanese_raw"": ""君は違う方にいきますよ。"", ""japanese_furigana"": ""<furigana>君は違う方にいきますよ。</furigana>"", ""english"": ""You're going the wrong way."", ""source"": ""tatoeba"", ""source_id"": ""223368""}, {""japanese_raw"": ""その点では私は君と意見が違う。"", ""japanese_furigana"": ""<furigana>その点では私は君と意見が違う。</furigana>"", ""english"": ""I differ from you on that point."", ""source"": ""tatoeba"", ""source_id"": ""207594""}]","{""level_map"": ""open-anki-jlpt-decks"", ""level_map_guid"": ""N2Hj9)qK/l"", ""dictionary"": ""JMdict"", ""dictionary_entry_id"": ""1158880"", ""dictionary_lookup_aliases"": [], ""examples"": ""JMdict sense-linked Tatoeba examples""}"
n5-vocab-0368,N5,368,624,"{""genki_lesson"": 23}","{""primary"": ""まずい"", ""variants"": [""まずい""], ""without_furigana"": ""まずい"", ""with_furigana"": ""まずい"", ""lookup_text"": ""まずい""}","{""primary"": ""まずい"", ""variants"": [""まずい""], ""source_text"": ""まずい""}","[""terrible (in reference to food)"", ""unappetizing"", ""unpleasant (taste)""]","[{""code"": ""adj-i"", ""label"": ""adjective (keiyoushi)""}, {""code"": ""int"", ""label"": ""interjection (kandoushi)""}]",True,"[{""japanese_raw"": ""すき腹にまずいものなし。"", ""japanese_furigana"": ""<furigana>すき腹にまずいものなし。</furigana>"", ""english"": ""Hunger is the best sauce."", ""source"": ""tatoeba"", ""source_id"": ""214992""}, {""japanese_raw"": ""あ！まずい！ガソリンが切れてきた。"", ""japanese_furigana"": ""<furigana>あ！まずい！ガソリンが切れてきた。</furigana>"", ""english"": ""Oh, no! We're running out of gas."", ""source"": ""tatoeba"", ""source_id"": ""234772""}]","{""level_map"": ""open-anki-jlpt-decks"", ""level_map_guid"": ""y=A8n$:VZF"", ""dictionary"": ""JMdict"", ""dictionary_entry_id"": ""1495000"", ""dictionary_lookup_aliases"": [], ""examples"": ""JMdict sense-linked Tatoeba examples""}"
n5-vocab-0369,N5,369,1,"{""genki_lesson"": null}","{""primary"": ""ああ"", ""variants"": [""ああ""], ""without_furigana"": ""ああ"", ""with_furigana"": ""ああ"", ""lookup_text"": ""ああ""}","{""primary"": ""ああ"", ""variants"": [""ああ""], ""source_text"": ""ああ""}","[""Ah!"", ""Oh!""]","[{""code"": ""int"", ""label"": ""interjection (kandoushi)""}]",True,"[{""japanese_raw"": ""ああ悲しい。"", ""japanese_furigana"": ""<furigana>ああ悲しい。</furigana>"", ""english"": ""Ah, me!"", ""source"": ""tatoeba"", ""source_id"": ""234699""}, {""japanese_raw"": ""ああ、なるほど！"", ""japanese_furigana"": ""<furigana>ああ、なるほど！</furigana>"", ""english"": ""Ah, gotcha!"", ""source"": ""tatoeba"", ""source_id"": ""9611877""}]","{""level_map"": ""open-anki-jlpt-decks"", ""level_map_guid"": ""HI-.Ij?HS~"", ""dictionary"": ""JMdict"", ""dictionary_entry_id"": ""1565440"", ""dictionary_lookup_aliases"": [], ""examples"": ""JMdict sense-linked Tatoeba examples""}"
n5-vocab-0370,N5,370,2,"{""genki_lesson"": null}","{""primary"": ""会う"", ""variants"": [""会う""], ""without_furigana"": ""会う"", ""with_furigana"": ""{会}(あ)う"", ""lookup_text"": ""会う""}","{""primary"": ""あう"", ""variants"": [""あう""], ""source_text"": ""あう""}","[""to meet"", ""to see""]","[{""code"": ""v5u"", ""label"": ""Godan verb with 'u' ending""}, {""code"": ""vi"", ""label"": ""intransitive verb""}]",True,"[{""japanese_raw"": ""前に彼にあったのを覚えている。"", ""japanese_furigana"": ""<furigana>前に彼にあったのを覚えている。</furigana>"", ""english"": ""I remember seeing him before."", ""source"": ""tatoeba"", ""source_id"": ""140993""}, {""japanese_raw"": ""駅へ行く途中でにわか雨に遭った。"", ""japanese_furigana"": ""<furigana>駅へ行く途中でにわか雨に遭った。</furigana>"", ""english"": ""I was caught in a shower on my way to the station."", ""source"": ""tatoeba"", ""source_id"": ""188876""}]","{""level_map"": ""open-anki-jlpt-decks"", ""level_map_guid"": ""kupB!kWE}<"", ""dictionary"": ""JMdict"", ""dictionary_entry_id"": ""1198180"", ""dictionary_lookup_aliases"": [], ""examples"": ""JMdict sense-linked Tatoeba examples""}"
n5-vocab-0371,N5,371,3,"{""genki_lesson"": null}","{""primary"": ""青"", ""variants"": [""青""], ""without_furigana"": ""青"", ""with_furigana"": ""{青}(あお)"", ""lookup_text"": ""青""}","{""primary"": ""あお"", ""variants"": [""あお""], ""source_text"": ""あお""}","[""blue""]","[{""code"": ""n"", ""label"": ""noun (common) (futsuumeishi)""}, {""code"": ""adj-no"", ""label"": ""nouns which may take the genitive case particle 'no'""}, {""code"": ""pref"", ""label"": ""prefix""}]",True,"[{""japanese_raw"": ""信号が青に変わったわよ。"", ""japanese_furigana"": ""<furigana>信号が青に変わったわよ。</furigana>"", ""english"": ""The traffic light turned green."", ""source"": ""tatoeba"", ""source_id"": ""145720""}]","{""level_map"": ""open-anki-jlpt-decks"", ""level_map_guid"": ""HB)I{+$j.i"", ""dictionary"": ""JMdict"", ""dictionary_entry_id"": ""1381380"", ""dictionary_lookup_aliases"": [], ""examples"": ""JMdict sense-linked Tatoeba examples""}"
n5-vocab-0372,N5,372,5,"{""genki_lesson"": null}","{""primary"": ""赤"", ""variants"": [""赤""], ""without_furigana"": ""赤"", ""with_furigana"": ""{赤}(あか)"", ""lookup_text"": ""赤""}","{""primary"": ""あか"", ""variants"": [""あか""], ""source_text"": ""あか""}","[""red""]","[{""code"": ""n"", ""label"": ""noun (common) (futsuumeishi)""}, {""code"": ""adj-no"", ""label"": ""nouns which may take the genitive case particle 'no'""}]",True,"[{""japanese_raw"": ""信号機が赤の間は道路を渡るな。"", ""japanese_furigana"": ""<furigana>信号機が赤の間は道路を渡るな。</furigana>"", ""english"": ""Don't cross the road when the signal is red."", ""source"": ""tatoeba"", ""source_id"": ""145704""}, {""japanese_raw"": ""サダムが脅威でないなどと言うのは、赤がかった反戦運動の人達くらい。"", ""japanese_furigana"": ""<furigana>サダムが脅威でないなどと言うのは、赤がかった反戦運動の人達くらい。</furigana>"", ""english"": ""It's only the anti-war pinkos who say things like Saddam isn't a threat."", ""source"": ""tatoeba"", ""source_id"": ""74141""}]","{""level_map"": ""open-anki-jlpt-decks"", ""level_map_guid"": ""y!Fn9IOz@J"", ""dictionary"": ""JMdict"", ""dictionary_entry_id"": ""2013900"", ""dictionary_lookup_aliases"": [], ""examples"": ""JMdict sense-linked Tatoeba examples""}"
n5-vocab-0373,N5,373,9,"{""genki_lesson"": null}","{""primary"": ""開く"", ""variants"": [""開く""], ""without_furigana"": ""開く"", ""with_furigana"": ""{開}(あ)く"", ""lookup_text"": ""開く""}","{""primary"": ""あく"", ""variants"": [""あく""], ""source_text"": ""あく""}","[""to open"", ""to become open""]","[{""code"": ""v5k"", ""label"": ""Godan verb with 'ku' ending""}, {""code"": ""vi"", ""label"": ""intransitive verb""}, {""code"": ""vt"", ""label"": ""transitive verb""}]",True,"[{""japanese_raw"": ""放課後は空いてますか？"", ""japanese_furigana"": ""<furigana>放課後は空いてますか？</furigana>"", ""english"": ""Are you free after school?"", ""source"": ""tatoeba"", ""source_id"": ""82709""}, {""japanese_raw"": ""ぐいと押すとドアは開いた。"", ""japanese_furigana"": ""<furigana>ぐいと押すとドアは開いた。</furigana>"", ""english"": ""The door yielded to a strong push."", ""source"": ""tatoeba"", ""source_id"": ""225720""}]","{""level_map"": ""open-anki-jlpt-decks"", ""level_map_guid"": ""m[4![DH*c~"", ""dictionary"": ""JMdict"", ""dictionary_entry_id"": ""1586270"", ""dictionary_lookup_aliases"": [], ""examples"": ""JMdict sense-linked Tatoeba examples""}"
n5-vocab-0374,N5,374,10,"{""genki_lesson"": null}","{""primary"": ""開ける"", ""variants"": [""開ける""], ""without_furigana"": ""開ける"", ""with_furigana"": ""{開}(あ)ける"", ""lookup_text"": ""開ける""}","{""primary"": ""あける"", ""variants"": [""あける""], ""source_text"": ""あける""}","[""to open (v.t.)""]","[{""code"": ""v1"", ""label"": ""Ichidan verb""}, {""code"": ""vt"", ""label"": ""transitive verb""}, {""code"": ""vi"", ""label"": ""intransitive verb""}]",True,"[{""japanese_raw"": ""財布の中身をこの袋に空けなさい。"", ""japanese_furigana"": ""<furigana>財布の中身をこの袋に空けなさい。</furigana>"", ""english"": ""Empty the purse into this bag."", ""source"": ""tatoeba"", ""source_id"": ""170206""}, {""japanese_raw"": ""次の土曜日の午後は空けておいてください。"", ""japanese_furigana"": ""<furigana>次の土曜日の午後は空けておいてください。</furigana>"", ""english"": ""Please leave next Saturday afternoon free."", ""source"": ""tatoeba"", ""source_id"": ""150251""}]","{""level_map"": ""open-anki-jlpt-decks"", ""level_map_guid"": ""y.#AVx@-k>"", ""dictionary"": ""JMdict"", ""dictionary_entry_id"": ""1202450"", ""dictionary_lookup_aliases"": [], ""examples"": ""JMdict sense-linked Tatoeba examples""}"
n5-vocab-0375,N5,375,11,"{""genki_lesson"": null}","{""primary"": ""上げる"", ""variants"": [""上げる""], ""without_furigana"": ""上げる"", ""with_furigana"": ""{上}(あ)げる"", ""lookup_text"": ""上げる""}","{""primary"": ""あげる"", ""variants"": [""あげる""], ""source_text"": ""あげる""}","[""to raise"", ""to lift""]","[{""code"": ""v1"", ""label"": ""Ichidan verb""}, {""code"": ""vt"", ""label"": ""transitive verb""}, {""code"": ""vi"", ""label"": ""intransitive verb""}, {""code"": ""aux-v"", ""label"": ""auxiliary verb""}, {""code"": ""suf"", ""label"": ""suffix""}]",True,"[{""japanese_raw"": ""彼は立派な成績を上げた。"", ""japanese_furigana"": ""<furigana>彼は立派な成績を上げた。</furigana>"", ""english"": ""He got wonderful results."", ""source"": ""tatoeba"", ""source_id"": ""99025""}, {""japanese_raw"": ""解き方を教えてあげるよ。"", ""japanese_furigana"": ""<furigana>解き方を教えてあげるよ。</furigana>"", ""english"": ""I will show you how to solve it."", ""source"": ""tatoeba"", ""source_id"": ""185202""}]","{""level_map"": ""open-anki-jlpt-decks"", ""level_map_guid"": ""Hp0]9?Ae.w"", ""dictionary"": ""JMdict"", ""dictionary_entry_id"": ""1352320"", ""dictionary_lookup_aliases"": [], ""examples"": ""JMdict sense-linked Tatoeba examples""}"
n5-vocab-0376,N5,376,14,"{""genki_lesson"": null}","{""primary"": ""明後日"", ""variants"": [""明後日""], ""without_furigana"": ""明後日"", ""with_furigana"": ""{明後日}(あさって)"", ""lookup_text"": ""明後日""}","{""primary"": ""あさって"", ""variants"": [""あさって""], ""source_text"": ""あさって""}","[""day after tomorrow""]","[{""code"": ""n"", ""label"": ""noun (common) (futsuumeishi)""}, {""code"": ""adv"", ""label"": ""adverb (fukushi)""}, {""code"": ""adj-no"", ""label"": ""nouns which may take the genitive case particle 'no'""}]",True,"[{""japanese_raw"": ""あさって彼にここへ来てもらうつもりです。"", ""japanese_furigana"": ""<furigana>あさって彼にここへ来てもらうつもりです。</furigana>"", ""english"": ""I will have him come here the day after tomorrow."", ""source"": ""tatoeba"", ""source_id"": ""234491""}]","{""level_map"": ""open-anki-jlpt-decks"", ""level_map_guid"": ""mF[0Aq7|V7"", ""dictionary"": ""JMdict"", ""dictionary_entry_id"": ""1584640"", ""dictionary_lookup_aliases"": [], ""examples"": ""JMdict sense-linked Tatoeba examples""}"
n5-vocab-0377,N5,377,15,"{""genki_lesson"": null}","{""primary"": ""足"", ""variants"": [""足"", ""脚""], ""without_furigana"": ""足"", ""with_furigana"": ""{足}(あし)"", ""lookup_text"": ""足""}","{""primary"": ""あし"", ""variants"": [""あし""], ""source_text"": ""あし""}","[""foot"", ""leg""]","[{""code"": ""n"", ""label"": ""noun (common) (futsuumeishi)""}]",True,"[{""japanese_raw"": ""また足がしびれた。"", ""japanese_furigana"": ""<furigana>また足がしびれた。</furigana>"", ""english"": ""My foot's asleep again!"", ""source"": ""tatoeba"", ""source_id"": ""195414""}, {""japanese_raw"": ""ん〜、イマイチなんだよねえ。この脚のあたりの線とかさぁ。なんとかなんないの？"", ""japanese_furigana"": ""<furigana>ん〜、イマイチなんだよねえ。この脚のあたりの線とかさぁ。なんとかなんないの？</furigana>"", ""english"": ""This drawing is less than great. He needs to do something with the line here at the back of the leg."", ""source"": ""tatoeba"", ""source_id"": ""191581""}]","{""level_map"": ""open-anki-jlpt-decks"", ""level_map_guid"": ""m.INsC.wC2"", ""dictionary"": ""JMdict"", ""dictionary_entry_id"": ""1404630"", ""dictionary_lookup_aliases"": [], ""examples"": ""JMdict sense-linked Tatoeba examples""}"
n5-vocab-0378,N5,378,19,"{""genki_lesson"": null}","{""primary"": ""暖かい"", ""variants"": [""暖かい""], ""without_furigana"": ""暖かい"", ""with_furigana"": ""{暖}(あたた)かい"", ""lookup_text"": ""暖かい""}","{""primary"": ""あたたかい"", ""variants"": [""あたたかい""], ""source_text"": ""あたたかい""}","[""warm""]","[{""code"": ""adj-i"", ""label"": ""adjective (keiyoushi)""}]",True,"[{""japanese_raw"": ""だんだん暖かくなります。"", ""japanese_furigana"": ""<furigana>だんだん暖かくなります。</furigana>"", ""english"": ""It will get warmer and warmer."", ""source"": ""tatoeba"", ""source_id"": ""203062""}]","{""level_map"": ""open-anki-jlpt-decks"", ""level_map_guid"": ""tk[pUMy0{i"", ""dictionary"": ""JMdict"", ""dictionary_entry_id"": ""1586420"", ""dictionary_lookup_aliases"": [], ""examples"": ""JMdict sense-linked Tatoeba examples""}"
n5-vocab-0379,N5,379,20,"{""genki_lesson"": null}","{""primary"": ""頭"", ""variants"": [""頭""], ""without_furigana"": ""頭"", ""with_furigana"": ""{頭}(あたま)"", ""lookup_text"": ""頭""}","{""primary"": ""あたま"", ""variants"": [""あたま""], ""source_text"": ""あたま""}","[""head""]","[{""code"": ""n"", ""label"": ""noun (common) (futsuumeishi)""}]",True,"[{""japanese_raw"": ""アリスは頭に花をさしています。"", ""japanese_furigana"": ""<furigana>アリスは頭に花をさしています。</furigana>"", ""english"": ""Alice has a flower in her hair."", ""source"": ""tatoeba"", ""source_id"": ""229971""}, {""japanese_raw"": ""トムは先週の頭に車を盗まれた。"", ""japanese_furigana"": ""<furigana>トムは先週の頭に車を盗まれた。</furigana>"", ""english"": ""Tom had his car stolen early last week."", ""source"": ""tatoeba"", ""source_id"": ""8504274""}]","{""level_map"": ""open-anki-jlpt-decks"", ""level_map_guid"": ""DaKiPvzaex"", ""dictionary"": ""JMdict"", ""dictionary_entry_id"": ""1582310"", ""dictionary_lookup_aliases"": [], ""examples"": ""JMdict sense-linked Tatoeba examples""}"
n5-vocab-0380,N5,380,25,"{""genki_lesson"": null}","{""primary"": ""厚い"", ""variants"": [""厚い""], ""without_furigana"": ""厚い"", ""with_furigana"": ""{厚}(あつ)い"", ""lookup_text"": ""厚い""}","{""primary"": ""あつい"", ""variants"": [""あつい""], ""source_text"": ""あつい""}","[""kind"", ""warm(hearted)"", ""thick"", ""deep""]","[{""code"": ""adj-i"", ""label"": ""adjective (keiyoushi)""}]",True,"[{""japanese_raw"": ""氷は２インチの厚さだ。"", ""japanese_furigana"": ""<furigana>氷は２インチの厚さだ。</furigana>"", ""english"": ""The ice is two inches thick."", ""source"": ""tatoeba"", ""source_id"": ""85389""}, {""japanese_raw"": ""ご好意に対し厚くお礼を申し上げます。"", ""japanese_furigana"": ""<furigana>ご好意に対し厚くお礼を申し上げます。</furigana>"", ""english"": ""I'm deeply grateful for your kindness."", ""source"": ""tatoeba"", ""source_id"": ""217164""}]","{""level_map"": ""open-anki-jlpt-decks"", ""level_map_guid"": ""v[2GvOysf?"", ""dictionary"": ""JMdict"", ""dictionary_entry_id"": ""1275320"", ""dictionary_lookup_aliases"": [], ""examples"": ""JMdict sense-linked Tatoeba examples""}"
n5-vocab-0381,N5,381,26,"{""genki_lesson"": null}","{""primary"": ""あっち"", ""variants"": [""あっち""], ""without_furigana"": ""あっち"", ""with_furigana"": ""あっち"", ""lookup_text"": ""あっち""}","{""primary"": ""あっち"", ""variants"": [""あっち""], ""source_text"": ""あっち""}","[""over there""]","[{""code"": ""pn"", ""label"": ""pronoun""}]",True,"[{""japanese_raw"": ""あちらが私の待っていた人です。"", ""japanese_furigana"": ""<furigana>あちらが私の待っていた人です。</furigana>"", ""english"": ""That's the person I've been waiting for."", ""source"": ""tatoeba"", ""source_id"": ""234351""}, {""japanese_raw"": ""あちらに着いたら手紙をください。"", ""japanese_furigana"": ""<furigana>あちらに着いたら手紙をください。</furigana>"", ""english"": ""Please write to me when you get there."", ""source"": ""tatoeba"", ""source_id"": ""234350""}]","{""level_map"": ""open-anki-jlpt-decks"", ""level_map_guid"": ""Pv=fA$Z6K5"", ""dictionary"": ""JMdict"", ""dictionary_entry_id"": ""1483185"", ""dictionary_lookup_aliases"": [], ""examples"": ""JMdict sense-linked Tatoeba examples""}"
n5-vocab-0382,N5,382,32,"{""genki_lesson"": null}","{""primary"": ""あの"", ""variants"": [""あの""], ""without_furigana"": ""あの"", ""with_furigana"": ""あの"", ""lookup_text"": ""あの""}","{""primary"": ""あの"", ""variants"": [""あの""], ""source_text"": ""あの""}","[""that over there"", ""like that"", ""that way"", ""um...""]","[{""code"": ""adj-pn"", ""label"": ""pre-noun adjectival (rentaishi)""}]",True,"[{""japanese_raw"": ""あのおいしいワインをなぜ飲まないんだい。"", ""japanese_furigana"": ""<furigana>あのおいしいワインをなぜ飲まないんだい。</furigana>"", ""english"": ""Why not try that delicious wine?"", ""source"": ""tatoeba"", ""source_id"": ""231361""}]","{""level_map"": ""open-anki-jlpt-decks"", ""level_map_guid"": ""B2LX%goFyX"", ""dictionary"": ""JMdict"", ""dictionary_entry_id"": ""1000420"", ""dictionary_lookup_aliases"": [], ""examples"": ""JMdict sense-linked Tatoeba examples""}"
n5-vocab-0383,N5,383,33,"{""genki_lesson"": null}","{""primary"": ""浴びる"", ""variants"": [""浴びる""], ""without_furigana"": ""浴びる"", ""with_furigana"": ""{浴}(あ)びる"", ""lookup_text"": ""浴びる""}","{""primary"": ""あびる"", ""variants"": [""あびる""], ""source_text"": ""あびる""}","[""to bathe"", ""to shower""]","[{""code"": ""v1"", ""label"": ""Ichidan verb""}, {""code"": ""vt"", ""label"": ""transitive verb""}]",True,"[{""japanese_raw"": ""屋根は日を浴びて輝いている。"", ""japanese_furigana"": ""<furigana>屋根は日を浴びて輝いている。</furigana>"", ""english"": ""The roof is shining in the sun."", ""source"": ""tatoeba"", ""source_id"": ""188430""}]","{""level_map"": ""open-anki-jlpt-decks"", ""level_map_guid"": ""b2.2F3UI=#"", ""dictionary"": ""JMdict"", ""dictionary_entry_id"": ""1547450"", ""dictionary_lookup_aliases"": [], ""examples"": ""JMdict sense-linked Tatoeba examples""}"
n5-vocab-0384,N5,384,34,"{""genki_lesson"": null}","{""primary"": ""危ない"", ""variants"": [""危ない""], ""without_furigana"": ""危ない"", ""with_furigana"": ""{危}(あぶ)ない"", ""lookup_text"": ""危ない""}","{""primary"": ""あぶない"", ""variants"": [""あぶない""], ""source_text"": ""あぶない""}","[""dangerous"", ""critical""]","[{""code"": ""adj-i"", ""label"": ""adjective (keiyoushi)""}, {""code"": ""int"", ""label"": ""interjection (kandoushi)""}]",True,"[{""japanese_raw"": ""危ない空模様だ。"", ""japanese_furigana"": ""<furigana>危ない空模様だ。</furigana>"", ""english"": ""The weather is threatening."", ""source"": ""tatoeba"", ""source_id"": ""183595""}, {""japanese_raw"": ""彼の命が危ない。"", ""japanese_furigana"": ""<furigana>彼の命が危ない。</furigana>"", ""english"": ""His life is in danger."", ""source"": ""tatoeba"", ""source_id"": ""2432348""}]","{""level_map"": ""open-anki-jlpt-decks"", ""level_map_guid"": ""kjgRC;INvI"", ""dictionary"": ""JMdict"", ""dictionary_entry_id"": ""1218380"", ""dictionary_lookup_aliases"": [], ""examples"": ""JMdict sense-linked Tatoeba examples""}"
n5-vocab-0385,N5,385,36,"{""genki_lesson"": null}","{""primary"": ""余り"", ""variants"": [""余り""], ""without_furigana"": ""余り"", ""with_furigana"": ""{余}(あま)り"", ""lookup_text"": ""余り""}","{""primary"": ""あまり"", ""variants"": [""あまり""], ""source_text"": ""あまり""}","[""not very"", ""surplus""]","[{""code"": ""n"", ""label"": ""noun (common) (futsuumeishi)""}, {""code"": ""adj-no"", ""label"": ""nouns which may take the genitive case particle 'no'""}, {""code"": ""adv"", ""label"": ""adverb (fukushi)""}, {""code"": ""adj-na"", ""label"": ""adjectival nouns or quasi-adjectives (keiyodoshi)""}, {""code"": ""n-suf"", ""label"": ""noun, used as a suffix""}]",True,"[{""japanese_raw"": ""それはあまり価値がない。"", ""japanese_furigana"": ""<furigana>それはあまり価値がない。</furigana>"", ""english"": ""It's not worth much."", ""source"": ""tatoeba"", ""source_id"": ""205558""}, {""japanese_raw"": ""この手の本はあまり読まない。"", ""japanese_furigana"": ""<furigana>この手の本はあまり読まない。</furigana>"", ""english"": ""I don't read this kind of book much."", ""source"": ""tatoeba"", ""source_id"": ""221356""}]","{""level_map"": ""open-anki-jlpt-decks"", ""level_map_guid"": ""l$B(J(k,y1"", ""dictionary"": ""JMdict"", ""dictionary_entry_id"": ""1584930"", ""dictionary_lookup_aliases"": [], ""examples"": ""JMdict sense-linked Tatoeba examples""}"
n5-vocab-0386,N5,386,38,"{""genki_lesson"": null}","{""primary"": ""飴"", ""variants"": [""飴""], ""without_furigana"": ""飴"", ""with_furigana"": ""{飴}(あめ)"", ""lookup_text"": ""飴""}","{""primary"": ""あめ"", ""variants"": [""あめ""], ""source_text"": ""あめ""}","[""(hard) candy""]","[{""code"": ""n"", ""label"": ""noun (common) (futsuumeishi)""}]",True,"[{""japanese_raw"": ""息子は箱から飴を一つ取った。"", ""japanese_furigana"": ""<furigana>息子は箱から飴を一つ取った。</furigana>"", ""english"": ""My son took a candy from the box."", ""source"": ""tatoeba"", ""source_id"": ""139909""}]","{""level_map"": ""open-anki-jlpt-decks"", ""level_map_guid"": ""v}dp1l^X:W"", ""dictionary"": ""JMdict"", ""dictionary_entry_id"": ""1153520"", ""dictionary_lookup_aliases"": [], ""examples"": ""JMdict sense-linked Tatoeba examples""}"
n5-vocab-0387,N5,387,40,"{""genki_lesson"": null}","{""primary"": ""在る"", ""variants"": [""在る""], ""without_furigana"": ""在る"", ""with_furigana"": ""{在}(あ)る"", ""lookup_text"": ""在る""}","{""primary"": ""ある"", ""variants"": [""ある""], ""source_text"": ""ある""}","[""to be"", ""to have""]","[{""code"": ""v5r-i"", ""label"": ""Godan verb with 'ru' ending (irregular verb)""}, {""code"": ""vi"", ""label"": ""intransitive verb""}, {""code"": ""aux-v"", ""label"": ""auxiliary verb""}]",True,"[{""japanese_raw"": ""悪いけどほかに用事があるの。"", ""japanese_furigana"": ""<furigana>悪いけどほかに用事があるの。</furigana>"", ""english"": ""I'm sorry, I have another engagement."", ""source"": ""tatoeba"", ""source_id"": ""191501""}, {""japanese_raw"": ""失礼だが、上記の記事にある３つの誤りを指摘しておきたい。"", ""japanese_furigana"": ""<furigana>失礼だが、上記の記事にある３つの誤りを指摘しておきたい。</furigana>"", ""english"": ""Excuse me; allow me to point out three errors in the above article."", ""source"": ""tatoeba"", ""source_id"": ""4991""}]","{""level_map"": ""open-anki-jlpt-decks"", ""level_map_guid"": ""w$Yz{uB@-`"", ""dictionary"": ""JMdict"", ""dictionary_entry_id"": ""1296400"", ""dictionary_lookup_aliases"": [], ""examples"": ""JMdict sense-linked Tatoeba examples""}"
n5-vocab-0388,N5,388,41,"{""genki_lesson"": null}","{""primary"": ""有る"", ""variants"": [""有る""], ""without_furigana"": ""有る"", ""with_furigana"": ""{有}(あ)る"", ""lookup_text"": ""有る""}","{""primary"": ""ある"", ""variants"": [""ある""], ""source_text"": ""ある""}","[""to be"", ""to have""]","[{""code"": ""v5r-i"", ""label"": ""Godan verb with 'ru' ending (irregular verb)""}, {""code"": ""vi"", ""label"": ""intransitive verb""}, {""code"": ""aux-v"", ""label"": ""auxiliary verb""}]",True,"[{""japanese_raw"": ""悪いけどほかに用事があるの。"", ""japanese_furigana"": ""<furigana>悪いけどほかに用事があるの。</furigana>"", ""english"": ""I'm sorry, I have another engagement."", ""source"": ""tatoeba"", ""source_id"": ""191501""}, {""japanese_raw"": ""失礼だが、上記の記事にある３つの誤りを指摘しておきたい。"", ""japanese_furigana"": ""<furigana>失礼だが、上記の記事にある３つの誤りを指摘しておきたい。</furigana>"", ""english"": ""Excuse me; allow me to point out three errors in the above article."", ""source"": ""tatoeba"", ""source_id"": ""4991""}]","{""level_map"": ""open-anki-jlpt-decks"", ""level_map_guid"": ""v`6i&kQMJj"", ""dictionary"": ""JMdict"", ""dictionary_entry_id"": ""1296400"", ""dictionary_lookup_aliases"": [], ""examples"": ""JMdict sense-linked Tatoeba examples""}"
n5-vocab-0389,N5,389,44,"{""genki_lesson"": null}","{""primary"": ""いい"", ""variants"": [""いい"", ""よい""], ""without_furigana"": ""いい"", ""with_furigana"": ""いい"", ""lookup_text"": ""いい""}","{""primary"": ""いい"", ""variants"": [""いい"", ""よい""], ""source_text"": ""いい; よい""}","[""good""]","[{""code"": ""n"", ""label"": ""noun (common) (futsuumeishi)""}]",True,[],"{""level_map"": ""open-anki-jlpt-decks"", ""level_map_guid"": ""O(#?WJE%7H"", ""dictionary"": ""JMdict"", ""dictionary_entry_id"": ""1347600"", ""dictionary_lookup_aliases"": [], ""examples"": ""JMdict sense-linked Tatoeba examples""}"
n5-vocab-0390,N5,390,45,"{""genki_lesson"": null}","{""primary"": ""いいえ"", ""variants"": [""いいえ""], ""without_furigana"": ""いいえ"", ""with_furigana"": ""いいえ"", ""lookup_text"": ""いいえ""}","{""primary"": ""いいえ"", ""variants"": [""いいえ""], ""source_text"": ""いいえ""}","[""no"", ""not at all""]","[{""code"": ""int"", ""label"": ""interjection (kandoushi)""}]",True,"[{""japanese_raw"": ""「机の中に本がありますか」「いいえ、ありません」"", ""japanese_furigana"": ""<furigana>「机の中に本がありますか」「いいえ、ありません」</furigana>"", ""english"": ""\""Is there a book in the desk?\"" \""No, there isn't.\"""", ""source"": ""tatoeba"", ""source_id"": ""236367""}]","{""level_map"": ""open-anki-jlpt-decks"", ""level_map_guid"": ""iO`r],Af`o"", ""dictionary"": ""JMdict"", ""dictionary_entry_id"": ""1583250"", ""dictionary_lookup_aliases"": [], ""examples"": ""JMdict sense-linked Tatoeba examples""}"
n5-vocab-0391,N5,391,48,"{""genki_lesson"": null}","{""primary"": ""いかが"", ""variants"": [""いかが""], ""without_furigana"": ""いかが"", ""with_furigana"": ""いかが"", ""lookup_text"": ""いかが""}","{""primary"": ""いかが"", ""variants"": [""いかが""], ""source_text"": ""いかが""}","[""how"", ""in what way""]","[{""code"": ""adv"", ""label"": ""adverb (fukushi)""}, {""code"": ""adj-na"", ""label"": ""adjectival nouns or quasi-adjectives (keiyodoshi)""}]",True,"[{""japanese_raw"": ""コンタクトを入れるというのはいかがでしょう？"", ""japanese_furigana"": ""<furigana>コンタクトを入れるというのはいかがでしょう？</furigana>"", ""english"": ""How about wearing contact lenses?"", ""source"": ""tatoeba"", ""source_id"": ""74894""}]","{""level_map"": ""open-anki-jlpt-decks"", ""level_map_guid"": ""r5L~xW!JP9"", ""dictionary"": ""JMdict"", ""dictionary_entry_id"": ""2845606"", ""dictionary_lookup_aliases"": [], ""examples"": ""JMdict sense-linked Tatoeba examples""}"
n5-vocab-0392,N5,392,49,"{""genki_lesson"": null}","{""primary"": ""行く"", ""variants"": [""行く""], ""without_furigana"": ""行く"", ""with_furigana"": ""{行}(い)く"", ""lookup_text"": ""行く""}","{""primary"": ""いく"", ""variants"": [""いく"", ""ゆく""], ""source_text"": ""いく; ゆく""}","[""to go""]","[{""code"": ""v5k-s"", ""label"": ""Godan verb - Iku/Yuku special class""}, {""code"": ""vi"", ""label"": ""intransitive verb""}, {""code"": ""aux-v"", ""label"": ""auxiliary verb""}]",True,"[{""japanese_raw"": ""お母さん、泳ぎに行ってもいい？"", ""japanese_furigana"": ""<furigana>お母さん、泳ぎに行ってもいい？</furigana>"", ""english"": ""Can I go swimming, Mother?"", ""source"": ""tatoeba"", ""source_id"": ""226648""}, {""japanese_raw"": ""探検家が山中の道なき道を行った。"", ""japanese_furigana"": ""<furigana>探検家が山中の道なき道を行った。</furigana>"", ""english"": ""The explorer pushed his way through the trackless mountain region."", ""source"": ""tatoeba"", ""source_id"": ""391896""}]","{""level_map"": ""open-anki-jlpt-decks"", ""level_map_guid"": ""kJnXhXxW0)"", ""dictionary"": ""JMdict"", ""dictionary_entry_id"": ""1578850"", ""dictionary_lookup_aliases"": [], ""examples"": ""JMdict sense-linked Tatoeba examples""}"
n5-vocab-0393,N5,393,50,"{""genki_lesson"": null}","{""primary"": ""いくつ"", ""variants"": [""いくつ""], ""without_furigana"": ""いくつ"", ""with_furigana"": ""いくつ"", ""lookup_text"": ""いくつ""}","{""primary"": ""いくつ"", ""variants"": [""いくつ""], ""source_text"": ""いくつ""}","[""how many"", ""how old""]","[{""code"": ""adv"", ""label"": ""adverb (fukushi)""}]",True,"[{""japanese_raw"": ""あなたのお父さんはおいくつですか。"", ""japanese_furigana"": ""<furigana>あなたのお父さんはおいくつですか。</furigana>"", ""english"": ""How old is your father?"", ""source"": ""tatoeba"", ""source_id"": ""233594""}, {""japanese_raw"": ""いいえ、おもちゃがいくつあるかじゃなくて、鍵がいくつあるかなのよ。"", ""japanese_furigana"": ""<furigana>いいえ、おもちゃがいくつあるかじゃなくて、鍵がいくつあるかなのよ。</furigana>"", ""english"": ""No, not how many toys, how many keys?"", ""source"": ""tatoeba"", ""source_id"": ""229461""}]","{""level_map"": ""open-anki-jlpt-decks"", ""level_map_guid"": ""mxf9)ZwbLi"", ""dictionary"": ""JMdict"", ""dictionary_entry_id"": ""1219960"", ""dictionary_lookup_aliases"": [], ""examples"": ""JMdict sense-linked Tatoeba examples""}"
n5-vocab-0394,N5,394,52,"{""genki_lesson"": null}","{""primary"": ""池"", ""variants"": [""池""], ""without_furigana"": ""池"", ""with_furigana"": ""{池}(いけ)"", ""lookup_text"": ""池""}","{""primary"": ""いけ"", ""variants"": [""いけ""], ""source_text"": ""いけ""}","[""pond""]","[{""code"": ""n"", ""label"": ""noun (common) (futsuumeishi)""}]",True,"[{""japanese_raw"": ""この前の夏にこの池は水がなくなりました。"", ""japanese_furigana"": ""<furigana>この前の夏にこの池は水がなくなりました。</furigana>"", ""english"": ""The pond dried up last summer."", ""source"": ""tatoeba"", ""source_id"": ""220757""}]","{""level_map"": ""open-anki-jlpt-decks"", ""level_map_guid"": ""u8]?l[G,7&"", ""dictionary"": ""JMdict"", ""dictionary_entry_id"": ""1421700"", ""dictionary_lookup_aliases"": [], ""examples"": ""JMdict sense-linked Tatoeba examples""}"
n5-vocab-0395,N5,395,54,"{""genki_lesson"": null}","{""primary"": ""椅子"", ""variants"": [""椅子""], ""without_furigana"": ""椅子"", ""with_furigana"": ""{椅子}(いす)"", ""lookup_text"": ""椅子""}","{""primary"": ""いす"", ""variants"": [""いす""], ""source_text"": ""いす""}","[""chair""]","[{""code"": ""n"", ""label"": ""noun (common) (futsuumeishi)""}]",True,"[{""japanese_raw"": ""ちょっと椅子をずらしてくれない？"", ""japanese_furigana"": ""<furigana>ちょっと椅子をずらしてくれない？</furigana>"", ""english"": ""Could you move the chair a bit?"", ""source"": ""tatoeba"", ""source_id"": ""202860""}, {""japanese_raw"": ""彼は必ず大統領の椅子につく人物だ。"", ""japanese_furigana"": ""<furigana>彼は必ず大統領の椅子につく人物だ。</furigana>"", ""english"": ""He is a natural to win the Presidency."", ""source"": ""tatoeba"", ""source_id"": ""100635""}]","{""level_map"": ""open-anki-jlpt-decks"", ""level_map_guid"": ""Nxw^e{dZp("", ""dictionary"": ""JMdict"", ""dictionary_entry_id"": ""1157070"", ""dictionary_lookup_aliases"": [], ""examples"": ""JMdict sense-linked Tatoeba examples""}"
n5-vocab-0396,N5,396,57,"{""genki_lesson"": null}","{""primary"": ""一"", ""variants"": [""一""], ""without_furigana"": ""一"", ""with_furigana"": ""{一}(いち)"", ""lookup_text"": ""一""}","{""primary"": ""いち"", ""variants"": [""いち""], ""source_text"": ""いち""}","[""one""]","[{""code"": ""num"", ""label"": ""numeric""}, {""code"": ""pref"", ""label"": ""prefix""}, {""code"": ""adj-no"", ""label"": ""nouns which may take the genitive case particle 'no'""}, {""code"": ""suf"", ""label"": ""suffix""}, {""code"": ""n"", ""label"": ""noun (common) (futsuumeishi)""}, {""code"": ""n-pref"", ""label"": ""noun, used as a prefix""}]",True,"[{""japanese_raw"": ""卵を一ダースづつつめなさい。"", ""japanese_furigana"": ""<furigana>卵を一ダースづつつめなさい。</furigana>"", ""english"": ""Pack eggs in dozens."", ""source"": ""tatoeba"", ""source_id"": ""78480""}, {""japanese_raw"": ""それは壱万円と計算されている。"", ""japanese_furigana"": ""<furigana>それは壱万円と計算されている。</furigana>"", ""english"": ""It is computed at 10,000 yen."", ""source"": ""tatoeba"", ""source_id"": ""205331""}]","{""level_map"": ""open-anki-jlpt-decks"", ""level_map_guid"": ""C57gy_Lcmo"", ""dictionary"": ""JMdict"", ""dictionary_entry_id"": ""1160790"", ""dictionary_lookup_aliases"": [], ""examples"": ""JMdict sense-linked Tatoeba examples""}"
n5-vocab-0397,N5,397,62,"{""genki_lesson"": null}","{""primary"": ""一緒"", ""variants"": [""一緒""], ""without_furigana"": ""一緒"", ""with_furigana"": ""{一緒}(いっしょ)"", ""lookup_text"": ""一緒""}","{""primary"": ""いっしょ"", ""variants"": [""いっしょ""], ""source_text"": ""いっしょ""}","[""together""]","[{""code"": ""n"", ""label"": ""noun (common) (futsuumeishi)""}, {""code"": ""adj-no"", ""label"": ""nouns which may take the genitive case particle 'no'""}]",True,"[{""japanese_raw"": ""「ご一緒してもいいですか」「もちろんです」"", ""japanese_furigana"": ""<furigana>「ご一緒してもいいですか」「もちろんです」</furigana>"", ""english"": ""\""May I go with you?\"" \""Of course.\"""", ""source"": ""tatoeba"", ""source_id"": ""217215""}]","{""level_map"": ""open-anki-jlpt-decks"", ""level_map_guid"": ""D>uK5dFJy^"", ""dictionary"": ""JMdict"", ""dictionary_entry_id"": ""1163400"", ""dictionary_lookup_aliases"": [], ""examples"": ""JMdict sense-linked Tatoeba examples""}"
n5-vocab-0398,N5,398,69,"{""genki_lesson"": null}","{""primary"": ""嫌"", ""variants"": [""嫌""], ""without_furigana"": ""嫌"", ""with_furigana"": ""{嫌}(いや)"", ""lookup_text"": ""嫌""}","{""primary"": ""いや"", ""variants"": [""いや""], ""source_text"": ""いや""}","[""disagreeable"", ""detestable"", ""unpleasant""]","[{""code"": ""adj-na"", ""label"": ""adjectival nouns or quasi-adjectives (keiyodoshi)""}, {""code"": ""int"", ""label"": ""interjection (kandoushi)""}]",True,"[{""japanese_raw"": ""彼の話し方が嫌なの。"", ""japanese_furigana"": ""<furigana>彼の話し方が嫌なの。</furigana>"", ""english"": ""I don't like his way of talking."", ""source"": ""tatoeba"", ""source_id"": ""115827""}, {""japanese_raw"": ""この卵は嫌な匂いがする。"", ""japanese_furigana"": ""<furigana>この卵は嫌な匂いがする。</furigana>"", ""english"": ""This egg has a bad smell."", ""source"": ""tatoeba"", ""source_id"": ""219213""}]","{""level_map"": ""open-anki-jlpt-decks"", ""level_map_guid"": ""pj6@51cCNZ"", ""dictionary"": ""JMdict"", ""dictionary_entry_id"": ""1587610"", ""dictionary_lookup_aliases"": [], ""examples"": ""JMdict sense-linked Tatoeba examples""}"
n5-vocab-0399,N5,399,70,"{""genki_lesson"": null}","{""primary"": ""入口"", ""variants"": [""入口""], ""without_furigana"": ""入口"", ""with_furigana"": ""{入口}(いりぐち)"", ""lookup_text"": ""入口""}","{""primary"": ""いりぐち"", ""variants"": [""いりぐち""], ""source_text"": ""いりぐち""}","[""entrance""]","[{""code"": ""n"", ""label"": ""noun (common) (futsuumeishi)""}]",True,"[{""japanese_raw"": ""１台の車が入り口に止まった。"", ""japanese_furigana"": ""<furigana>１台の車が入り口に止まった。</furigana>"", ""english"": ""A car stopped at the entrance."", ""source"": ""tatoeba"", ""source_id"": ""235719""}]","{""level_map"": ""open-anki-jlpt-decks"", ""level_map_guid"": ""E5~,8$6,oj"", ""dictionary"": ""JMdict"", ""dictionary_entry_id"": ""1582820"", ""dictionary_lookup_aliases"": [], ""examples"": ""JMdict sense-linked Tatoeba examples""}"
n5-vocab-0400,N5,400,71,"{""genki_lesson"": null}","{""primary"": ""居る"", ""variants"": [""居る""], ""without_furigana"": ""居る"", ""with_furigana"": ""{居}(い)る"", ""lookup_text"": ""居る""}","{""primary"": ""いる"", ""variants"": [""いる""], ""source_text"": ""いる""}","[""(humble) to be (animate)"", ""to exist""]","[{""code"": ""v1"", ""label"": ""Ichidan verb""}, {""code"": ""vi"", ""label"": ""intransitive verb""}, {""code"": ""aux-v"", ""label"": ""auxiliary verb""}]",True,"[{""japanese_raw"": ""すっかり食べ終わってはいない。"", ""japanese_furigana"": ""<furigana>すっかり食べ終わってはいない。</furigana>"", ""english"": ""I haven't quite finished eating."", ""source"": ""tatoeba"", ""source_id"": ""214668""}, {""japanese_raw"": ""彼はずっと前に死んでいることが分かった。"", ""japanese_furigana"": ""<furigana>彼はずっと前に死んでいることが分かった。</furigana>"", ""english"": ""It turned out that he had long been dead."", ""source"": ""tatoeba"", ""source_id"": ""113379""}]","{""level_map"": ""open-anki-jlpt-decks"", ""level_map_guid"": ""wfzvV]4NOO"", ""dictionary"": ""JMdict"", ""dictionary_entry_id"": ""1577980"", ""dictionary_lookup_aliases"": [], ""examples"": ""JMdict sense-linked Tatoeba examples""}"
n5-vocab-0401,N5,401,72,"{""genki_lesson"": null}","{""primary"": ""要る"", ""variants"": [""要る""], ""without_furigana"": ""要る"", ""with_furigana"": ""{要}(い)る"", ""lookup_text"": ""要る""}","{""primary"": ""いる"", ""variants"": [""いる""], ""source_text"": ""いる""}","[""to need""]","[{""code"": ""v5r"", ""label"": ""Godan verb with 'ru' ending""}, {""code"": ""vi"", ""label"": ""intransitive verb""}]",True,"[{""japanese_raw"": ""今のところお金はいらない。"", ""japanese_furigana"": ""<furigana>今のところお金はいらない。</furigana>"", ""english"": ""I don't need money at present."", ""source"": ""tatoeba"", ""source_id"": ""172740""}]","{""level_map"": ""open-anki-jlpt-decks"", ""level_map_guid"": ""j|TF$iBC;9"", ""dictionary"": ""JMdict"", ""dictionary_entry_id"": ""1546640"", ""dictionary_lookup_aliases"": [], ""examples"": ""JMdict sense-linked Tatoeba examples""}"
n5-vocab-0402,N5,402,73,"{""genki_lesson"": null}","{""primary"": ""入れる"", ""variants"": [""入れる""], ""without_furigana"": ""入れる"", ""with_furigana"": ""{入}(い)れる"", ""lookup_text"": ""入れる""}","{""primary"": ""いれる"", ""variants"": [""いれる""], ""source_text"": ""いれる""}","[""to put in""]","[{""code"": ""v1"", ""label"": ""Ichidan verb""}, {""code"": ""vt"", ""label"": ""transitive verb""}]",True,"[{""japanese_raw"": ""留学生も入れるのかしら。"", ""japanese_furigana"": ""<furigana>留学生も入れるのかしら。</furigana>"", ""english"": ""Can foreign students be in the club?"", ""source"": ""tatoeba"", ""source_id"": ""237462""}, {""japanese_raw"": ""それは引き出しに入れておきました。"", ""japanese_furigana"": ""<furigana>それは引き出しに入れておきました。</furigana>"", ""english"": ""I put it in the drawer."", ""source"": ""tatoeba"", ""source_id"": ""205330""}]","{""level_map"": ""open-anki-jlpt-decks"", ""level_map_guid"": ""swmy/(v]Eb"", ""dictionary"": ""JMdict"", ""dictionary_entry_id"": ""1465610"", ""dictionary_lookup_aliases"": [], ""examples"": ""JMdict sense-linked Tatoeba examples""}"
n5-vocab-0403,N5,403,75,"{""genki_lesson"": null}","{""primary"": ""色々"", ""variants"": [""色々""], ""without_furigana"": ""色々"", ""with_furigana"": ""{色々}(いろいろ)"", ""lookup_text"": ""色々""}","{""primary"": ""いろいろ"", ""variants"": [""いろいろ""], ""source_text"": ""いろいろ""}","[""various""]","[{""code"": ""adj-na"", ""label"": ""adjectival nouns or quasi-adjectives (keiyodoshi)""}, {""code"": ""adj-no"", ""label"": ""nouns which may take the genitive case particle 'no'""}, {""code"": ""adv"", ""label"": ""adverb (fukushi)""}, {""code"": ""adv-to"", ""label"": ""adverb taking the 'to' particle""}, {""code"": ""n"", ""label"": ""noun (common) (futsuumeishi)""}]",True,"[{""japanese_raw"": ""いろいろな国へ行ったがやっぱり日本が一番いい。"", ""japanese_furigana"": ""<furigana>いろいろな国へ行ったがやっぱり日本が一番いい。</furigana>"", ""english"": ""I've visited many countries, but I like Japan best of all."", ""source"": ""tatoeba"", ""source_id"": ""228437""}, {""japanese_raw"": ""色々と有り難うございます。忘れないように彼はそれを書き留めた。"", ""japanese_furigana"": ""<furigana>色々と有り難うございます。忘れないように彼はそれを書き留めた。</furigana>"", ""english"": ""Thank you very much for everything. He wrote it down lest he should forget it."", ""source"": ""tatoeba"", ""source_id"": ""145949""}]","{""level_map"": ""open-anki-jlpt-decks"", ""level_map_guid"": ""jV7cB[WgxE"", ""dictionary"": ""JMdict"", ""dictionary_entry_id"": ""1587850"", ""dictionary_lookup_aliases"": [], ""examples"": ""JMdict sense-linked Tatoeba examples""}"
n5-vocab-0404,N5,404,76,"{""genki_lesson"": null}","{""primary"": ""上"", ""variants"": [""上""], ""without_furigana"": ""上"", ""with_furigana"": ""{上}(うえ)"", ""lookup_text"": ""上""}","{""primary"": ""うえ"", ""variants"": [""うえ""], ""source_text"": ""うえ""}","[""above (up"", ""top"", ""etc.)"", ""over"", ""on top of""]","[{""code"": ""n"", ""label"": ""noun (common) (futsuumeishi)""}, {""code"": ""adj-no"", ""label"": ""nouns which may take the genitive case particle 'no'""}, {""code"": ""suf"", ""label"": ""suffix""}]",True,"[{""japanese_raw"": ""机の上に本があります。"", ""japanese_furigana"": ""<furigana>机の上に本があります。</furigana>"", ""english"": ""There is a book on the desk."", ""source"": ""tatoeba"", ""source_id"": ""2351690""}, {""japanese_raw"": ""飛行機は山の上を飛んだ。"", ""japanese_furigana"": ""<furigana>飛行機は山の上を飛んだ。</furigana>"", ""english"": ""The plane flew over the mountain."", ""source"": ""tatoeba"", ""source_id"": ""85643""}]","{""level_map"": ""open-anki-jlpt-decks"", ""level_map_guid"": ""j3j@,T!uH>"", ""dictionary"": ""JMdict"", ""dictionary_entry_id"": ""1352130"", ""dictionary_lookup_aliases"": [], ""examples"": ""JMdict sense-linked Tatoeba examples""}"
n5-vocab-0405,N5,405,77,"{""genki_lesson"": null}","{""primary"": ""後ろ"", ""variants"": [""後ろ""], ""without_furigana"": ""後ろ"", ""with_furigana"": ""{後}(うし)ろ"", ""lookup_text"": ""後ろ""}","{""primary"": ""うしろ"", ""variants"": [""うしろ""], ""source_text"": ""うしろ""}","[""back"", ""behind"", ""rear""]","[{""code"": ""n"", ""label"": ""noun (common) (futsuumeishi)""}, {""code"": ""adj-no"", ""label"": ""nouns which may take the genitive case particle 'no'""}]",True,"[{""japanese_raw"": ""後ろを刈り上げてください。"", ""japanese_furigana"": ""<furigana>後ろを刈り上げてください。</furigana>"", ""english"": ""I want it tapered in the back."", ""source"": ""tatoeba"", ""source_id"": ""174304""}]","{""level_map"": ""open-anki-jlpt-decks"", ""level_map_guid"": ""s:DnwS1iNM"", ""dictionary"": ""JMdict"", ""dictionary_entry_id"": ""1269410"", ""dictionary_lookup_aliases"": [], ""examples"": ""JMdict sense-linked Tatoeba examples""}"
n5-vocab-0406,N5,406,78,"{""genki_lesson"": null}","{""primary"": ""薄い"", ""variants"": [""薄い""], ""without_furigana"": ""薄い"", ""with_furigana"": ""{薄}(うす)い"", ""lookup_text"": ""薄い""}","{""primary"": ""うすい"", ""variants"": [""うすい""], ""source_text"": ""うすい""}","[""thin"", ""weak""]","[{""code"": ""adj-i"", ""label"": ""adjective (keiyoushi)""}]",True,"[{""japanese_raw"": ""肉を薄く切りなさい。"", ""japanese_furigana"": ""<furigana>肉を薄く切りなさい。</furigana>"", ""english"": ""Cut the meat into thin slices."", ""source"": ""tatoeba"", ""source_id"": ""122981""}, {""japanese_raw"": ""薄い砂糖水を作った。"", ""japanese_furigana"": ""<furigana>薄い砂糖水を作った。</furigana>"", ""english"": ""I prepared a weak solution of sugar and water."", ""source"": ""tatoeba"", ""source_id"": ""228272""}]","{""level_map"": ""open-anki-jlpt-decks"", ""level_map_guid"": ""pRrb<$bzH|"", ""dictionary"": ""JMdict"", ""dictionary_entry_id"": ""1475480"", ""dictionary_lookup_aliases"": [], ""examples"": ""JMdict sense-linked Tatoeba examples""}"
n5-vocab-0407,N5,407,82,"{""genki_lesson"": null}","{""primary"": ""生まれる"", ""variants"": [""生まれる""], ""without_furigana"": ""生まれる"", ""with_furigana"": ""{生}(う)まれる"", ""lookup_text"": ""生まれる""}","{""primary"": ""うまれる"", ""variants"": [""うまれる""], ""source_text"": ""うまれる""}","[""to be born""]","[{""code"": ""v1"", ""label"": ""Ichidan verb""}, {""code"": ""vi"", ""label"": ""intransitive verb""}]",True,"[{""japanese_raw"": ""あなたは何座生まれですか。"", ""japanese_furigana"": ""<furigana>あなたは何座生まれですか。</furigana>"", ""english"": ""What sign were you born under?"", ""source"": ""tatoeba"", ""source_id"": ""232211""}]","{""level_map"": ""open-anki-jlpt-decks"", ""level_map_guid"": ""i{d6CiQ#iK"", ""dictionary"": ""JMdict"", ""dictionary_entry_id"": ""1378690"", ""dictionary_lookup_aliases"": [], ""examples"": ""JMdict sense-linked Tatoeba examples""}"
n5-vocab-0408,N5,408,86,"{""genki_lesson"": null}","{""primary"": ""上着"", ""variants"": [""上着""], ""without_furigana"": ""上着"", ""with_furigana"": ""{上着}(うわぎ)"", ""lookup_text"": ""上着""}","{""primary"": ""うわぎ"", ""variants"": [""うわぎ""], ""source_text"": ""うわぎ""}","[""coat"", ""jacket""]","[{""code"": ""n"", ""label"": ""noun (common) (futsuumeishi)""}]",True,"[{""japanese_raw"": ""男性の方は上着を着用してください。"", ""japanese_furigana"": ""<furigana>男性の方は上着を着用してください。</furigana>"", ""english"": ""Jackets are requested for men."", ""source"": ""tatoeba"", ""source_id"": ""127151""}]","{""level_map"": ""open-anki-jlpt-decks"", ""level_map_guid"": ""nv?u]<OhhN"", ""dictionary"": ""JMdict"", ""dictionary_entry_id"": ""1580340"", ""dictionary_lookup_aliases"": [], ""examples"": ""JMdict sense-linked Tatoeba examples""}"
n5-vocab-0409,N5,409,93,"{""genki_lesson"": null}","{""primary"": ""エレベーター"", ""variants"": [""エレベーター""], ""without_furigana"": ""エレベーター"", ""with_furigana"": ""エレベーター"", ""lookup_text"": ""エレベーター""}","{""primary"": ""エレベーター"", ""variants"": [""エレベーター""], ""source_text"": ""エレベーター""}","[""elevator""]","[{""code"": ""n"", ""label"": ""noun (common) (futsuumeishi)""}]",True,"[{""japanese_raw"": ""エレベーターの中でのタバコはご遠慮下さい。"", ""japanese_furigana"": ""<furigana>エレベーターの中でのタバコはご遠慮下さい。</furigana>"", ""english"": ""You may not smoke in an elevator."", ""source"": ""tatoeba"", ""source_id"": ""227887""}]","{""level_map"": ""open-anki-jlpt-decks"", ""level_map_guid"": ""GomZ-xrho6"", ""dictionary"": ""JMdict"", ""dictionary_entry_id"": ""1030630"", ""dictionary_lookup_aliases"": [], ""examples"": ""JMdict sense-linked Tatoeba examples""}"
n5-vocab-0410,N5,410,94,"{""genki_lesson"": null}","{""primary"": ""〜円"", ""variants"": [""〜円""], ""without_furigana"": ""〜円"", ""with_furigana"": ""〜{円}(えん)"", ""lookup_text"": ""円""}","{""primary"": ""〜えん"", ""variants"": [""〜えん""], ""source_text"": ""～えん""}","[""Yen""]","[{""code"": ""n"", ""label"": ""noun (common) (futsuumeishi)""}]",True,"[{""japanese_raw"": ""これは100万円の価値がある。"", ""japanese_furigana"": ""<furigana>これは100万円の価値がある。</furigana>"", ""english"": ""This is worth one million yen."", ""source"": ""tatoeba"", ""source_id"": ""218105""}, {""japanese_raw"": ""完全な円にはもう見えないのである。"", ""japanese_furigana"": ""<furigana>完全な円にはもう見えないのである。</furigana>"", ""english"": ""It no longer seems to be a perfect circle."", ""source"": ""tatoeba"", ""source_id"": ""183967""}]","{""level_map"": ""open-anki-jlpt-decks"", ""level_map_guid"": ""rY,[_6)@&p"", ""dictionary"": ""JMdict"", ""dictionary_entry_id"": ""1175570"", ""dictionary_lookup_aliases"": [], ""examples"": ""JMdict sense-linked Tatoeba examples""}"
n5-vocab-0411,N5,411,96,"{""genki_lesson"": null}","{""primary"": ""お〜"", ""variants"": [""お〜""], ""without_furigana"": ""お〜"", ""with_furigana"": ""お〜"", ""lookup_text"": ""お""}","{""primary"": ""お〜"", ""variants"": [""お〜""], ""source_text"": ""お～""}","[""honorable ~ (honorific)""]","[{""code"": ""n"", ""label"": ""noun (common) (futsuumeishi)""}]",True,"[{""japanese_raw"": ""勝って兜の緒を締めよ。"", ""japanese_furigana"": ""<furigana>勝って兜の緒を締めよ。</furigana>"", ""english"": ""You must keep up your guard even after a victory."", ""source"": ""tatoeba"", ""source_id"": ""147195""}]","{""level_map"": ""open-anki-jlpt-decks"", ""level_map_guid"": ""Q1z/@I6[X="", ""dictionary"": ""JMdict"", ""dictionary_entry_id"": ""1343610"", ""dictionary_lookup_aliases"": [], ""examples"": ""JMdict sense-linked Tatoeba examples""}"
n5-vocab-0412,N5,412,97,"{""genki_lesson"": null}","{""primary"": ""美味しい"", ""variants"": [""美味しい""], ""without_furigana"": ""美味しい"", ""with_furigana"": ""{美味}(おい)しい"", ""lookup_text"": ""美味しい""}","{""primary"": ""おいしい"", ""variants"": [""おいしい""], ""source_text"": ""おいしい""}","[""delicious"", ""tasty""]","[{""code"": ""adj-i"", ""label"": ""adjective (keiyoushi)""}]",True,"[{""japanese_raw"": ""おいしい食事をありがとう。"", ""japanese_furigana"": ""<furigana>おいしい食事をありがとう。</furigana>"", ""english"": ""Thanks for the delicious meal."", ""source"": ""tatoeba"", ""source_id"": ""227834""}]","{""level_map"": ""open-anki-jlpt-decks"", ""level_map_guid"": ""f%Oz)hC{aH"", ""dictionary"": ""JMdict"", ""dictionary_entry_id"": ""1486650"", ""dictionary_lookup_aliases"": [], ""examples"": ""JMdict sense-linked Tatoeba examples""}"
n5-vocab-0413,N5,413,98,"{""genki_lesson"": null}","{""primary"": ""多い"", ""variants"": [""多い""], ""without_furigana"": ""多い"", ""with_furigana"": ""{多}(おお)い"", ""lookup_text"": ""多い""}","{""primary"": ""おおい"", ""variants"": [""おおい""], ""source_text"": ""おおい""}","[""many"", ""there are a lot""]","[{""code"": ""adj-i"", ""label"": ""adjective (keiyoushi)""}]",True,"[{""japanese_raw"": ""２０代の若い女性の中には、夏休みに海外旅行にでたいと思う人も多い。"", ""japanese_furigana"": ""<furigana>２０代の若い女性の中には、夏休みに海外旅行にでたいと思う人も多い。</furigana>"", ""english"": ""Many young women in their 20s plan to go abroad during their summer holidays."", ""source"": ""tatoeba"", ""source_id"": ""235576""}]","{""level_map"": ""open-anki-jlpt-decks"", ""level_map_guid"": ""CS_ZJ+i5[)"", ""dictionary"": ""JMdict"", ""dictionary_entry_id"": ""1407460"", ""dictionary_lookup_aliases"": [], ""examples"": ""JMdict sense-linked Tatoeba examples""}"
n5-vocab-0414,N5,414,100,"{""genki_lesson"": null}","{""primary"": ""大きな"", ""variants"": [""大きな""], ""without_furigana"": ""大きな"", ""with_furigana"": ""{大}(おお)きな"", ""lookup_text"": ""大きな""}","{""primary"": ""おおきな"", ""variants"": [""おおきな""], ""source_text"": ""おおきな""}","[""big""]","[{""code"": ""adj-pn"", ""label"": ""pre-noun adjectival (rentaishi)""}]",True,"[{""japanese_raw"": ""アメリカ人の中には大きな借金を抱えている人がいる。"", ""japanese_furigana"": ""<furigana>アメリカ人の中には大きな借金を抱えている人がいる。</furigana>"", ""english"": ""Some Americans have grave debts."", ""source"": ""tatoeba"", ""source_id"": ""230118""}]","{""level_map"": ""open-anki-jlpt-decks"", ""level_map_guid"": ""C@,$F5(H&S"", ""dictionary"": ""JMdict"", ""dictionary_entry_id"": ""1412890"", ""dictionary_lookup_aliases"": [], ""examples"": ""JMdict sense-linked Tatoeba examples""}"
n5-vocab-0415,N5,415,101,"{""genki_lesson"": null}","{""primary"": ""大勢"", ""variants"": [""大勢""], ""without_furigana"": ""大勢"", ""with_furigana"": ""{大勢}(おおぜい)"", ""lookup_text"": ""大勢""}","{""primary"": ""おおぜい"", ""variants"": [""おおぜい""], ""source_text"": ""おおぜい""}","[""great number of people""]","[{""code"": ""n"", ""label"": ""noun (common) (futsuumeishi)""}, {""code"": ""adj-no"", ""label"": ""nouns which may take the genitive case particle 'no'""}, {""code"": ""adv"", ""label"": ""adverb (fukushi)""}]",True,"[{""japanese_raw"": ""そこには大勢の人がいた。"", ""japanese_furigana"": ""<furigana>そこには大勢の人がいた。</furigana>"", ""english"": ""There was a large crowd there."", ""source"": ""tatoeba"", ""source_id"": ""213674""}]","{""level_map"": ""open-anki-jlpt-decks"", ""level_map_guid"": ""d_f[=H{F{<"", ""dictionary"": ""JMdict"", ""dictionary_entry_id"": ""1414220"", ""dictionary_lookup_aliases"": [], ""examples"": ""JMdict sense-linked Tatoeba examples""}"
n5-vocab-0416,N5,416,112,"{""genki_lesson"": null}","{""primary"": ""教える"", ""variants"": [""教える""], ""without_furigana"": ""教える"", ""with_furigana"": ""{教}(おし)える"", ""lookup_text"": ""教える""}","{""primary"": ""おしえる"", ""variants"": [""おしえる""], ""source_text"": ""おしえる""}","[""to teach"", ""to inform"", ""to instruct""]","[{""code"": ""v1"", ""label"": ""Ichidan verb""}, {""code"": ""vt"", ""label"": ""transitive verb""}]",True,"[{""japanese_raw"": ""地下鉄へ行く道を教えていただけませんか。"", ""japanese_furigana"": ""<furigana>地下鉄へ行く道を教えていただけませんか。</furigana>"", ""english"": ""Could you tell me how to get to the subway station?"", ""source"": ""tatoeba"", ""source_id"": ""127003""}, {""japanese_raw"": ""ジョーンズ先生が私たちに英会話を教えてくれます。"", ""japanese_furigana"": ""<furigana>ジョーンズ先生が私たちに英会話を教えてくれます。</furigana>"", ""english"": ""Mr Jones teaches us English conversation."", ""source"": ""tatoeba"", ""source_id"": ""215583""}]","{""level_map"": ""open-anki-jlpt-decks"", ""level_map_guid"": ""&(rx8HabP"", ""dictionary"": ""JMdict"", ""dictionary_entry_id"": ""1236900"", ""dictionary_lookup_aliases"": [], ""examples"": ""JMdict sense-linked Tatoeba examples""}"
n5-vocab-0417,N5,417,122,"{""genki_lesson"": null}","{""primary"": ""おととし"", ""variants"": [""おととし""], ""without_furigana"": ""おととし"", ""with_furigana"": ""おととし"", ""lookup_text"": ""おととし""}","{""primary"": ""おととし"", ""variants"": [""おととし""], ""source_text"": ""おととし""}","[""year before last""]","[{""code"": ""n"", ""label"": ""noun (common) (futsuumeishi)""}, {""code"": ""adv"", ""label"": ""adverb (fukushi)""}]",True,"[{""japanese_raw"": ""彼女は、一昨年よりもはるかに暮らし向きがよい。"", ""japanese_furigana"": ""<furigana>彼女は、一昨年よりもはるかに暮らし向きがよい。</furigana>"", ""english"": ""She's far better off than she was the year before last."", ""source"": ""tatoeba"", ""source_id"": ""93768""}]","{""level_map"": ""open-anki-jlpt-decks"", ""level_map_guid"": ""i$lVvl^Y,~"", ""dictionary"": ""JMdict"", ""dictionary_entry_id"": ""1576060"", ""dictionary_lookup_aliases"": [], ""examples"": ""JMdict sense-linked Tatoeba examples""}"
n5-vocab-0418,N5,418,124,"{""genki_lesson"": null}","{""primary"": ""お腹"", ""variants"": [""お腹""], ""without_furigana"": ""お腹"", ""with_furigana"": ""お{腹}(なか)"", ""lookup_text"": ""お腹""}","{""primary"": ""おなか"", ""variants"": [""おなか""], ""source_text"": ""おなか""}","[""stomach""]","[{""code"": ""n"", ""label"": ""noun (common) (futsuumeishi)""}]",True,"[{""japanese_raw"": ""いいえ、結構です。お腹が一杯ですから。"", ""japanese_furigana"": ""<furigana>いいえ、結構です。お腹が一杯ですから。</furigana>"", ""english"": ""No, thank you. I've had enough."", ""source"": ""tatoeba"", ""source_id"": ""229459""}]","{""level_map"": ""open-anki-jlpt-decks"", ""level_map_guid"": ""GVf+XC=Lx4"", ""dictionary"": ""JMdict"", ""dictionary_entry_id"": ""1002610"", ""dictionary_lookup_aliases"": [], ""examples"": ""JMdict sense-linked Tatoeba examples""}"
n5-vocab-0419,N5,419,130,"{""genki_lesson"": null}","{""primary"": ""お風呂"", ""variants"": [""お風呂""], ""without_furigana"": ""お風呂"", ""with_furigana"": ""お{風呂}(ふろ)"", ""lookup_text"": ""お風呂""}","{""primary"": ""おふろ"", ""variants"": [""おふろ""], ""source_text"": ""おふろ""}","[""a bath""]","[{""code"": ""n"", ""label"": ""noun (common) (futsuumeishi)""}]",True,"[{""japanese_raw"": ""私はほとんど毎日お風呂に入ります。"", ""japanese_furigana"": ""<furigana>私はほとんど毎日お風呂に入ります。</furigana>"", ""english"": ""I take a bath almost every day."", ""source"": ""tatoeba"", ""source_id"": ""158918""}]","{""level_map"": ""open-anki-jlpt-decks"", ""level_map_guid"": ""btJ^oH!>Ob"", ""dictionary"": ""JMdict"", ""dictionary_entry_id"": ""2220600"", ""dictionary_lookup_aliases"": [], ""examples"": ""JMdict sense-linked Tatoeba examples""}"
n5-vocab-0420,N5,420,132,"{""genki_lesson"": null}","{""primary"": ""覚える"", ""variants"": [""覚える""], ""without_furigana"": ""覚える"", ""with_furigana"": ""{覚}(おぼ)える"", ""lookup_text"": ""覚える""}","{""primary"": ""おぼえる"", ""variants"": [""おぼえる""], ""source_text"": ""おぼえる""}","[""to learn"", ""to commit to memory"", ""to remember"", ""to memorize""]","[{""code"": ""v1"", ""label"": ""Ichidan verb""}, {""code"": ""vt"", ""label"": ""transitive verb""}]",True,"[{""japanese_raw"": ""日本語は外人にとって覚えにくい。"", ""japanese_furigana"": ""<furigana>日本語は外人にとって覚えにくい。</furigana>"", ""english"": ""It is hard for foreigners to learn Japanese."", ""source"": ""tatoeba"", ""source_id"": ""122337""}, {""japanese_raw"": ""その音楽には本当に感動をおぼえた。"", ""japanese_furigana"": ""<furigana>その音楽には本当に感動をおぼえた。</furigana>"", ""english"": ""That music really gets me."", ""source"": ""tatoeba"", ""source_id"": ""212152""}]","{""level_map"": ""open-anki-jlpt-decks"", ""level_map_guid"": ""k*NiP6Je8n"", ""dictionary"": ""JMdict"", ""dictionary_entry_id"": ""1206050"", ""dictionary_lookup_aliases"": [], ""examples"": ""JMdict sense-linked Tatoeba examples""}"
n5-vocab-0421,N5,421,133,"{""genki_lesson"": null}","{""primary"": ""おまわりさん"", ""variants"": [""おまわりさん""], ""without_furigana"": ""おまわりさん"", ""with_furigana"": ""おまわりさん"", ""lookup_text"": ""おまわりさん""}","{""primary"": ""おまわりさん"", ""variants"": [""おまわりさん""], ""source_text"": ""おまわりさん""}","[""policeman (friendly term)""]","[{""code"": ""n"", ""label"": ""noun (common) (futsuumeishi)""}]",True,"[{""japanese_raw"": ""おまわりさんに車を片側に寄せるように合図された。"", ""japanese_furigana"": ""<furigana>おまわりさんに車を片側に寄せるように合図された。</furigana>"", ""english"": ""The patrolman motioned me to pull over."", ""source"": ""tatoeba"", ""source_id"": ""227505""}]","{""level_map"": ""open-anki-jlpt-decks"", ""level_map_guid"": ""kI/erxg?st"", ""dictionary"": ""JMdict"", ""dictionary_entry_id"": ""1002120"", ""dictionary_lookup_aliases"": [], ""examples"": ""JMdict sense-linked Tatoeba examples""}"
n5-vocab-0422,N5,422,137,"{""genki_lesson"": null}","{""primary"": ""降りる"", ""variants"": [""降りる""], ""without_furigana"": ""降りる"", ""with_furigana"": ""{降}(お)りる"", ""lookup_text"": ""降りる""}","{""primary"": ""おりる"", ""variants"": [""おりる""], ""source_text"": ""おりる""}","[""to get off""]","[{""code"": ""v1"", ""label"": ""Ichidan verb""}, {""code"": ""vi"", ""label"": ""intransitive verb""}]",True,"[{""japanese_raw"": ""今朝は露が降りた。"", ""japanese_furigana"": ""<furigana>今朝は露が降りた。</furigana>"", ""english"": ""The dew fell this morning."", ""source"": ""tatoeba"", ""source_id"": ""225260""}, {""japanese_raw"": ""ここで降りましょう。"", ""japanese_furigana"": ""<furigana>ここで降りましょう。</furigana>"", ""english"": ""Let's get off here."", ""source"": ""tatoeba"", ""source_id"": ""224559""}]","{""level_map"": ""open-anki-jlpt-decks"", ""level_map_guid"": ""hM4FhZWg_/"", ""dictionary"": ""JMdict"", ""dictionary_entry_id"": ""1589500"", ""dictionary_lookup_aliases"": [], ""examples"": ""JMdict sense-linked Tatoeba examples""}"
n5-vocab-0423,N5,423,138,"{""genki_lesson"": null}","{""primary"": ""終る"", ""variants"": [""終る""], ""without_furigana"": ""終る"", ""with_furigana"": ""{終}(おわ)る"", ""lookup_text"": ""終る""}","{""primary"": ""おわる"", ""variants"": [""おわる""], ""source_text"": ""おわる""}","[""to finish"", ""to close""]","[{""code"": ""v5r"", ""label"": ""Godan verb with 'ru' ending""}, {""code"": ""vi"", ""label"": ""intransitive verb""}, {""code"": ""vt"", ""label"": ""transitive verb""}, {""code"": ""suf"", ""label"": ""suffix""}]",True,"[{""japanese_raw"": ""野球の試合は引き分けに終わった。"", ""japanese_furigana"": ""<furigana>野球の試合は引き分けに終わった。</furigana>"", ""english"": ""The baseball game ended in a draw."", ""source"": ""tatoeba"", ""source_id"": ""206335""}, {""japanese_raw"": ""彼は食べ終わるとすぐに、再び歩き始めた。"", ""japanese_furigana"": ""<furigana>彼は食べ終わるとすぐに、再び歩き始めた。</furigana>"", ""english"": ""As soon as he finished eating, he began to walk again."", ""source"": ""tatoeba"", ""source_id"": ""103919""}]","{""level_map"": ""open-anki-jlpt-decks"", ""level_map_guid"": ""D_J6!H@vf*"", ""dictionary"": ""JMdict"", ""dictionary_entry_id"": ""1589600"", ""dictionary_lookup_aliases"": [], ""examples"": ""JMdict sense-linked Tatoeba examples""}"
n5-vocab-0424,N5,424,142,"{""genki_lesson"": null}","{""primary"": ""〜回"", ""variants"": [""〜回""], ""without_furigana"": ""〜回"", ""with_furigana"": ""〜{回}(かい)"", ""lookup_text"": ""回""}","{""primary"": ""〜かい"", ""variants"": [""〜かい""], ""source_text"": ""～かい""}","[""counter for occurrences (~ times)""]","[{""code"": ""ctr"", ""label"": ""counter""}, {""code"": ""n"", ""label"": ""noun (common) (futsuumeishi)""}, {""code"": ""n-suf"", ""label"": ""noun, used as a suffix""}]",True,"[{""japanese_raw"": ""新種の稲によっては年に２、３回収穫できる物もある。"", ""japanese_furigana"": ""<furigana>新種の稲によっては年に２、３回収穫できる物もある。</furigana>"", ""english"": ""Some new kinds of rice can be harvested two or three times a year."", ""source"": ""tatoeba"", ""source_id"": ""145265""}, {""japanese_raw"": ""このトーナメントに優勝するには、７回続けて勝たなくてはいけません。"", ""japanese_furigana"": ""<furigana>このトーナメントに優勝するには、７回続けて勝たなくてはいけません。</furigana>"", ""english"": ""We have to win seven times in a row to win this tournament."", ""source"": ""tatoeba"", ""source_id"": ""223476""}]","{""level_map"": ""open-anki-jlpt-decks"", ""level_map_guid"": ""dwW`SX||PF"", ""dictionary"": ""JMdict"", ""dictionary_entry_id"": ""1199330"", ""dictionary_lookup_aliases"": [], ""examples"": ""JMdict sense-linked Tatoeba examples""}"
n5-vocab-0425,N5,425,143,"{""genki_lesson"": null}","{""primary"": ""〜階"", ""variants"": [""〜階""], ""without_furigana"": ""〜階"", ""with_furigana"": ""〜{階}(かい)"", ""lookup_text"": ""階""}","{""primary"": ""〜かい"", ""variants"": [""〜かい""], ""source_text"": ""～かい""}","[""counter for stories (floors) of a building""]","[{""code"": ""n"", ""label"": ""noun (common) (futsuumeishi)""}, {""code"": ""n-suf"", ""label"": ""noun, used as a suffix""}, {""code"": ""ctr"", ""label"": ""counter""}]",True,"[{""japanese_raw"": ""私の部屋は４階にあります。"", ""japanese_furigana"": ""<furigana>私の部屋は４階にあります。</furigana>"", ""english"": ""My apartment is on the fourth floor."", ""source"": ""tatoeba"", ""source_id"": ""236992""}, {""japanese_raw"": ""それはもう一つ下の階ですよ。"", ""japanese_furigana"": ""<furigana>それはもう一つ下の階ですよ。</furigana>"", ""english"": ""That's one level down."", ""source"": ""tatoeba"", ""source_id"": ""205370""}]","{""level_map"": ""open-anki-jlpt-decks"", ""level_map_guid"": ""x]4mRhDP?0"", ""dictionary"": ""JMdict"", ""dictionary_entry_id"": ""1203020"", ""dictionary_lookup_aliases"": [], ""examples"": ""JMdict sense-linked Tatoeba examples""}"
n5-vocab-0426,N5,426,147,"{""genki_lesson"": null}","{""primary"": ""階段"", ""variants"": [""階段""], ""without_furigana"": ""階段"", ""with_furigana"": ""{階段}(かいだん)"", ""lookup_text"": ""階段""}","{""primary"": ""かいだん"", ""variants"": [""かいだん""], ""source_text"": ""かいだん""}","[""stairs""]","[{""code"": ""n"", ""label"": ""noun (common) (futsuumeishi)""}]",True,"[{""japanese_raw"": ""その階段を上ってはいけません。"", ""japanese_furigana"": ""<furigana>その階段を上ってはいけません。</furigana>"", ""english"": ""You must not go up the stairs."", ""source"": ""tatoeba"", ""source_id"": ""211701""}]","{""level_map"": ""open-anki-jlpt-decks"", ""level_map_guid"": ""ui<=#{,<U^"", ""dictionary"": ""JMdict"", ""dictionary_entry_id"": ""1203090"", ""dictionary_lookup_aliases"": [], ""examples"": ""JMdict sense-linked Tatoeba examples""}"
n5-vocab-0427,N5,427,149,"{""genki_lesson"": null}","{""primary"": ""買う"", ""variants"": [""買う""], ""without_furigana"": ""買う"", ""with_furigana"": ""{買}(か)う"", ""lookup_text"": ""買う""}","{""primary"": ""かう"", ""variants"": [""かう""], ""source_text"": ""かう""}","[""to buy""]","[{""code"": ""v5u"", ""label"": ""Godan verb with 'u' ending""}, {""code"": ""vt"", ""label"": ""transitive verb""}]",True,"[{""japanese_raw"": ""車を買うために貯金をしている。"", ""japanese_furigana"": ""<furigana>車を買うために貯金をしている。</furigana>"", ""english"": ""I'm saving money for a car."", ""source"": ""tatoeba"", ""source_id"": ""148935""}, {""japanese_raw"": ""彼が絶えず侮辱したので私の怒りをかった。"", ""japanese_furigana"": ""<furigana>彼が絶えず侮辱したので私の怒りをかった。</furigana>"", ""english"": ""His constant insults aroused my anger."", ""source"": ""tatoeba"", ""source_id"": ""119699""}]","{""level_map"": ""open-anki-jlpt-decks"", ""level_map_guid"": ""Q.3jlQZyvW"", ""dictionary"": ""JMdict"", ""dictionary_entry_id"": ""1473740"", ""dictionary_lookup_aliases"": [], ""examples"": ""JMdict sense-linked Tatoeba examples""}"
n5-vocab-0428,N5,428,150,"{""genki_lesson"": null}","{""primary"": ""返す"", ""variants"": [""返す""], ""without_furigana"": ""返す"", ""with_furigana"": ""{返}(かえ)す"", ""lookup_text"": ""返す""}","{""primary"": ""かえす"", ""variants"": [""かえす""], ""source_text"": ""かえす""}","[""to return something""]","[{""code"": ""v5s"", ""label"": ""Godan verb with 'su' ending""}, {""code"": ""vt"", ""label"": ""transitive verb""}, {""code"": ""suf"", ""label"": ""suffix""}]",True,"[{""japanese_raw"": ""お金は明日返すよ。"", ""japanese_furigana"": ""<furigana>お金は明日返すよ。</furigana>"", ""english"": ""I'll give you back the money tomorrow."", ""source"": ""tatoeba"", ""source_id"": ""227236""}, {""japanese_raw"": ""お前は恩を仇で返したな。"", ""japanese_furigana"": ""<furigana>お前は恩を仇で返したな。</furigana>"", ""english"": ""You bit the hand that fed you."", ""source"": ""tatoeba"", ""source_id"": ""226934""}]","{""level_map"": ""open-anki-jlpt-decks"", ""level_map_guid"": ""b+[+YOY+dv"", ""dictionary"": ""JMdict"", ""dictionary_entry_id"": ""1512130"", ""dictionary_lookup_aliases"": [], ""examples"": ""JMdict sense-linked Tatoeba examples""}"
n5-vocab-0429,N5,429,151,"{""genki_lesson"": null}","{""primary"": ""帰る"", ""variants"": [""帰る""], ""without_furigana"": ""帰る"", ""with_furigana"": ""{帰}(かえ)る"", ""lookup_text"": ""帰る""}","{""primary"": ""かえる"", ""variants"": [""かえる""], ""source_text"": ""かえる""}","[""to go back"", ""to go home"", ""to return""]","[{""code"": ""v5r"", ""label"": ""Godan verb with 'ru' ending""}, {""code"": ""vi"", ""label"": ""intransitive verb""}]",True,"[{""japanese_raw"": ""恋人よ、我に帰れ。"", ""japanese_furigana"": ""<furigana>恋人よ、我に帰れ。</furigana>"", ""english"": ""Lover, come back to me."", ""source"": ""tatoeba"", ""source_id"": ""77432""}, {""japanese_raw"": ""１１時を過ぎると、お客たちは三々五々帰り始めた。"", ""japanese_furigana"": ""<furigana>１１時を過ぎると、お客たちは三々五々帰り始めた。</furigana>"", ""english"": ""After 11 o'clock the guests began to leave by twos and threes."", ""source"": ""tatoeba"", ""source_id"": ""235969""}]","{""level_map"": ""open-anki-jlpt-decks"", ""level_map_guid"": ""HBCAN.he?j"", ""dictionary"": ""JMdict"", ""dictionary_entry_id"": ""1221270"", ""dictionary_lookup_aliases"": [], ""examples"": ""JMdict sense-linked Tatoeba examples""}"
n5-vocab-0430,N5,430,155,"{""genki_lesson"": null}","{""primary"": ""書く"", ""variants"": [""書く""], ""without_furigana"": ""書く"", ""with_furigana"": ""{書}(か)く"", ""lookup_text"": ""書く""}","{""primary"": ""かく"", ""variants"": [""かく""], ""source_text"": ""かく""}","[""to write""]","[{""code"": ""v5k"", ""label"": ""Godan verb with 'ku' ending""}, {""code"": ""vt"", ""label"": ""transitive verb""}]",True,"[{""japanese_raw"": ""ここにあなたの名前をかいてくれませんか。"", ""japanese_furigana"": ""<furigana>ここにあなたの名前をかいてくれませんか。</furigana>"", ""english"": ""Would you please write your name here?"", ""source"": ""tatoeba"", ""source_id"": ""224509""}]","{""level_map"": ""open-anki-jlpt-decks"", ""level_map_guid"": ""ytOa}oy+zO"", ""dictionary"": ""JMdict"", ""dictionary_entry_id"": ""1343950"", ""dictionary_lookup_aliases"": [], ""examples"": ""JMdict sense-linked Tatoeba examples""}"
n5-vocab-0431,N5,431,157,"{""genki_lesson"": null}","{""primary"": ""〜か月"", ""variants"": [""〜か月""], ""without_furigana"": ""〜か月"", ""with_furigana"": ""〜か{月}(げつ)"", ""lookup_text"": ""か月""}","{""primary"": ""〜かげつ"", ""variants"": [""〜かげつ""], ""source_text"": ""～かげつ""}","[""(number of) months""]","[{""code"": ""ctr"", ""label"": ""counter""}]",True,"[{""japanese_raw"": ""６ヶ月後私たちは結婚した。"", ""japanese_furigana"": ""<furigana>６ヶ月後私たちは結婚した。</furigana>"", ""english"": ""Six months later we were married."", ""source"": ""tatoeba"", ""source_id"": ""235082""}]","{""level_map"": ""open-anki-jlpt-decks"", ""level_map_guid"": ""p^^qFJHF)["", ""dictionary"": ""JMdict"", ""dictionary_entry_id"": ""1194480"", ""dictionary_lookup_aliases"": [], ""examples"": ""JMdict sense-linked Tatoeba examples""}"
n5-vocab-0432,N5,432,158,"{""genki_lesson"": null}","{""primary"": ""掛ける"", ""variants"": [""掛ける""], ""without_furigana"": ""掛ける"", ""with_furigana"": ""{掛}(か)ける"", ""lookup_text"": ""掛ける""}","{""primary"": ""かける"", ""variants"": [""かける""], ""source_text"": ""かける""}","[""to put on (e.g."", ""glasses)"", ""to hang (e.g."", ""on a wall)""]","[{""code"": ""v1"", ""label"": ""Ichidan verb""}, {""code"": ""vt"", ""label"": ""transitive verb""}, {""code"": ""suf"", ""label"": ""suffix""}]",True,"[{""japanese_raw"": ""４掛ける２は８だ。"", ""japanese_furigana"": ""<furigana>４掛ける２は８だ。</furigana>"", ""english"": ""Four multiplied by two is eight."", ""source"": ""tatoeba"", ""source_id"": ""235225""}, {""japanese_raw"": ""どうぞおかけ下さい。"", ""japanese_furigana"": ""<furigana>どうぞおかけ下さい。</furigana>"", ""english"": ""Please have a seat."", ""source"": ""tatoeba"", ""source_id"": ""236991""}]","{""level_map"": ""open-anki-jlpt-decks"", ""level_map_guid"": ""J@I.fZoEvE"", ""dictionary"": ""JMdict"", ""dictionary_entry_id"": ""1207610"", ""dictionary_lookup_aliases"": [], ""examples"": ""JMdict sense-linked Tatoeba examples""}"
n5-vocab-0433,N5,433,161,"{""genki_lesson"": null}","{""primary"": ""貸す"", ""variants"": [""貸す""], ""without_furigana"": ""貸す"", ""with_furigana"": ""{貸}(か)す"", ""lookup_text"": ""貸す""}","{""primary"": ""かす"", ""variants"": [""かす""], ""source_text"": ""かす""}","[""to lend""]","[{""code"": ""v5s"", ""label"": ""Godan verb with 'su' ending""}, {""code"": ""vt"", ""label"": ""transitive verb""}]",True,"[{""japanese_raw"": ""夏の間彼らは家を人に貸した。"", ""japanese_furigana"": ""<furigana>夏の間彼らは家を人に貸した。</furigana>"", ""english"": ""They rented their house for the summer."", ""source"": ""tatoeba"", ""source_id"": ""187228""}, {""japanese_raw"": ""鞄が必要です。貸してください。"", ""japanese_furigana"": ""<furigana>鞄が必要です。貸してください。</furigana>"", ""english"": ""I need a bag. Will you lend me one?"", ""source"": ""tatoeba"", ""source_id"": ""184099""}]","{""level_map"": ""open-anki-jlpt-decks"", ""level_map_guid"": ""yag&XA]F86"", ""dictionary"": ""JMdict"", ""dictionary_entry_id"": ""1411160"", ""dictionary_lookup_aliases"": [], ""examples"": ""JMdict sense-linked Tatoeba examples""}"
n5-vocab-0434,N5,434,164,"{""genki_lesson"": null}","{""primary"": ""方"", ""variants"": [""方""], ""without_furigana"": ""方"", ""with_furigana"": ""{方}(かた)"", ""lookup_text"": ""方""}","{""primary"": ""かた"", ""variants"": [""かた""], ""source_text"": ""かた""}","[""-- honorific form for 人 (ひと) --"", ""way of doing""]","[{""code"": ""n"", ""label"": ""noun (common) (futsuumeishi)""}, {""code"": ""n-suf"", ""label"": ""noun, used as a suffix""}]",True,"[{""japanese_raw"": ""その少年はカーブの投げ方を知っている。"", ""japanese_furigana"": ""<furigana>その少年はカーブの投げ方を知っている。</furigana>"", ""english"": ""The boy knows how to throw a curve."", ""source"": ""tatoeba"", ""source_id"": ""209139""}, {""japanese_raw"": ""グリーン夫人は、私の子供たちが歌を習っている方ですが、今度の日曜に独唱会を開く予定です。"", ""japanese_furigana"": ""<furigana>グリーン夫人は、私の子供たちが歌を習っている方ですが、今度の日曜に独唱会を開く予定です。</furigana>"", ""english"": ""Mrs. Green, from whom my children have lessons in singing, is to have a recital next Sunday."", ""source"": ""tatoeba"", ""source_id"": ""225511""}]","{""level_map"": ""open-anki-jlpt-decks"", ""level_map_guid"": ""GtdTiap.Os"", ""dictionary"": ""JMdict"", ""dictionary_entry_id"": ""1516925"", ""dictionary_lookup_aliases"": [], ""examples"": ""JMdict sense-linked Tatoeba examples""}"
n5-vocab-0435,N5,435,166,"{""genki_lesson"": null}","{""primary"": ""片仮名"", ""variants"": [""片仮名""], ""without_furigana"": ""片仮名"", ""with_furigana"": ""{片仮名}(かたかな)"", ""lookup_text"": ""片仮名""}","{""primary"": ""かたかな"", ""variants"": [""かたかな""], ""source_text"": ""かたかな""}","[""katakana""]","[{""code"": ""n"", ""label"": ""noun (common) (futsuumeishi)""}]",True,[],"{""level_map"": ""open-anki-jlpt-decks"", ""level_map_guid"": ""y%B]18.T{|"", ""dictionary"": ""JMdict"", ""dictionary_entry_id"": ""1511600"", ""dictionary_lookup_aliases"": [], ""examples"": ""JMdict sense-linked Tatoeba examples""}"
n5-vocab-0436,N5,436,167,"{""genki_lesson"": null}","{""primary"": ""〜月"", ""variants"": [""〜月""], ""without_furigana"": ""〜月"", ""with_furigana"": ""〜{月}(がつ)"", ""lookup_text"": ""月""}","{""primary"": ""〜がつ"", ""variants"": [""〜がつ""], ""source_text"": ""～がつ""}","[""month of year""]","[{""code"": ""n-suf"", ""label"": ""noun, used as a suffix""}]",True,[],"{""level_map"": ""open-anki-jlpt-decks"", ""level_map_guid"": ""x[qBqm:mer"", ""dictionary"": ""JMdict"", ""dictionary_entry_id"": ""2871532"", ""dictionary_lookup_aliases"": [], ""examples"": ""JMdict sense-linked Tatoeba examples""}"
n5-vocab-0437,N5,437,169,"{""genki_lesson"": null}","{""primary"": ""カップ"", ""variants"": [""カップ""], ""without_furigana"": ""カップ"", ""with_furigana"": ""カップ"", ""lookup_text"": ""カップ""}","{""primary"": ""カップ"", ""variants"": [""カップ""], ""source_text"": ""カップ""}","[""cup""]","[{""code"": ""n"", ""label"": ""noun (common) (futsuumeishi)""}]",True,"[{""japanese_raw"": ""カップの取っ手がこわれている。"", ""japanese_furigana"": ""<furigana>カップの取っ手がこわれている。</furigana>"", ""english"": ""The handle of the cup is broken."", ""source"": ""tatoeba"", ""source_id"": ""226318""}]","{""level_map"": ""open-anki-jlpt-decks"", ""level_map_guid"": ""N>J.3DDIIf"", ""dictionary"": ""JMdict"", ""dictionary_entry_id"": ""1037670"", ""dictionary_lookup_aliases"": [], ""examples"": ""JMdict sense-linked Tatoeba examples""}"
n5-vocab-0438,N5,438,170,"{""genki_lesson"": null}","{""primary"": ""家庭"", ""variants"": [""家庭""], ""without_furigana"": ""家庭"", ""with_furigana"": ""{家庭}(かてい)"", ""lookup_text"": ""家庭""}","{""primary"": ""かてい"", ""variants"": [""かてい""], ""source_text"": ""かてい""}","[""home"", ""family""]","[{""code"": ""n"", ""label"": ""noun (common) (futsuumeishi)""}]",True,"[{""japanese_raw"": ""食事は家庭で食べますか、外食ですか。"", ""japanese_furigana"": ""<furigana>食事は家庭で食べますか、外食ですか。</furigana>"", ""english"": ""Do you eat at home or eat out?"", ""source"": ""tatoeba"", ""source_id"": ""145834""}]","{""level_map"": ""open-anki-jlpt-decks"", ""level_map_guid"": ""K=/LkA^bE5"", ""dictionary"": ""JMdict"", ""dictionary_entry_id"": ""1192280"", ""dictionary_lookup_aliases"": [], ""examples"": ""JMdict sense-linked Tatoeba examples""}"
n5-vocab-0439,N5,439,173,"{""genki_lesson"": null}","{""primary"": ""花瓶"", ""variants"": [""花瓶""], ""without_furigana"": ""花瓶"", ""with_furigana"": ""{花瓶}(かびん)"", ""lookup_text"": ""花瓶""}","{""primary"": ""かびん"", ""variants"": [""かびん""], ""source_text"": ""かびん""}","[""(flower) vase""]","[{""code"": ""n"", ""label"": ""noun (common) (futsuumeishi)""}]",True,"[{""japanese_raw"": ""花びんは粉々になった。"", ""japanese_furigana"": ""<furigana>花びんは粉々になった。</furigana>"", ""english"": ""The vase broke into fragments."", ""source"": ""tatoeba"", ""source_id"": ""186605""}]","{""level_map"": ""open-anki-jlpt-decks"", ""level_map_guid"": ""m<:4xC~U|%"", ""dictionary"": ""JMdict"", ""dictionary_entry_id"": ""1194870"", ""dictionary_lookup_aliases"": [], ""examples"": ""JMdict sense-linked Tatoeba examples""}"
n5-vocab-0440,N5,440,180,"{""genki_lesson"": null}","{""primary"": ""借りる"", ""variants"": [""借りる""], ""without_furigana"": ""借りる"", ""with_furigana"": ""{借}(か)りる"", ""lookup_text"": ""借りる""}","{""primary"": ""かりる"", ""variants"": [""かりる""], ""source_text"": ""かりる""}","[""to borrow"", ""to owe""]","[{""code"": ""v1"", ""label"": ""Ichidan verb""}, {""code"": ""vt"", ""label"": ""transitive verb""}]",True,"[{""japanese_raw"": ""この本をお借りしてもよろしいですか。"", ""japanese_furigana"": ""<furigana>この本をお借りしてもよろしいですか。</furigana>"", ""english"": ""May I borrow this book?"", ""source"": ""tatoeba"", ""source_id"": ""219525""}, {""japanese_raw"": ""２部屋あるアパートを借りたいのですが。"", ""japanese_furigana"": ""<furigana>２部屋あるアパートを借りたいのですが。</furigana>"", ""english"": ""I want to rent an apartment with two rooms."", ""source"": ""tatoeba"", ""source_id"": ""235397""}]","{""level_map"": ""open-anki-jlpt-decks"", ""level_map_guid"": ""EV_.CiOUqY"", ""dictionary"": ""JMdict"", ""dictionary_entry_id"": ""1323560"", ""dictionary_lookup_aliases"": [], ""examples"": ""JMdict sense-linked Tatoeba examples""}"
n5-vocab-0441,N5,441,181,"{""genki_lesson"": null}","{""primary"": ""〜がる"", ""variants"": [""〜がる""], ""without_furigana"": ""〜がる"", ""with_furigana"": ""〜がる"", ""lookup_text"": ""がる""}","{""primary"": ""〜がる"", ""variants"": [""〜がる""], ""source_text"": ""～がる""}","[""feel""]","[{""code"": ""suf"", ""label"": ""suffix""}, {""code"": ""v5r"", ""label"": ""Godan verb with 'ru' ending""}]",True,"[{""japanese_raw"": ""私が早く去るので彼らは残念がった。"", ""japanese_furigana"": ""<furigana>私が早く去るので彼らは残念がった。</furigana>"", ""english"": ""My leaving early made them feel sorry."", ""source"": ""tatoeba"", ""source_id"": ""167603""}]","{""level_map"": ""open-anki-jlpt-decks"", ""level_map_guid"": ""e--3P:#0au"", ""dictionary"": ""JMdict"", ""dictionary_entry_id"": ""1631750"", ""dictionary_lookup_aliases"": [], ""examples"": ""JMdict sense-linked Tatoeba examples""}"
n5-vocab-0442,N5,442,182,"{""genki_lesson"": null}","{""primary"": ""軽い"", ""variants"": [""軽い""], ""without_furigana"": ""軽い"", ""with_furigana"": ""{軽}(かる)い"", ""lookup_text"": ""軽い""}","{""primary"": ""かるい"", ""variants"": [""かるい""], ""source_text"": ""かるい""}","[""light"", ""non-serious"", ""minor""]","[{""code"": ""adj-i"", ""label"": ""adjective (keiyoushi)""}]",True,"[{""japanese_raw"": ""私は気が短いし、口も軽い男だ。"", ""japanese_furigana"": ""<furigana>私は気が短いし、口も軽い男だ。</furigana>"", ""english"": ""I'm short-tempered, and a loose-tongued man."", ""source"": ""tatoeba"", ""source_id"": ""74010""}, {""japanese_raw"": ""私は軽く肩を触れられるのを感じた。"", ""japanese_furigana"": ""<furigana>私は軽く肩を触れられるのを感じた。</furigana>"", ""english"": ""I felt a light touch on my shoulder."", ""source"": ""tatoeba"", ""source_id"": ""157365""}]","{""level_map"": ""open-anki-jlpt-decks"", ""level_map_guid"": ""Q?,F=N/]i*"", ""dictionary"": ""JMdict"", ""dictionary_entry_id"": ""1252560"", ""dictionary_lookup_aliases"": [], ""examples"": ""JMdict sense-linked Tatoeba examples""}"
n5-vocab-0443,N5,443,184,"{""genki_lesson"": null}","{""primary"": ""カレンダー"", ""variants"": [""カレンダー""], ""without_furigana"": ""カレンダー"", ""with_furigana"": ""カレンダー"", ""lookup_text"": ""カレンダー""}","{""primary"": ""カレンダー"", ""variants"": [""カレンダー""], ""source_text"": ""カレンダー""}","[""calendar""]","[{""code"": ""n"", ""label"": ""noun (common) (futsuumeishi)""}]",True,"[{""japanese_raw"": ""整えられた長机、いくつかのパイプ椅子、壁の掲示板にはカレンダーとプリント数枚が張られている。"", ""japanese_furigana"": ""<furigana>整えられた長机、いくつかのパイプ椅子、壁の掲示板にはカレンダーとプリント数枚が張られている。</furigana>"", ""english"": ""There were long desks lined up, several pipe chairs, and stuck on the bulletin board were a calendar and several printouts."", ""source"": ""tatoeba"", ""source_id"": ""75519""}]","{""level_map"": ""open-anki-jlpt-decks"", ""level_map_guid"": ""H,vNs@Ml~$"", ""dictionary"": ""JMdict"", ""dictionary_entry_id"": ""1039220"", ""dictionary_lookup_aliases"": [], ""examples"": ""JMdict sense-linked Tatoeba examples""}"
n5-vocab-0444,N5,444,185,"{""genki_lesson"": null}","{""primary"": ""川"", ""variants"": [""川"", ""河""], ""without_furigana"": ""川"", ""with_furigana"": ""{川}(かわ)"", ""lookup_text"": ""川""}","{""primary"": ""かわ"", ""variants"": [""かわ""], ""source_text"": ""かわ""}","[""river""]","[{""code"": ""n"", ""label"": ""noun (common) (futsuumeishi)""}, {""code"": ""suf"", ""label"": ""suffix""}]",True,"[{""japanese_raw"": ""この川はあの川の３倍長い。"", ""japanese_furigana"": ""<furigana>この川はあの川の３倍長い。</furigana>"", ""english"": ""This river is three times longer than that one."", ""source"": ""tatoeba"", ""source_id"": ""220818""}, {""japanese_raw"": ""信濃川と阿賀野川ではどちらが長いですか。"", ""japanese_furigana"": ""<furigana>信濃川と阿賀野川ではどちらが長いですか。</furigana>"", ""english"": ""Which is longer, the Shinano River or the Agano River?"", ""source"": ""tatoeba"", ""source_id"": ""145696""}]","{""level_map"": ""open-anki-jlpt-decks"", ""level_map_guid"": ""QzV_(D2VAO"", ""dictionary"": ""JMdict"", ""dictionary_entry_id"": ""1390020"", ""dictionary_lookup_aliases"": [], ""examples"": ""JMdict sense-linked Tatoeba examples""}"
n5-vocab-0445,N5,445,186,"{""genki_lesson"": null}","{""primary"": ""〜側"", ""variants"": [""〜側""], ""without_furigana"": ""〜側"", ""with_furigana"": ""〜{側}(がわ)"", ""lookup_text"": ""側""}","{""primary"": ""〜がわ"", ""variants"": [""〜がわ""], ""source_text"": ""～がわ""}","[""~ side""]","[{""code"": ""n"", ""label"": ""noun (common) (futsuumeishi)""}, {""code"": ""suf"", ""label"": ""suffix""}]",True,"[{""japanese_raw"": ""審判はどちらの側も支持するべきではない。"", ""japanese_furigana"": ""<furigana>審判はどちらの側も支持するべきではない。</furigana>"", ""english"": ""A referee should not favor either side."", ""source"": ""tatoeba"", ""source_id"": ""145618""}]","{""level_map"": ""open-anki-jlpt-decks"", ""level_map_guid"": ""ks2wGx4U0-"", ""dictionary"": ""JMdict"", ""dictionary_entry_id"": ""1581310"", ""dictionary_lookup_aliases"": [], ""examples"": ""JMdict sense-linked Tatoeba examples""}"
n5-vocab-0446,N5,446,187,"{""genki_lesson"": null}","{""primary"": ""可愛い"", ""variants"": [""可愛い""], ""without_furigana"": ""可愛い"", ""with_furigana"": ""<furigana>可愛い</furigana>"", ""lookup_text"": ""可愛い""}","{""primary"": ""かわいい"", ""variants"": [""かわいい""], ""source_text"": ""かわいい""}","[""cute"", ""adorable""]","[{""code"": ""adj-i"", ""label"": ""adjective (keiyoushi)""}]",True,"[{""japanese_raw"": ""この世にかわいい子はただ一人、母親にとってはそれはわが子。"", ""japanese_furigana"": ""<furigana>この世にかわいい子はただ一人、母親にとってはそれはわが子。</furigana>"", ""english"": ""There's only one pretty child in the world, and every mother has it."", ""source"": ""tatoeba"", ""source_id"": ""220945""}, {""japanese_raw"": ""私にとって子供たちは目の中に入れてもいたくないほどかわいいのです。"", ""japanese_furigana"": ""<furigana>私にとって子供たちは目の中に入れてもいたくないほどかわいいのです。</furigana>"", ""english"": ""My children are very precious to me."", ""source"": ""tatoeba"", ""source_id"": ""164768""}]","{""level_map"": ""open-anki-jlpt-decks"", ""level_map_guid"": ""cM$xbG,Do&"", ""dictionary"": ""JMdict"", ""dictionary_entry_id"": ""1577200"", ""dictionary_lookup_aliases"": [], ""examples"": ""JMdict sense-linked Tatoeba examples""}"
n5-vocab-0447,N5,447,190,"{""genki_lesson"": null}","{""primary"": ""黄色"", ""variants"": [""黄色""], ""without_furigana"": ""黄色"", ""with_furigana"": ""{黄色}(きいろ)"", ""lookup_text"": ""黄色""}","{""primary"": ""きいろ"", ""variants"": [""きいろ""], ""source_text"": ""きいろ""}","[""yellow""]","[{""code"": ""n"", ""label"": ""noun (common) (futsuumeishi)""}, {""code"": ""adj-no"", ""label"": ""nouns which may take the genitive case particle 'no'""}, {""code"": ""adj-na"", ""label"": ""adjectival nouns or quasi-adjectives (keiyodoshi)""}]",True,"[{""japanese_raw"": ""床は緑色に塗られていたが、一方壁は黄色だった。"", ""japanese_furigana"": ""<furigana>床は緑色に塗られていたが、一方壁は黄色だった。</furigana>"", ""english"": ""The floor was painted green, while the walls were yellow."", ""source"": ""tatoeba"", ""source_id"": ""146465""}]","{""level_map"": ""open-anki-jlpt-decks"", ""level_map_guid"": ""c$:@4*e3c*"", ""dictionary"": ""JMdict"", ""dictionary_entry_id"": ""1576760"", ""dictionary_lookup_aliases"": [], ""examples"": ""JMdict sense-linked Tatoeba examples""}"
n5-vocab-0448,N5,448,191,"{""genki_lesson"": null}","{""primary"": ""黄色い"", ""variants"": [""黄色い""], ""without_furigana"": ""黄色い"", ""with_furigana"": ""<furigana>黄色い</furigana>"", ""lookup_text"": ""黄色い""}","{""primary"": ""きいろい"", ""variants"": [""きいろい""], ""source_text"": ""きいろい""}","[""yellow""]","[{""code"": ""adj-i"", ""label"": ""adjective (keiyoushi)""}]",True,"[{""japanese_raw"": ""秋になると葉は黄色くなる。"", ""japanese_furigana"": ""<furigana>秋になると葉は黄色くなる。</furigana>"", ""english"": ""In autumn the leaves turn yellow."", ""source"": ""tatoeba"", ""source_id"": ""148215""}]","{""level_map"": ""open-anki-jlpt-decks"", ""level_map_guid"": ""yw~rIwG)7I"", ""dictionary"": ""JMdict"", ""dictionary_entry_id"": ""1182030"", ""dictionary_lookup_aliases"": [], ""examples"": ""JMdict sense-linked Tatoeba examples""}"
n5-vocab-0449,N5,449,193,"{""genki_lesson"": null}","{""primary"": ""聞く"", ""variants"": [""聞く""], ""without_furigana"": ""聞く"", ""with_furigana"": ""{聞}(き)く"", ""lookup_text"": ""聞く""}","{""primary"": ""きく"", ""variants"": [""きく""], ""source_text"": ""きく""}","[""to hear"", ""to listen"", ""to ask""]","[{""code"": ""v5k"", ""label"": ""Godan verb with 'ku' ending""}, {""code"": ""vt"", ""label"": ""transitive verb""}]",True,"[{""japanese_raw"": ""音楽が好きで、毎日聴いています。"", ""japanese_furigana"": ""<furigana>音楽が好きで、毎日聴いています。</furigana>"", ""english"": ""I like music, and I listen to it every day."", ""source"": ""tatoeba"", ""source_id"": ""191816""}, {""japanese_raw"": ""一番のチャンネルで英語が、７番のチャンネルでは日本語がお聞きになれます。"", ""japanese_furigana"": ""<furigana>一番のチャンネルで英語が、７番のチャンネルでは日本語がお聞きになれます。</furigana>"", ""english"": ""You can hear English on Channel 1, and Japanese on Channel 7."", ""source"": ""tatoeba"", ""source_id"": ""190130""}]","{""level_map"": ""open-anki-jlpt-decks"", ""level_map_guid"": ""CbCe+?lSS("", ""dictionary"": ""JMdict"", ""dictionary_entry_id"": ""1591110"", ""dictionary_lookup_aliases"": [], ""examples"": ""JMdict sense-linked Tatoeba examples""}"
n5-vocab-0450,N5,450,194,"{""genki_lesson"": null}","{""primary"": ""北"", ""variants"": [""北""], ""without_furigana"": ""北"", ""with_furigana"": ""{北}(きた)"", ""lookup_text"": ""北""}","{""primary"": ""きた"", ""variants"": [""きた""], ""source_text"": ""きた""}","[""north""]","[{""code"": ""n"", ""label"": ""noun (common) (futsuumeishi)""}]",True,"[{""japanese_raw"": ""船はまっすぐ北に向かっている。"", ""japanese_furigana"": ""<furigana>船はまっすぐ北に向かっている。</furigana>"", ""english"": ""The ship is bearing due north."", ""source"": ""tatoeba"", ""source_id"": ""141143""}]","{""level_map"": ""open-anki-jlpt-decks"", ""level_map_guid"": ""c_4*(T~qY|"", ""dictionary"": ""JMdict"", ""dictionary_entry_id"": ""1520670"", ""dictionary_lookup_aliases"": [], ""examples"": ""JMdict sense-linked Tatoeba examples""}"
n5-vocab-0451,N5,451,201,"{""genki_lesson"": null}","{""primary"": ""九"", ""variants"": [""九""], ""without_furigana"": ""九"", ""with_furigana"": ""{九}(きゅう)"", ""lookup_text"": ""九""}","{""primary"": ""きゅう"", ""variants"": [""きゅう""], ""source_text"": ""きゅう""}","[""nine""]","[{""code"": ""num"", ""label"": ""numeric""}]",True,"[{""japanese_raw"": ""彼は「九時だ」と言った。"", ""japanese_furigana"": ""<furigana>彼は「九時だ」と言った。</furigana>"", ""english"": ""He said, \""It's nine o'clock.\"""", ""source"": ""tatoeba"", ""source_id"": ""108121""}]","{""level_map"": ""open-anki-jlpt-decks"", ""level_map_guid"": ""PCz+i!/c^t"", ""dictionary"": ""JMdict"", ""dictionary_entry_id"": ""1578150"", ""dictionary_lookup_aliases"": [], ""examples"": ""JMdict sense-linked Tatoeba examples""}"
n5-vocab-0452,N5,452,202,"{""genki_lesson"": null}","{""primary"": ""牛肉"", ""variants"": [""牛肉""], ""without_furigana"": ""牛肉"", ""with_furigana"": ""{牛肉}(ぎゅうにく)"", ""lookup_text"": ""牛肉""}","{""primary"": ""ぎゅうにく"", ""variants"": [""ぎゅうにく""], ""source_text"": ""ぎゅうにく""}","[""beef""]","[{""code"": ""n"", ""label"": ""noun (common) (futsuumeishi)""}]",True,"[{""japanese_raw"": ""私の好みはどちらかというと牛肉ですね。"", ""japanese_furigana"": ""<furigana>私の好みはどちらかというと牛肉ですね。</furigana>"", ""english"": ""I have a predilection for beef."", ""source"": ""tatoeba"", ""source_id"": ""163655""}]","{""level_map"": ""open-anki-jlpt-decks"", ""level_map_guid"": ""HN>QIS,sa)"", ""dictionary"": ""JMdict"", ""dictionary_entry_id"": ""1231580"", ""dictionary_lookup_aliases"": [], ""examples"": ""JMdict sense-linked Tatoeba examples""}"
n5-vocab-0453,N5,453,205,"{""genki_lesson"": null}","{""primary"": ""教室"", ""variants"": [""教室""], ""without_furigana"": ""教室"", ""with_furigana"": ""{教室}(きょうしつ)"", ""lookup_text"": ""教室""}","{""primary"": ""きょうしつ"", ""variants"": [""きょうしつ""], ""source_text"": ""きょうしつ""}","[""classroom""]","[{""code"": ""n"", ""label"": ""noun (common) (futsuumeishi)""}]",True,"[{""japanese_raw"": ""教室は生徒でいっぱいだった。"", ""japanese_furigana"": ""<furigana>教室は生徒でいっぱいだった。</furigana>"", ""english"": ""The classroom was full of pupils."", ""source"": ""tatoeba"", ""source_id"": ""180166""}, {""japanese_raw"": ""ＬＬ教室を使ってもよいですか。"", ""japanese_furigana"": ""<furigana>ＬＬ教室を使ってもよいですか。</furigana>"", ""english"": ""May we use the language lab?"", ""source"": ""tatoeba"", ""source_id"": ""234825""}]","{""level_map"": ""open-anki-jlpt-decks"", ""level_map_guid"": ""jd>*%:rgPV"", ""dictionary"": ""JMdict"", ""dictionary_entry_id"": ""1237150"", ""dictionary_lookup_aliases"": [], ""examples"": ""JMdict sense-linked Tatoeba examples""}"
n5-vocab-0454,N5,454,208,"{""genki_lesson"": null}","{""primary"": ""嫌い"", ""variants"": [""嫌い""], ""without_furigana"": ""嫌い"", ""with_furigana"": ""{嫌}(きら)い"", ""lookup_text"": ""嫌い""}","{""primary"": ""きらい"", ""variants"": [""きらい""], ""source_text"": ""きらい""}","[""dislike""]","[{""code"": ""adj-na"", ""label"": ""adjectival nouns or quasi-adjectives (keiyodoshi)""}, {""code"": ""n"", ""label"": ""noun (common) (futsuumeishi)""}]",True,"[{""japanese_raw"": ""ジムくんは行き過ぎの嫌いがある。"", ""japanese_furigana"": ""<furigana>ジムくんは行き過ぎの嫌いがある。</furigana>"", ""english"": ""Jim tends to go too far."", ""source"": ""tatoeba"", ""source_id"": ""76676""}, {""japanese_raw"": ""「あなたは仕事が気に入っていると思います」「いやそれどころか、嫌いです」"", ""japanese_furigana"": ""<furigana>「あなたは仕事が気に入っていると思います」「いやそれどころか、嫌いです」</furigana>"", ""english"": ""\""I think you like your job.\"" \""On the contrary, I hate it.\"""", ""source"": ""tatoeba"", ""source_id"": ""237276""}]","{""level_map"": ""open-anki-jlpt-decks"", ""level_map_guid"": ""qw1}y,Um4C"", ""dictionary"": ""JMdict"", ""dictionary_entry_id"": ""1257240"", ""dictionary_lookup_aliases"": [], ""examples"": ""JMdict sense-linked Tatoeba examples""}"
n5-vocab-0455,N5,455,211,"{""genki_lesson"": null}","{""primary"": ""綺麗"", ""variants"": [""綺麗""], ""without_furigana"": ""綺麗"", ""with_furigana"": ""{綺麗}(きれい)"", ""lookup_text"": ""綺麗""}","{""primary"": ""きれい"", ""variants"": [""きれい""], ""source_text"": ""きれい""}","[""pretty"", ""clean"", ""tidy""]","[{""code"": ""adj-na"", ""label"": ""adjectival nouns or quasi-adjectives (keiyodoshi)""}]",True,"[{""japanese_raw"": ""この辺りは空気がきれいだよ。"", ""japanese_furigana"": ""<furigana>この辺りは空気がきれいだよ。</furigana>"", ""english"": ""The air is pure around here."", ""source"": ""tatoeba"", ""source_id"": ""224022""}, {""japanese_raw"": ""この芋虫がきれいな蝶になるのだ。"", ""japanese_furigana"": ""<furigana>この芋虫がきれいな蝶になるのだ。</furigana>"", ""english"": ""This caterpillar will become a beautiful butterfly."", ""source"": ""tatoeba"", ""source_id"": ""222945""}]","{""level_map"": ""open-anki-jlpt-decks"", ""level_map_guid"": ""y:f/R>36c4"", ""dictionary"": ""JMdict"", ""dictionary_entry_id"": ""1591900"", ""dictionary_lookup_aliases"": [], ""examples"": ""JMdict sense-linked Tatoeba examples""}"
n5-vocab-0456,N5,456,212,"{""genki_lesson"": null}","{""primary"": ""キロ"", ""variants"": [""キロ"", ""キログラム""], ""without_furigana"": ""キロ"", ""with_furigana"": ""キロ"", ""lookup_text"": ""キロ""}","{""primary"": ""キロ"", ""variants"": [""キロ"", ""キログラム""], ""source_text"": ""キロ; キログラム""}","[""(abbr.) kilo (kilogram)""]","[{""code"": ""pref"", ""label"": ""prefix""}, {""code"": ""n"", ""label"": ""noun (common) (futsuumeishi)""}]",True,"[{""japanese_raw"": ""この車は時速６０キロで走っている。"", ""japanese_furigana"": ""<furigana>この車は時速６０キロで走っている。</furigana>"", ""english"": ""This car is going 60km an hour."", ""source"": ""tatoeba"", ""source_id"": ""221393""}]","{""level_map"": ""open-anki-jlpt-decks"", ""level_map_guid"": ""v,MI,fa=Pd"", ""dictionary"": ""JMdict"", ""dictionary_entry_id"": ""1042610"", ""dictionary_lookup_aliases"": [], ""examples"": ""JMdict sense-linked Tatoeba examples""}"
n5-vocab-0457,N5,457,213,"{""genki_lesson"": null}","{""primary"": ""キロ"", ""variants"": [""キロ"", ""キロメートル""], ""without_furigana"": ""キロ"", ""with_furigana"": ""キロ"", ""lookup_text"": ""キロ""}","{""primary"": ""キロ"", ""variants"": [""キロ"", ""キロメートル""], ""source_text"": ""キロ; キロメートル""}","[""(abbr.) kilo (kilometer)""]","[{""code"": ""pref"", ""label"": ""prefix""}, {""code"": ""n"", ""label"": ""noun (common) (futsuumeishi)""}]",True,"[{""japanese_raw"": ""この車は時速６０キロで走っている。"", ""japanese_furigana"": ""<furigana>この車は時速６０キロで走っている。</furigana>"", ""english"": ""This car is going 60km an hour."", ""source"": ""tatoeba"", ""source_id"": ""221393""}]","{""level_map"": ""open-anki-jlpt-decks"", ""level_map_guid"": ""I+%u|o<M9)"", ""dictionary"": ""JMdict"", ""dictionary_entry_id"": ""1042610"", ""dictionary_lookup_aliases"": [], ""examples"": ""JMdict sense-linked Tatoeba examples""}"
n5-vocab-0458,N5,458,216,"{""genki_lesson"": null}","{""primary"": ""九"", ""variants"": [""九""], ""without_furigana"": ""九"", ""with_furigana"": ""{九}(く)"", ""lookup_text"": ""九""}","{""primary"": ""く"", ""variants"": [""く""], ""source_text"": ""く""}","[""nine""]","[{""code"": ""num"", ""label"": ""numeric""}]",True,"[{""japanese_raw"": ""彼は「九時だ」と言った。"", ""japanese_furigana"": ""<furigana>彼は「九時だ」と言った。</furigana>"", ""english"": ""He said, \""It's nine o'clock.\"""", ""source"": ""tatoeba"", ""source_id"": ""108121""}]","{""level_map"": ""open-anki-jlpt-decks"", ""level_map_guid"": ""J.@??p5!Es"", ""dictionary"": ""JMdict"", ""dictionary_entry_id"": ""1578150"", ""dictionary_lookup_aliases"": [], ""examples"": ""JMdict sense-linked Tatoeba examples""}"
n5-vocab-0459,N5,459,218,"{""genki_lesson"": null}","{""primary"": ""下さい"", ""variants"": [""下さい""], ""without_furigana"": ""下さい"", ""with_furigana"": ""{下}(くだ)さい"", ""lookup_text"": ""下さい""}","{""primary"": ""ください"", ""variants"": [""ください""], ""source_text"": ""ください""}","[""(with te-form verb) please do for me""]","[{""code"": ""exp"", ""label"": ""expressions (phrases, clauses, etc.)""}]",True,"[{""japanese_raw"": ""熱いココアを下さい。"", ""japanese_furigana"": ""<furigana>熱いココアを下さい。</furigana>"", ""english"": ""I'd like to have some hot chocolate."", ""source"": ""tatoeba"", ""source_id"": ""121917""}, {""japanese_raw"": ""あなたの切手帳を見せてください。"", ""japanese_furigana"": ""<furigana>あなたの切手帳を見せてください。</furigana>"", ""english"": ""Please show me your stamp album."", ""source"": ""tatoeba"", ""source_id"": ""233124""}]","{""level_map"": ""open-anki-jlpt-decks"", ""level_map_guid"": ""wZXS53y~A"", ""dictionary"": ""JMdict"", ""dictionary_entry_id"": ""1184270"", ""dictionary_lookup_aliases"": [], ""examples"": ""JMdict sense-linked Tatoeba examples""}"
n5-vocab-0460,N5,460,219,"{""genki_lesson"": null}","{""primary"": ""果物"", ""variants"": [""果物""], ""without_furigana"": ""果物"", ""with_furigana"": ""{果物}(くだもの)"", ""lookup_text"": ""果物""}","{""primary"": ""くだもの"", ""variants"": [""くだもの""], ""source_text"": ""くだもの""}","[""fruit""]","[{""code"": ""n"", ""label"": ""noun (common) (futsuumeishi)""}]",True,"[{""japanese_raw"": ""彼は果物の他何も食べない。"", ""japanese_furigana"": ""<furigana>彼は果物の他何も食べない。</furigana>"", ""english"": ""He eats nothing else but fruit."", ""source"": ""tatoeba"", ""source_id"": ""109207""}]","{""level_map"": ""open-anki-jlpt-decks"", ""level_map_guid"": ""ff8}}%,}l0"", ""dictionary"": ""JMdict"", ""dictionary_entry_id"": ""1193060"", ""dictionary_lookup_aliases"": [], ""examples"": ""JMdict sense-linked Tatoeba examples""}"
n5-vocab-0461,N5,461,220,"{""genki_lesson"": null}","{""primary"": ""口"", ""variants"": [""口""], ""without_furigana"": ""口"", ""with_furigana"": ""{口}(くち)"", ""lookup_text"": ""口""}","{""primary"": ""くち"", ""variants"": [""くち""], ""source_text"": ""くち""}","[""job opening"", ""mouth""]","[{""code"": ""n"", ""label"": ""noun (common) (futsuumeishi)""}, {""code"": ""suf"", ""label"": ""suffix""}, {""code"": ""ctr"", ""label"": ""counter""}]",True,"[{""japanese_raw"": ""あの人は口と腹が反対だ。"", ""japanese_furigana"": ""<furigana>あの人は口と腹が反対だ。</furigana>"", ""english"": ""He says one thing and means another."", ""source"": ""tatoeba"", ""source_id"": ""230723""}, {""japanese_raw"": ""あの仕事の口はまだあるよ。"", ""japanese_furigana"": ""<furigana>あの仕事の口はまだあるよ。</furigana>"", ""english"": ""The job offer still stands."", ""source"": ""tatoeba"", ""source_id"": ""230989""}]","{""level_map"": ""open-anki-jlpt-decks"", ""level_map_guid"": ""ODcS@5Ag5;"", ""dictionary"": ""JMdict"", ""dictionary_entry_id"": ""1275640"", ""dictionary_lookup_aliases"": [], ""examples"": ""JMdict sense-linked Tatoeba examples""}"
n5-vocab-0462,N5,462,225,"{""genki_lesson"": null}","{""primary"": ""曇る"", ""variants"": [""曇る""], ""without_furigana"": ""曇る"", ""with_furigana"": ""{曇}(くも)る"", ""lookup_text"": ""曇る""}","{""primary"": ""くもる"", ""variants"": [""くもる""], ""source_text"": ""くもる""}","[""to become cloudy"", ""to become dim""]","[{""code"": ""v5r"", ""label"": ""Godan verb with 'ru' ending""}, {""code"": ""vi"", ""label"": ""intransitive verb""}]",True,"[{""japanese_raw"": ""今日は曇っている。"", ""japanese_furigana"": ""<furigana>今日は曇っている。</furigana>"", ""english"": ""It is cloudy today."", ""source"": ""tatoeba"", ""source_id"": ""171528""}, {""japanese_raw"": ""突然、空が曇ってきた。"", ""japanese_furigana"": ""<furigana>突然、空が曇ってきた。</furigana>"", ""english"": ""All of a sudden, it became cloudy."", ""source"": ""tatoeba"", ""source_id"": ""123352""}]","{""level_map"": ""open-anki-jlpt-decks"", ""level_map_guid"": ""h68<#-5u4*"", ""dictionary"": ""JMdict"", ""dictionary_entry_id"": ""1457560"", ""dictionary_lookup_aliases"": [], ""examples"": ""JMdict sense-linked Tatoeba examples""}"
n5-vocab-0463,N5,463,226,"{""genki_lesson"": null}","{""primary"": ""暗い"", ""variants"": [""暗い""], ""without_furigana"": ""暗い"", ""with_furigana"": ""{暗}(くら)い"", ""lookup_text"": ""暗い""}","{""primary"": ""くらい"", ""variants"": [""くらい""], ""source_text"": ""くらい""}","[""dark"", ""gloomy""]","[{""code"": ""adj-i"", ""label"": ""adjective (keiyoushi)""}]",True,"[{""japanese_raw"": ""あたりがもう暗くなっていることに気がついた。"", ""japanese_furigana"": ""<furigana>あたりがもう暗くなっていることに気がついた。</furigana>"", ""english"": ""I observed that it had already got dark."", ""source"": ""tatoeba"", ""source_id"": ""234367""}]","{""level_map"": ""open-anki-jlpt-decks"", ""level_map_guid"": ""l[W6inIL/c"", ""dictionary"": ""JMdict"", ""dictionary_entry_id"": ""1154330"", ""dictionary_lookup_aliases"": [], ""examples"": ""JMdict sense-linked Tatoeba examples""}"
n5-vocab-0464,N5,464,227,"{""genki_lesson"": null}","{""primary"": ""〜くらい"", ""variants"": [""〜くらい"", ""ぐらい""], ""without_furigana"": ""〜くらい"", ""with_furigana"": ""〜くらい"", ""lookup_text"": ""くらい""}","{""primary"": ""〜くらい"", ""variants"": [""〜くらい"", ""ぐらい""], ""source_text"": ""～くらい; ぐらい""}","[""approximate (quantity)""]","[{""code"": ""adj-i"", ""label"": ""adjective (keiyoushi)""}]",True,"[{""japanese_raw"": ""あたりがもう暗くなっていることに気がついた。"", ""japanese_furigana"": ""<furigana>あたりがもう暗くなっていることに気がついた。</furigana>"", ""english"": ""I observed that it had already got dark."", ""source"": ""tatoeba"", ""source_id"": ""234367""}]","{""level_map"": ""open-anki-jlpt-decks"", ""level_map_guid"": ""i|aE4l1U6h"", ""dictionary"": ""JMdict"", ""dictionary_entry_id"": ""1154330"", ""dictionary_lookup_aliases"": [], ""examples"": ""JMdict sense-linked Tatoeba examples""}"
n5-vocab-0465,N5,465,229,"{""genki_lesson"": null}","{""primary"": ""グラム"", ""variants"": [""グラム""], ""without_furigana"": ""グラム"", ""with_furigana"": ""グラム"", ""lookup_text"": ""グラム""}","{""primary"": ""グラム"", ""variants"": [""グラム""], ""source_text"": ""グラム""}","[""gram""]","[{""code"": ""n"", ""label"": ""noun (common) (futsuumeishi)""}]",True,"[{""japanese_raw"": ""このジャムの正味重量は２００グラムです。"", ""japanese_furigana"": ""<furigana>このジャムの正味重量は２００グラムです。</furigana>"", ""english"": ""The net weight of this jam is 200 grams."", ""source"": ""tatoeba"", ""source_id"": ""223687""}]","{""level_map"": ""open-anki-jlpt-decks"", ""level_map_guid"": ""wf@~Kdx9Mo"", ""dictionary"": ""JMdict"", ""dictionary_entry_id"": ""1046810"", ""dictionary_lookup_aliases"": [], ""examples"": ""JMdict sense-linked Tatoeba examples""}"
n5-vocab-0466,N5,466,230,"{""genki_lesson"": null}","{""primary"": ""来る"", ""variants"": [""来る""], ""without_furigana"": ""来る"", ""with_furigana"": ""{来}(く)る"", ""lookup_text"": ""来る""}","{""primary"": ""くる"", ""variants"": [""くる""], ""source_text"": ""くる""}","[""to come""]","[{""code"": ""vk"", ""label"": ""Kuru verb - special class""}, {""code"": ""vi"", ""label"": ""intransitive verb""}, {""code"": ""aux-v"", ""label"": ""auxiliary verb""}]",True,"[{""japanese_raw"": ""１０時までに来ます。"", ""japanese_furigana"": ""<furigana>１０時までに来ます。</furigana>"", ""english"": ""I'll come by 10."", ""source"": ""tatoeba"", ""source_id"": ""236043""}, {""japanese_raw"": ""私の父は私に、ぜひそこを見てくるようにといった。"", ""japanese_furigana"": ""<furigana>私の父は私に、ぜひそこを見てくるようにといった。</furigana>"", ""english"": ""My father insisted that I should go to see the place."", ""source"": ""tatoeba"", ""source_id"": ""162829""}]","{""level_map"": ""open-anki-jlpt-decks"", ""level_map_guid"": ""t8%I(!NKuq"", ""dictionary"": ""JMdict"", ""dictionary_entry_id"": ""1547720"", ""dictionary_lookup_aliases"": [], ""examples"": ""JMdict sense-linked Tatoeba examples""}"
n5-vocab-0467,N5,467,232,"{""genki_lesson"": null}","{""primary"": ""黒"", ""variants"": [""黒""], ""without_furigana"": ""黒"", ""with_furigana"": ""{黒}(くろ)"", ""lookup_text"": ""黒""}","{""primary"": ""くろ"", ""variants"": [""くろ""], ""source_text"": ""くろ""}","[""black""]","[{""code"": ""n"", ""label"": ""noun (common) (futsuumeishi)""}, {""code"": ""adj-no"", ""label"": ""nouns which may take the genitive case particle 'no'""}]",True,"[{""japanese_raw"": ""２匹犬を飼っているが、１匹は白でもう１匹は黒だ。"", ""japanese_furigana"": ""<furigana>２匹犬を飼っているが、１匹は白でもう１匹は黒だ。</furigana>"", ""english"": ""I have two dogs. One is white and the other black."", ""source"": ""tatoeba"", ""source_id"": ""235399""}]","{""level_map"": ""open-anki-jlpt-decks"", ""level_map_guid"": ""eM3bqzySWE"", ""dictionary"": ""JMdict"", ""dictionary_entry_id"": ""1287410"", ""dictionary_lookup_aliases"": [], ""examples"": ""JMdict sense-linked Tatoeba examples""}"
n5-vocab-0468,N5,468,234,"{""genki_lesson"": null}","{""primary"": ""警官"", ""variants"": [""警官""], ""without_furigana"": ""警官"", ""with_furigana"": ""{警官}(けいかん)"", ""lookup_text"": ""警官""}","{""primary"": ""けいかん"", ""variants"": [""けいかん""], ""source_text"": ""けいかん""}","[""police officer""]","[{""code"": ""n"", ""label"": ""noun (common) (futsuumeishi)""}]",True,"[{""japanese_raw"": ""２０人の警官が現場に現れた。"", ""japanese_furigana"": ""<furigana>２０人の警官が現場に現れた。</furigana>"", ""english"": ""Twenty police have arrived on the scene."", ""source"": ""tatoeba"", ""source_id"": ""235580""}]","{""level_map"": ""open-anki-jlpt-decks"", ""level_map_guid"": ""r|k<lg[-^X"", ""dictionary"": ""JMdict"", ""dictionary_entry_id"": ""1252330"", ""dictionary_lookup_aliases"": [], ""examples"": ""JMdict sense-linked Tatoeba examples""}"
n5-vocab-0469,N5,469,236,"{""genki_lesson"": null}","{""primary"": ""消す"", ""variants"": [""消す""], ""without_furigana"": ""消す"", ""with_furigana"": ""{消}(け)す"", ""lookup_text"": ""消す""}","{""primary"": ""けす"", ""variants"": [""けす""], ""source_text"": ""けす""}","[""to erase"", ""to delete"", ""to turn off power""]","[{""code"": ""v5s"", ""label"": ""Godan verb with 'su' ending""}, {""code"": ""vt"", ""label"": ""transitive verb""}]",True,"[{""japanese_raw"": ""寝る前に電気を消してください。"", ""japanese_furigana"": ""<furigana>寝る前に電気を消してください。</furigana>"", ""english"": ""Turn off the light before you go to bed."", ""source"": ""tatoeba"", ""source_id"": ""145648""}, {""japanese_raw"": ""私はお前を消せと命令されている。"", ""japanese_furigana"": ""<furigana>私はお前を消せと命令されている。</furigana>"", ""english"": ""I have orders to waste you."", ""source"": ""tatoeba"", ""source_id"": ""161232""}]","{""level_map"": ""open-anki-jlpt-decks"", ""level_map_guid"": ""kyBQ8>]kOz"", ""dictionary"": ""JMdict"", ""dictionary_entry_id"": ""1350110"", ""dictionary_lookup_aliases"": [], ""examples"": ""JMdict sense-linked Tatoeba examples""}"
n5-vocab-0470,N5,470,237,"{""genki_lesson"": null}","{""primary"": ""結構"", ""variants"": [""結構""], ""without_furigana"": ""結構"", ""with_furigana"": ""{結構}(けっこう)"", ""lookup_text"": ""結構""}","{""primary"": ""けっこう"", ""variants"": [""けっこう""], ""source_text"": ""けっこう""}","[""splendid"", ""enough"", ""tolerably""]","[{""code"": ""adj-na"", ""label"": ""adjectival nouns or quasi-adjectives (keiyodoshi)""}, {""code"": ""adv"", ""label"": ""adverb (fukushi)""}, {""code"": ""n"", ""label"": ""noun (common) (futsuumeishi)""}]",True,"[{""japanese_raw"": ""どちらの日でも結構です。"", ""japanese_furigana"": ""<furigana>どちらの日でも結構です。</furigana>"", ""english"": ""Either day is OK."", ""source"": ""tatoeba"", ""source_id"": ""200732""}, {""japanese_raw"": ""彼女の髪の毛は結構短い。"", ""japanese_furigana"": ""<furigana>彼女の髪の毛は結構短い。</furigana>"", ""english"": ""The woman's hair is quite short."", ""source"": ""tatoeba"", ""source_id"": ""94079""}]","{""level_map"": ""open-anki-jlpt-decks"", ""level_map_guid"": ""OhYc[d+;sX"", ""dictionary"": ""JMdict"", ""dictionary_entry_id"": ""1254760"", ""dictionary_lookup_aliases"": [], ""examples"": ""JMdict sense-linked Tatoeba examples""}"
n5-vocab-0471,N5,471,238,"{""genki_lesson"": null}","{""primary"": ""結婚"", ""variants"": [""結婚""], ""without_furigana"": ""結婚"", ""with_furigana"": ""{結婚}(けっこん)"", ""lookup_text"": ""結婚""}","{""primary"": ""けっこん"", ""variants"": [""けっこん""], ""source_text"": ""けっこん (する)""}","[""marriage (get married)""]","[{""code"": ""n"", ""label"": ""noun (common) (futsuumeishi)""}, {""code"": ""vs"", ""label"": ""noun or participle which takes the aux. verb suru""}, {""code"": ""vi"", ""label"": ""intransitive verb""}]",True,"[{""japanese_raw"": ""結婚の申し込みが殺到した。"", ""japanese_furigana"": ""<furigana>結婚の申し込みが殺到した。</furigana>"", ""english"": ""Marriage proposals flooded in."", ""source"": ""tatoeba"", ""source_id"": ""175753""}]","{""level_map"": ""open-anki-jlpt-decks"", ""level_map_guid"": ""yoFb9mQ>xx"", ""dictionary"": ""JMdict"", ""dictionary_entry_id"": ""1254790"", ""dictionary_lookup_aliases"": [], ""examples"": ""JMdict sense-linked Tatoeba examples""}"
n5-vocab-0472,N5,472,240,"{""genki_lesson"": null}","{""primary"": ""玄関"", ""variants"": [""玄関""], ""without_furigana"": ""玄関"", ""with_furigana"": ""{玄関}(げんかん)"", ""lookup_text"": ""玄関""}","{""primary"": ""げんかん"", ""variants"": [""げんかん""], ""source_text"": ""げんかん""}","[""entrance (to a house or a building)""]","[{""code"": ""n"", ""label"": ""noun (common) (futsuumeishi)""}]",True,"[{""japanese_raw"": ""トムが玄関にいるのでなかに入るように言ってください。"", ""japanese_furigana"": ""<furigana>トムが玄関にいるのでなかに入るように言ってください。</furigana>"", ""english"": ""Tom is at the door. Please ask him in."", ""source"": ""tatoeba"", ""source_id"": ""200215""}]","{""level_map"": ""open-anki-jlpt-decks"", ""level_map_guid"": ""nzna3U1d%4"", ""dictionary"": ""JMdict"", ""dictionary_entry_id"": ""1263400"", ""dictionary_lookup_aliases"": [], ""examples"": ""JMdict sense-linked Tatoeba examples""}"
n5-vocab-0473,N5,473,241,"{""genki_lesson"": null}","{""primary"": ""元気"", ""variants"": [""元気""], ""without_furigana"": ""元気"", ""with_furigana"": ""{元気}(げんき)"", ""lookup_text"": ""元気""}","{""primary"": ""げんき"", ""variants"": [""げんき""], ""source_text"": ""げんき""}","[""health(y)"", ""energetic""]","[{""code"": ""adj-na"", ""label"": ""adjectival nouns or quasi-adjectives (keiyodoshi)""}, {""code"": ""n"", ""label"": ""noun (common) (futsuumeishi)""}]",True,"[{""japanese_raw"": ""こんにちは、ロジャー。とっても元気よ。"", ""japanese_furigana"": ""<furigana>こんにちは、ロジャー。とっても元気よ。</furigana>"", ""english"": ""Hi, Roger. I'm pretty good!"", ""source"": ""tatoeba"", ""source_id"": ""217292""}]","{""level_map"": ""open-anki-jlpt-decks"", ""level_map_guid"": ""C6oDoveAM%"", ""dictionary"": ""JMdict"", ""dictionary_entry_id"": ""1260720"", ""dictionary_lookup_aliases"": [], ""examples"": ""JMdict sense-linked Tatoeba examples""}"
n5-vocab-0474,N5,474,242,"{""genki_lesson"": null}","{""primary"": ""〜個"", ""variants"": [""〜個""], ""without_furigana"": ""〜個"", ""with_furigana"": ""〜{個}(こ)"", ""lookup_text"": ""個""}","{""primary"": ""〜こ"", ""variants"": [""〜こ""], ""source_text"": ""～こ""}","[""counter for small items (e.g."", ""fruits"", ""cups)""]","[{""code"": ""ctr"", ""label"": ""counter""}, {""code"": ""n"", ""label"": ""noun (common) (futsuumeishi)""}]",True,"[{""japanese_raw"": ""この懐中電灯は２個の電池が必要だ。"", ""japanese_furigana"": ""<furigana>この懐中電灯は２個の電池が必要だ。</furigana>"", ""english"": ""This flashlight needs two batteries."", ""source"": ""tatoeba"", ""source_id"": ""222655""}]","{""level_map"": ""open-anki-jlpt-decks"", ""level_map_guid"": ""L)v,!KJ|+1"", ""dictionary"": ""JMdict"", ""dictionary_entry_id"": ""1264740"", ""dictionary_lookup_aliases"": [], ""examples"": ""JMdict sense-linked Tatoeba examples""}"
n5-vocab-0475,N5,475,243,"{""genki_lesson"": null}","{""primary"": ""五"", ""variants"": [""五""], ""without_furigana"": ""五"", ""with_furigana"": ""{五}(ご)"", ""lookup_text"": ""五""}","{""primary"": ""ご"", ""variants"": [""ご""], ""source_text"": ""ご""}","[""five""]","[{""code"": ""num"", ""label"": ""numeric""}]",True,[],"{""level_map"": ""open-anki-jlpt-decks"", ""level_map_guid"": ""CPX]&C<[AA"", ""dictionary"": ""JMdict"", ""dictionary_entry_id"": ""1268060"", ""dictionary_lookup_aliases"": [], ""examples"": ""JMdict sense-linked Tatoeba examples""}"
n5-vocab-0476,N5,476,244,"{""genki_lesson"": null}","{""primary"": ""〜語"", ""variants"": [""〜語""], ""without_furigana"": ""〜語"", ""with_furigana"": ""〜{語}(ご)"", ""lookup_text"": ""語""}","{""primary"": ""〜ご"", ""variants"": [""〜ご""], ""source_text"": ""～ご""}","[""word"", ""language""]","[{""code"": ""n"", ""label"": ""noun (common) (futsuumeishi)""}, {""code"": ""n-suf"", ""label"": ""noun, used as a suffix""}, {""code"": ""ctr"", ""label"": ""counter""}]",True,"[{""japanese_raw"": ""メキシコではなに語を話すのですか。"", ""japanese_furigana"": ""<furigana>メキシコではなに語を話すのですか。</furigana>"", ""english"": ""What is the language spoken in Mexico?"", ""source"": ""tatoeba"", ""source_id"": ""194658""}, {""japanese_raw"": ""２００語以内でその文章を要約してください。"", ""japanese_furigana"": ""<furigana>２００語以内でその文章を要約してください。</furigana>"", ""english"": ""Sum up the passage within 200 words."", ""source"": ""tatoeba"", ""source_id"": ""235601""}]","{""level_map"": ""open-anki-jlpt-decks"", ""level_map_guid"": ""OS-NJNma:q"", ""dictionary"": ""JMdict"", ""dictionary_entry_id"": ""1270910"", ""dictionary_lookup_aliases"": [], ""examples"": ""JMdict sense-linked Tatoeba examples""}"
n5-vocab-0477,N5,477,246,"{""genki_lesson"": null}","{""primary"": ""交差点"", ""variants"": [""交差点""], ""without_furigana"": ""交差点"", ""with_furigana"": ""{交差点}(こうさてん)"", ""lookup_text"": ""交差点""}","{""primary"": ""こうさてん"", ""variants"": [""こうさてん""], ""source_text"": ""こうさてん""}","[""intersection""]","[{""code"": ""n"", ""label"": ""noun (common) (futsuumeishi)""}]",True,"[{""japanese_raw"": ""あの交差点で何が起こったのか。"", ""japanese_furigana"": ""<furigana>あの交差点で何が起こったのか。</furigana>"", ""english"": ""What happened at that crossing?"", ""source"": ""tatoeba"", ""source_id"": ""231036""}]","{""level_map"": ""open-anki-jlpt-decks"", ""level_map_guid"": ""fB2Ek#M/vd"", ""dictionary"": ""JMdict"", ""dictionary_entry_id"": ""1592970"", ""dictionary_lookup_aliases"": [], ""examples"": ""JMdict sense-linked Tatoeba examples""}"
n5-vocab-0478,N5,478,248,"{""genki_lesson"": null}","{""primary"": ""交番"", ""variants"": [""交番""], ""without_furigana"": ""交番"", ""with_furigana"": ""{交番}(こうばん)"", ""lookup_text"": ""交番""}","{""primary"": ""こうばん"", ""variants"": [""こうばん""], ""source_text"": ""こうばん""}","[""police box""]","[{""code"": ""n"", ""label"": ""noun (common) (futsuumeishi)""}, {""code"": ""adj-f"", ""label"": ""noun or verb acting prenominally""}]",True,"[{""japanese_raw"": ""向こうの交番で聞いてください。"", ""japanese_furigana"": ""<furigana>向こうの交番で聞いてください。</furigana>"", ""english"": ""Ask at the police station over there."", ""source"": ""tatoeba"", ""source_id"": ""173841""}]","{""level_map"": ""open-anki-jlpt-decks"", ""level_map_guid"": ""Opg/[%q+N8"", ""dictionary"": ""JMdict"", ""dictionary_entry_id"": ""1272500"", ""dictionary_lookup_aliases"": [], ""examples"": ""JMdict sense-linked Tatoeba examples""}"
n5-vocab-0479,N5,479,249,"{""genki_lesson"": null}","{""primary"": ""声"", ""variants"": [""声""], ""without_furigana"": ""声"", ""with_furigana"": ""{声}(こえ)"", ""lookup_text"": ""声""}","{""primary"": ""こえ"", ""variants"": [""こえ""], ""source_text"": ""こえ""}","[""voice""]","[{""code"": ""n"", ""label"": ""noun (common) (futsuumeishi)""}]",True,"[{""japanese_raw"": ""日本人は鳥や虫の声を楽しむ。"", ""japanese_furigana"": ""<furigana>日本人は鳥や虫の声を楽しむ。</furigana>"", ""english"": ""The Japanese enjoy the songs of birds and insects."", ""source"": ""tatoeba"", ""source_id"": ""122235""}, {""japanese_raw"": ""あなたの声が聞けてうれしいわ。"", ""japanese_furigana"": ""<furigana>あなたの声が聞けてうれしいわ。</furigana>"", ""english"": ""I am happy to hear your voice."", ""source"": ""tatoeba"", ""source_id"": ""1142225""}]","{""level_map"": ""open-anki-jlpt-decks"", ""level_map_guid"": ""In/Jo>[]?<"", ""dictionary"": ""JMdict"", ""dictionary_entry_id"": ""1380440"", ""dictionary_lookup_aliases"": [], ""examples"": ""JMdict sense-linked Tatoeba examples""}"
n5-vocab-0480,N5,480,250,"{""genki_lesson"": null}","{""primary"": ""コート"", ""variants"": [""コート""], ""without_furigana"": ""コート"", ""with_furigana"": ""コート"", ""lookup_text"": ""コート""}","{""primary"": ""コート"", ""variants"": [""コート""], ""source_text"": ""コート""}","[""coat"", ""court (e.g."", ""tennis)""]","[{""code"": ""n"", ""label"": ""noun (common) (futsuumeishi)""}]",True,"[{""japanese_raw"": ""あなたが家を出た後で、私はあなたのコートに気づきました。"", ""japanese_furigana"": ""<furigana>あなたが家を出た後で、私はあなたのコートに気づきました。</furigana>"", ""english"": ""I found your coat after you left the house."", ""source"": ""tatoeba"", ""source_id"": ""234118""}]","{""level_map"": ""open-anki-jlpt-decks"", ""level_map_guid"": ""e4scbA,t~J"", ""dictionary"": ""JMdict"", ""dictionary_entry_id"": ""1049000"", ""dictionary_lookup_aliases"": [], ""examples"": ""JMdict sense-linked Tatoeba examples""}"
n5-vocab-0481,N5,481,257,"{""genki_lesson"": null}","{""primary"": ""答える"", ""variants"": [""答える""], ""without_furigana"": ""答える"", ""with_furigana"": ""{答}(こた)える"", ""lookup_text"": ""答える""}","{""primary"": ""こたえる"", ""variants"": [""こたえる""], ""source_text"": ""こたえる""}","[""to answer"", ""to reply""]","[{""code"": ""v1"", ""label"": ""Ichidan verb""}, {""code"": ""vi"", ""label"": ""intransitive verb""}]",True,"[{""japanese_raw"": ""「はい、ありません」とジョーダンさんは答えた。"", ""japanese_furigana"": ""<furigana>「はい、ありません」とジョーダンさんは答えた。</furigana>"", ""english"": ""\""No, I don't,\"" said Mr Jordan."", ""source"": ""tatoeba"", ""source_id"": ""236468""}]","{""level_map"": ""open-anki-jlpt-decks"", ""level_map_guid"": ""x<$h-)|1km"", ""dictionary"": ""JMdict"", ""dictionary_entry_id"": ""1449540"", ""dictionary_lookup_aliases"": [], ""examples"": ""JMdict sense-linked Tatoeba examples""}"
n5-vocab-0482,N5,482,259,"{""genki_lesson"": null}","{""primary"": ""こっち"", ""variants"": [""こっち""], ""without_furigana"": ""こっち"", ""with_furigana"": ""こっち"", ""lookup_text"": ""こっち""}","{""primary"": ""こっち"", ""variants"": [""こっち""], ""source_text"": ""こっち""}","[""this person"", ""this direction"", ""this side""]","[{""code"": ""pn"", ""label"": ""pronoun""}]",True,"[{""japanese_raw"": ""塩をこちらへ取ってもらえますか。"", ""japanese_furigana"": ""<furigana>塩をこちらへ取ってもらえますか。</furigana>"", ""english"": ""Could you pass me the salt, please?"", ""source"": ""tatoeba"", ""source_id"": ""188598""}, {""japanese_raw"": ""こちらの方があちらより値段が高い。"", ""japanese_furigana"": ""<furigana>こちらの方があちらより値段が高い。</furigana>"", ""english"": ""This costs more than that."", ""source"": ""tatoeba"", ""source_id"": ""224162""}]","{""level_map"": ""open-anki-jlpt-decks"", ""level_map_guid"": ""KZ(~KRGBCG"", ""dictionary"": ""JMdict"", ""dictionary_entry_id"": ""1004500"", ""dictionary_lookup_aliases"": [], ""examples"": ""JMdict sense-linked Tatoeba examples""}"
n5-vocab-0483,N5,483,264,"{""genki_lesson"": null}","{""primary"": ""この"", ""variants"": [""この""], ""without_furigana"": ""この"", ""with_furigana"": ""この"", ""lookup_text"": ""この""}","{""primary"": ""この"", ""variants"": [""この""], ""source_text"": ""この""}","[""this""]","[{""code"": ""num"", ""label"": ""numeric""}]",True,"[{""japanese_raw"": ""彼は「九時だ」と言った。"", ""japanese_furigana"": ""<furigana>彼は「九時だ」と言った。</furigana>"", ""english"": ""He said, \""It's nine o'clock.\"""", ""source"": ""tatoeba"", ""source_id"": ""108121""}]","{""level_map"": ""open-anki-jlpt-decks"", ""level_map_guid"": ""pPsd:zD9O?"", ""dictionary"": ""JMdict"", ""dictionary_entry_id"": ""1578150"", ""dictionary_lookup_aliases"": [], ""examples"": ""JMdict sense-linked Tatoeba examples""}"
n5-vocab-0484,N5,484,266,"{""genki_lesson"": null}","{""primary"": ""コピーする"", ""variants"": [""コピーする""], ""without_furigana"": ""コピーする"", ""with_furigana"": ""コピーする"", ""lookup_text"": ""コピーする""}","{""primary"": ""コピーする"", ""variants"": [""コピーする""], ""source_text"": ""コピーする""}","[""to copy""]","[{""code"": ""n"", ""label"": ""noun (common) (futsuumeishi)""}, {""code"": ""vs"", ""label"": ""noun or participle which takes the aux. verb suru""}, {""code"": ""vt"", ""label"": ""transitive verb""}]",True,"[{""japanese_raw"": ""完成した本のコピーを１部送っていただくという条件で、私どものソフトウエアを収録することを許可します。"", ""japanese_furigana"": ""<furigana>完成した本のコピーを１部送っていただくという条件で、私どものソフトウエアを収録することを許可します。</furigana>"", ""english"": ""You have our permission to include our software on condition that you send us a copy of the final product."", ""source"": ""tatoeba"", ""source_id"": ""183968""}]","{""level_map"": ""open-anki-jlpt-decks"", ""level_map_guid"": ""pIfdJ-gQ=x"", ""dictionary"": ""JMdict"", ""dictionary_entry_id"": ""1050590"", ""dictionary_lookup_aliases"": [""コピー""], ""examples"": ""JMdict sense-linked Tatoeba examples""}"
n5-vocab-0485,N5,485,269,"{""genki_lesson"": null}","{""primary"": ""〜ころ"", ""variants"": [""〜ころ"", ""〜ごろ""], ""without_furigana"": ""〜ころ"", ""with_furigana"": ""〜ころ"", ""lookup_text"": ""ころ""}","{""primary"": ""〜ころ"", ""variants"": [""〜ころ"", ""〜ごろ""], ""source_text"": ""～ころ; ～ごろ""}","[""about"", ""toward"", ""approximately (time)""]","[{""code"": ""n"", ""label"": ""noun (common) (futsuumeishi)""}, {""code"": ""adv"", ""label"": ""adverb (fukushi)""}, {""code"": ""n-suf"", ""label"": ""noun, used as a suffix""}]",True,"[{""japanese_raw"": ""彼女は夏頃から病気だった。"", ""japanese_furigana"": ""<furigana>彼女は夏頃から病気だった。</furigana>"", ""english"": ""She has been ill since about summer."", ""source"": ""tatoeba"", ""source_id"": ""90873""}, {""japanese_raw"": ""あなたは結婚してもよいころだ。"", ""japanese_furigana"": ""<furigana>あなたは結婚してもよいころだ。</furigana>"", ""english"": ""It's about time you got married."", ""source"": ""tatoeba"", ""source_id"": ""232102""}]","{""level_map"": ""open-anki-jlpt-decks"", ""level_map_guid"": ""ygFZGug3gm"", ""dictionary"": ""JMdict"", ""dictionary_entry_id"": ""1579080"", ""dictionary_lookup_aliases"": [], ""examples"": ""JMdict sense-linked Tatoeba examples""}"
n5-vocab-0486,N5,486,272,"{""genki_lesson"": null}","{""primary"": ""こんな"", ""variants"": [""こんな""], ""without_furigana"": ""こんな"", ""with_furigana"": ""こんな"", ""lookup_text"": ""こんな""}","{""primary"": ""こんな"", ""variants"": [""こんな""], ""source_text"": ""こんな""}","[""such"", ""like this""]","[{""code"": ""adj-pn"", ""label"": ""pre-noun adjectival (rentaishi)""}]",True,"[{""japanese_raw"": ""こんな風に、彼は私を扱った。"", ""japanese_furigana"": ""<furigana>こんな風に、彼は私を扱った。</furigana>"", ""english"": ""This is the way he treated me."", ""source"": ""tatoeba"", ""source_id"": ""217315""}]","{""level_map"": ""open-anki-jlpt-decks"", ""level_map_guid"": ""DuEU98EMih"", ""dictionary"": ""JMdict"", ""dictionary_entry_id"": ""1004880"", ""dictionary_lookup_aliases"": [], ""examples"": ""JMdict sense-linked Tatoeba examples""}"
n5-vocab-0487,N5,487,274,"{""genki_lesson"": null}","{""primary"": ""さあ"", ""variants"": [""さあ""], ""without_furigana"": ""さあ"", ""with_furigana"": ""さあ"", ""lookup_text"": ""さあ""}","{""primary"": ""さあ"", ""variants"": [""さあ""], ""source_text"": ""さあ""}","[""come now"", ""well""]","[{""code"": ""int"", ""label"": ""interjection (kandoushi)""}]",True,"[{""japanese_raw"": ""さあ東京駅に着きました。"", ""japanese_furigana"": ""<furigana>さあ東京駅に着きました。</furigana>"", ""english"": ""Here we were at Tokyo Station."", ""source"": ""tatoeba"", ""source_id"": ""216866""}]","{""level_map"": ""open-anki-jlpt-decks"", ""level_map_guid"": ""Ag`@=t><OI"", ""dictionary"": ""JMdict"", ""dictionary_entry_id"": ""1005110"", ""dictionary_lookup_aliases"": [], ""examples"": ""JMdict sense-linked Tatoeba examples""}"
n5-vocab-0488,N5,488,275,"{""genki_lesson"": null}","{""primary"": ""〜歳"", ""variants"": [""〜歳""], ""without_furigana"": ""〜歳"", ""with_furigana"": ""〜{歳}(さい)"", ""lookup_text"": ""歳""}","{""primary"": ""〜さい"", ""variants"": [""〜さい""], ""source_text"": ""～さい""}","[""~ years old""]","[{""code"": ""ctr"", ""label"": ""counter""}]",True,"[{""japanese_raw"": ""「１７歳の時スクーナー船で地中海を航海したわ」彼女はゆっくりと注意深く言う。"", ""japanese_furigana"": ""<furigana>「１７歳の時スクーナー船で地中海を航海したわ」彼女はゆっくりと注意深く言う。</furigana>"", ""english"": ""\""I sailed around the Mediterranean in a schooner when I was seventeen,\"" she recited slowly and carefully."", ""source"": ""tatoeba"", ""source_id"": ""237575""}]","{""level_map"": ""open-anki-jlpt-decks"", ""level_map_guid"": ""yIt4LQzbb!"", ""dictionary"": ""JMdict"", ""dictionary_entry_id"": ""1294940"", ""dictionary_lookup_aliases"": [], ""examples"": ""JMdict sense-linked Tatoeba examples""}"
n5-vocab-0489,N5,489,278,"{""genki_lesson"": null}","{""primary"": ""先"", ""variants"": [""先""], ""without_furigana"": ""先"", ""with_furigana"": ""{先}(さき)"", ""lookup_text"": ""先""}","{""primary"": ""さき"", ""variants"": [""さき""], ""source_text"": ""さき""}","[""future"", ""recent"", ""previous""]","[{""code"": ""n"", ""label"": ""noun (common) (futsuumeishi)""}, {""code"": ""adj-no"", ""label"": ""nouns which may take the genitive case particle 'no'""}, {""code"": ""n-suf"", ""label"": ""noun, used as a suffix""}]",True,"[{""japanese_raw"": ""鉛筆の先が丸くなった。"", ""japanese_furigana"": ""<furigana>鉛筆の先が丸くなった。</furigana>"", ""english"": ""The point of the pencil has become dull."", ""source"": ""tatoeba"", ""source_id"": ""188626""}, {""japanese_raw"": ""それから先の話を聞きたい。"", ""japanese_furigana"": ""<furigana>それから先の話を聞きたい。</furigana>"", ""english"": ""I'd like to know the rest of the story."", ""source"": ""tatoeba"", ""source_id"": ""205916""}]","{""level_map"": ""open-anki-jlpt-decks"", ""level_map_guid"": ""tGm0X7=@hF"", ""dictionary"": ""JMdict"", ""dictionary_entry_id"": ""1387210"", ""dictionary_lookup_aliases"": [], ""examples"": ""JMdict sense-linked Tatoeba examples""}"
n5-vocab-0490,N5,490,281,"{""genki_lesson"": null}","{""primary"": ""差す"", ""variants"": [""差す""], ""without_furigana"": ""差す"", ""with_furigana"": ""{差}(さ)す"", ""lookup_text"": ""差す""}","{""primary"": ""さす"", ""variants"": [""さす""], ""source_text"": ""さす""}","[""to raise (stretch out) hands"", ""to raise (e.g."", ""umbrella)""]","[{""code"": ""v5s"", ""label"": ""Godan verb with 'su' ending""}, {""code"": ""vi"", ""label"": ""intransitive verb""}, {""code"": ""vt"", ""label"": ""transitive verb""}, {""code"": ""suf"", ""label"": ""suffix""}]",True,"[{""japanese_raw"": ""彼は雨の中を傘もささずに歩きつづけた。"", ""japanese_furigana"": ""<furigana>彼は雨の中を傘もささずに歩きつづけた。</furigana>"", ""english"": ""He went on walking in the rain without an umbrella."", ""source"": ""tatoeba"", ""source_id"": ""109822""}, {""japanese_raw"": ""ほお紅や口紅を差すだけで表情や笑顔がどんどん変わってくるんです。"", ""japanese_furigana"": ""<furigana>ほお紅や口紅を差すだけで表情や笑顔がどんどん変わってくるんです。</furigana>"", ""english"": ""Expressions and smiles change like that just from applying rouge and lipstick."", ""source"": ""tatoeba"", ""source_id"": ""74094""}]","{""level_map"": ""open-anki-jlpt-decks"", ""level_map_guid"": ""b|c|&{UKxH"", ""dictionary"": ""JMdict"", ""dictionary_entry_id"": ""1291330"", ""dictionary_lookup_aliases"": [], ""examples"": ""JMdict sense-linked Tatoeba examples""}"
n5-vocab-0491,N5,491,282,"{""genki_lesson"": null}","{""primary"": ""〜冊"", ""variants"": [""〜冊""], ""without_furigana"": ""〜冊"", ""with_furigana"": ""〜{冊}(さつ)"", ""lookup_text"": ""冊""}","{""primary"": ""〜さつ"", ""variants"": [""〜さつ""], ""source_text"": ""～さつ""}","[""counter for books""]","[{""code"": ""ctr"", ""label"": ""counter""}, {""code"": ""n"", ""label"": ""noun (common) (futsuumeishi)""}]",True,"[{""japanese_raw"": ""ポール、8冊までなら借りられるからね。"", ""japanese_furigana"": ""<furigana>ポール、8冊までなら借りられるからね。</furigana>"", ""english"": ""Paul, we can borrow up to 8 books."", ""source"": ""tatoeba"", ""source_id"": ""75459""}, {""japanese_raw"": ""太郎は何冊かの英会話テキストをロンドンに注文した。"", ""japanese_furigana"": ""<furigana>太郎は何冊かの英会話テキストをロンドンに注文した。</furigana>"", ""english"": ""Taro ordered some English conversation textbooks from London."", ""source"": ""tatoeba"", ""source_id"": ""138046""}]","{""level_map"": ""open-anki-jlpt-decks"", ""level_map_guid"": ""DJ:3n{-XN%"", ""dictionary"": ""JMdict"", ""dictionary_entry_id"": ""1298520"", ""dictionary_lookup_aliases"": [], ""examples"": ""JMdict sense-linked Tatoeba examples""}"
n5-vocab-0492,N5,492,286,"{""genki_lesson"": null}","{""primary"": ""さ来年"", ""variants"": [""さ来年""], ""without_furigana"": ""さ来年"", ""with_furigana"": ""さ{来年}(らいねん)"", ""lookup_text"": ""さ来年""}","{""primary"": ""さらいねん"", ""variants"": [""さらいねん""], ""source_text"": ""さらいねん""}","[""year after next""]","[{""code"": ""n"", ""label"": ""noun (common) (futsuumeishi)""}, {""code"": ""adv"", ""label"": ""adverb (fukushi)""}]",True,"[{""japanese_raw"": ""祖父は、再来年引退する予定です。"", ""japanese_furigana"": ""<furigana>祖父は、再来年引退する予定です。</furigana>"", ""english"": ""My grandfather is planning to retire the year after next."", ""source"": ""tatoeba"", ""source_id"": ""140720""}]","{""level_map"": ""open-anki-jlpt-decks"", ""level_map_guid"": ""C4/Z2oi:V>"", ""dictionary"": ""JMdict"", ""dictionary_entry_id"": ""1293660"", ""dictionary_lookup_aliases"": [], ""examples"": ""JMdict sense-linked Tatoeba examples""}"
n5-vocab-0493,N5,493,287,"{""genki_lesson"": null}","{""primary"": ""〜さん"", ""variants"": [""〜さん""], ""without_furigana"": ""〜さん"", ""with_furigana"": ""〜さん"", ""lookup_text"": ""さん""}","{""primary"": ""〜さん"", ""variants"": [""〜さん""], ""source_text"": ""～さん""}","[""Mr. ~"", ""Ms. ~""]","[{""code"": ""suf"", ""label"": ""suffix""}]",True,"[{""japanese_raw"": ""おつりはいらないよ、運転士さん。"", ""japanese_furigana"": ""<furigana>おつりはいらないよ、運転士さん。</furigana>"", ""english"": ""Keep the change, driver."", ""source"": ""tatoeba"", ""source_id"": ""227626""}, {""japanese_raw"": ""美和子さん、こちらケニーさんです。"", ""japanese_furigana"": ""<furigana>美和子さん、こちらケニーさんです。</furigana>"", ""english"": ""Miwako, I want you to meet Kenny."", ""source"": ""tatoeba"", ""source_id"": ""85523""}]","{""level_map"": ""open-anki-jlpt-decks"", ""level_map_guid"": ""i|L#.MVmNG"", ""dictionary"": ""JMdict"", ""dictionary_entry_id"": ""1005340"", ""dictionary_lookup_aliases"": [], ""examples"": ""JMdict sense-linked Tatoeba examples""}"
n5-vocab-0494,N5,494,288,"{""genki_lesson"": null}","{""primary"": ""三"", ""variants"": [""三""], ""without_furigana"": ""三"", ""with_furigana"": ""{三}(さん)"", ""lookup_text"": ""三""}","{""primary"": ""さん"", ""variants"": [""さん""], ""source_text"": ""さん""}","[""three""]","[{""code"": ""num"", ""label"": ""numeric""}]",True,"[{""japanese_raw"": ""彼は手荷物が三個あった。"", ""japanese_furigana"": ""<furigana>彼は手荷物が三個あった。</furigana>"", ""english"": ""He had three pieces of baggage."", ""source"": ""tatoeba"", ""source_id"": ""104473""}]","{""level_map"": ""open-anki-jlpt-decks"", ""level_map_guid"": ""jB}%X}YQ)P"", ""dictionary"": ""JMdict"", ""dictionary_entry_id"": ""1579350"", ""dictionary_lookup_aliases"": [], ""examples"": ""JMdict sense-linked Tatoeba examples""}"
n5-vocab-0495,N5,495,289,"{""genki_lesson"": null}","{""primary"": ""散歩"", ""variants"": [""散歩""], ""without_furigana"": ""散歩"", ""with_furigana"": ""{散歩}(さんぽ)"", ""lookup_text"": ""散歩""}","{""primary"": ""さんぽ"", ""variants"": [""さんぽ""], ""source_text"": ""さんぽ (する)""}","[""walk"", ""stroll""]","[{""code"": ""n"", ""label"": ""noun (common) (futsuumeishi)""}, {""code"": ""vs"", ""label"": ""noun or participle which takes the aux. verb suru""}, {""code"": ""vi"", ""label"": ""intransitive verb""}]",True,"[{""japanese_raw"": ""公園を散歩しましょう。"", ""japanese_furigana"": ""<furigana>公園を散歩しましょう。</furigana>"", ""english"": ""Let's take a walk in the park."", ""source"": ""tatoeba"", ""source_id"": ""174014""}]","{""level_map"": ""open-anki-jlpt-decks"", ""level_map_guid"": ""C7E%FY>8|T"", ""dictionary"": ""JMdict"", ""dictionary_entry_id"": ""1303620"", ""dictionary_lookup_aliases"": [], ""examples"": ""JMdict sense-linked Tatoeba examples""}"
n5-vocab-0496,N5,496,290,"{""genki_lesson"": null}","{""primary"": ""四"", ""variants"": [""四""], ""without_furigana"": ""四"", ""with_furigana"": ""{四}(し)"", ""lookup_text"": ""四""}","{""primary"": ""し"", ""variants"": [""し""], ""source_text"": ""し""}","[""four""]","[{""code"": ""num"", ""label"": ""numeric""}]",True,"[{""japanese_raw"": ""その湖は直径四マイルである。"", ""japanese_furigana"": ""<furigana>その湖は直径四マイルである。</furigana>"", ""english"": ""The lake is four miles across."", ""source"": ""tatoeba"", ""source_id"": ""210847""}]","{""level_map"": ""open-anki-jlpt-decks"", ""level_map_guid"": ""q%G#*K^0R+"", ""dictionary"": ""JMdict"", ""dictionary_entry_id"": ""1579470"", ""dictionary_lookup_aliases"": [], ""examples"": ""JMdict sense-linked Tatoeba examples""}"
n5-vocab-0497,N5,497,291,"{""genki_lesson"": null}","{""primary"": ""〜時"", ""variants"": [""〜時""], ""without_furigana"": ""〜時"", ""with_furigana"": ""〜{時}(じ)"", ""lookup_text"": ""時""}","{""primary"": ""〜じ"", ""variants"": [""〜じ""], ""source_text"": ""～じ""}","[""~ o'clock (time)""]","[{""code"": ""suf"", ""label"": ""suffix""}, {""code"": ""adj-no"", ""label"": ""nouns which may take the genitive case particle 'no'""}]",True,"[{""japanese_raw"": ""私は１０時ごろ寝ついた。"", ""japanese_furigana"": ""<furigana>私は１０時ごろ寝ついた。</furigana>"", ""english"": ""I went to sleep about 10 o'clock."", ""source"": ""tatoeba"", ""source_id"": ""162111""}]","{""level_map"": ""open-anki-jlpt-decks"", ""level_map_guid"": ""m]7PVW-h[^"", ""dictionary"": ""JMdict"", ""dictionary_entry_id"": ""2020680"", ""dictionary_lookup_aliases"": [], ""examples"": ""JMdict sense-linked Tatoeba examples""}"
n5-vocab-0498,N5,498,292,"{""genki_lesson"": null}","{""primary"": ""塩"", ""variants"": [""塩""], ""without_furigana"": ""塩"", ""with_furigana"": ""{塩}(しお)"", ""lookup_text"": ""塩""}","{""primary"": ""しお"", ""variants"": [""しお""], ""source_text"": ""しお""}","[""salt""]","[{""code"": ""n"", ""label"": ""noun (common) (futsuumeishi)""}, {""code"": ""n-pref"", ""label"": ""noun, used as a prefix""}]",True,"[{""japanese_raw"": ""このスープは塩が少し足りない。"", ""japanese_furigana"": ""<furigana>このスープは塩が少し足りない。</furigana>"", ""english"": ""This soup wants a bit of salt."", ""source"": ""tatoeba"", ""source_id"": ""223651""}]","{""level_map"": ""open-anki-jlpt-decks"", ""level_map_guid"": ""mQXb>=tTk}"", ""dictionary"": ""JMdict"", ""dictionary_entry_id"": ""1576630"", ""dictionary_lookup_aliases"": [], ""examples"": ""JMdict sense-linked Tatoeba examples""}"
n5-vocab-0499,N5,499,293,"{""genki_lesson"": null}","{""primary"": ""しかし"", ""variants"": [""しかし""], ""without_furigana"": ""しかし"", ""with_furigana"": ""しかし"", ""lookup_text"": ""しかし""}","{""primary"": ""しかし"", ""variants"": [""しかし""], ""source_text"": ""しかし""}","[""however"", ""but""]","[{""code"": ""conj"", ""label"": ""conjunction""}]",True,"[{""japanese_raw"": ""しかし、たいへん息子を欲しがっていました。"", ""japanese_furigana"": ""<furigana>しかし、たいへん息子を欲しがっていました。</furigana>"", ""english"": ""But he wanted a son very much."", ""source"": ""tatoeba"", ""source_id"": ""216338""}]","{""level_map"": ""open-anki-jlpt-decks"", ""level_map_guid"": ""g2(en9wt=#"", ""dictionary"": ""JMdict"", ""dictionary_entry_id"": ""1505990"", ""dictionary_lookup_aliases"": [], ""examples"": ""JMdict sense-linked Tatoeba examples""}"
n5-vocab-0500,N5,500,295,"{""genki_lesson"": null}","{""primary"": ""〜時間"", ""variants"": [""〜時間""], ""without_furigana"": ""〜時間"", ""with_furigana"": ""〜{時間}(じかん)"", ""lookup_text"": ""時間""}","{""primary"": ""〜じかん"", ""variants"": [""〜じかん""], ""source_text"": ""～じかん""}","[""~ hours""]","[{""code"": ""n"", ""label"": ""noun (common) (futsuumeishi)""}]",True,"[{""japanese_raw"": ""いつだって読書の時間は見つけられる。"", ""japanese_furigana"": ""<furigana>いつだって読書の時間は見つけられる。</furigana>"", ""english"": ""We can always find time for reading."", ""source"": ""tatoeba"", ""source_id"": ""228889""}, {""japanese_raw"": ""彼は勤勉な生徒だ。毎日３時間彼は勉強している。"", ""japanese_furigana"": ""<furigana>彼は勤勉な生徒だ。毎日３時間彼は勉強している。</furigana>"", ""english"": ""He is a diligent student. He studies three hours every day."", ""source"": ""tatoeba"", ""source_id"": ""108276""}]","{""level_map"": ""open-anki-jlpt-decks"", ""level_map_guid"": ""PfD-$$uDhD"", ""dictionary"": ""JMdict"", ""dictionary_entry_id"": ""1315920"", ""dictionary_lookup_aliases"": [], ""examples"": ""JMdict sense-linked Tatoeba examples""}"
n5-vocab-0501,N5,501,298,"{""genki_lesson"": null}","{""primary"": ""静か"", ""variants"": [""静か""], ""without_furigana"": ""静か"", ""with_furigana"": ""{静}(しず)か"", ""lookup_text"": ""静か""}","{""primary"": ""しずか"", ""variants"": [""しずか""], ""source_text"": ""しずか""}","[""quiet"", ""calm""]","[{""code"": ""adj-na"", ""label"": ""adjectival nouns or quasi-adjectives (keiyodoshi)""}]",True,"[{""japanese_raw"": ""キャプテンは静かにするように命じた。"", ""japanese_furigana"": ""<furigana>キャプテンは静かにするように命じた。</furigana>"", ""english"": ""The captain commanded silence."", ""source"": ""tatoeba"", ""source_id"": ""225839""}]","{""level_map"": ""open-anki-jlpt-decks"", ""level_map_guid"": ""P>BDZl[pK4"", ""dictionary"": ""JMdict"", ""dictionary_entry_id"": ""1381820"", ""dictionary_lookup_aliases"": [], ""examples"": ""JMdict sense-linked Tatoeba examples""}"
n5-vocab-0502,N5,502,299,"{""genki_lesson"": null}","{""primary"": ""下"", ""variants"": [""下""], ""without_furigana"": ""下"", ""with_furigana"": ""{下}(した)"", ""lookup_text"": ""下""}","{""primary"": ""した"", ""variants"": [""した""], ""source_text"": ""した""}","[""under"", ""below"", ""beneath""]","[{""code"": ""n"", ""label"": ""noun (common) (futsuumeishi)""}, {""code"": ""adj-no"", ""label"": ""nouns which may take the genitive case particle 'no'""}, {""code"": ""n-pref"", ""label"": ""noun, used as a prefix""}]",True,"[{""japanese_raw"": ""下に署名してください。"", ""japanese_furigana"": ""<furigana>下に署名してください。</furigana>"", ""english"": ""Sign at the bottom, please."", ""source"": ""tatoeba"", ""source_id"": ""188239""}, {""japanese_raw"": ""私はダンテをミルトンのしたに置く。"", ""japanese_furigana"": ""<furigana>私はダンテをミルトンのしたに置く。</furigana>"", ""english"": ""I put Milton after Dante."", ""source"": ""tatoeba"", ""source_id"": ""159526""}]","{""level_map"": ""open-anki-jlpt-decks"", ""level_map_guid"": ""j8V7%&V*V9"", ""dictionary"": ""JMdict"", ""dictionary_entry_id"": ""1184140"", ""dictionary_lookup_aliases"": [], ""examples"": ""JMdict sense-linked Tatoeba examples""}"
n5-vocab-0503,N5,503,300,"{""genki_lesson"": null}","{""primary"": ""七"", ""variants"": [""七""], ""without_furigana"": ""七"", ""with_furigana"": ""{七}(しち)"", ""lookup_text"": ""七""}","{""primary"": ""しち"", ""variants"": [""しち""], ""source_text"": ""しち""}","[""seven""]","[{""code"": ""num"", ""label"": ""numeric""}]",True,"[{""japanese_raw"": ""私は今朝7時に起きた。"", ""japanese_furigana"": ""<furigana>私は今朝7時に起きた。</furigana>"", ""english"": ""I got up at seven this morning."", ""source"": ""tatoeba"", ""source_id"": ""156991""}]","{""level_map"": ""open-anki-jlpt-decks"", ""level_map_guid"": ""d9Ei.i(]l3"", ""dictionary"": ""JMdict"", ""dictionary_entry_id"": ""1319210"", ""dictionary_lookup_aliases"": [], ""examples"": ""JMdict sense-linked Tatoeba examples""}"
n5-vocab-0504,N5,504,301,"{""genki_lesson"": null}","{""primary"": ""質問"", ""variants"": [""質問""], ""without_furigana"": ""質問"", ""with_furigana"": ""{質問}(しつもん)"", ""lookup_text"": ""質問""}","{""primary"": ""しつもん"", ""variants"": [""しつもん""], ""source_text"": ""しつもん""}","[""question"", ""inquiry""]","[{""code"": ""n"", ""label"": ""noun (common) (futsuumeishi)""}, {""code"": ""vs"", ""label"": ""noun or participle which takes the aux. verb suru""}, {""code"": ""vt"", ""label"": ""transitive verb""}, {""code"": ""vi"", ""label"": ""intransitive verb""}, {""code"": ""adj-no"", ""label"": ""nouns which may take the genitive case particle 'no'""}]",True,"[{""japanese_raw"": ""その事故について彼に質問した。"", ""japanese_furigana"": ""<furigana>その事故について彼に質問した。</furigana>"", ""english"": ""I asked him about the accident."", ""source"": ""tatoeba"", ""source_id"": ""209899""}]","{""level_map"": ""open-anki-jlpt-decks"", ""level_map_guid"": ""hbG&tzjk(["", ""dictionary"": ""JMdict"", ""dictionary_entry_id"": ""1320760"", ""dictionary_lookup_aliases"": [], ""examples"": ""JMdict sense-linked Tatoeba examples""}"
n5-vocab-0505,N5,505,303,"{""genki_lesson"": null}","{""primary"": ""自動車"", ""variants"": [""自動車""], ""without_furigana"": ""自動車"", ""with_furigana"": ""{自動車}(じどうしゃ)"", ""lookup_text"": ""自動車""}","{""primary"": ""じどうしゃ"", ""variants"": [""じどうしゃ""], ""source_text"": ""じどうしゃ""}","[""automobile""]","[{""code"": ""n"", ""label"": ""noun (common) (futsuumeishi)""}]",True,"[{""japanese_raw"": ""私達はその自動車を12,000ドルで買った。"", ""japanese_furigana"": ""<furigana>私達はその自動車を12,000ドルで買った。</furigana>"", ""english"": ""We bought the car for $12,000."", ""source"": ""tatoeba"", ""source_id"": ""151781""}]","{""level_map"": ""open-anki-jlpt-decks"", ""level_map_guid"": ""s>B81r@vvP"", ""dictionary"": ""JMdict"", ""dictionary_entry_id"": ""1318400"", ""dictionary_lookup_aliases"": [], ""examples"": ""JMdict sense-linked Tatoeba examples""}"
n5-vocab-0506,N5,506,305,"{""genki_lesson"": null}","{""primary"": ""字引"", ""variants"": [""字引""], ""without_furigana"": ""字引"", ""with_furigana"": ""{字引}(じびき)"", ""lookup_text"": ""字引""}","{""primary"": ""じびき"", ""variants"": [""じびき""], ""source_text"": ""じびき""}","[""dictionary""]","[{""code"": ""n"", ""label"": ""noun (common) (futsuumeishi)""}]",True,[],"{""level_map"": ""open-anki-jlpt-decks"", ""level_map_guid"": ""q(KV,tLbs@"", ""dictionary"": ""JMdict"", ""dictionary_entry_id"": ""1315140"", ""dictionary_lookup_aliases"": [], ""examples"": ""JMdict sense-linked Tatoeba examples""}"
n5-vocab-0507,N5,507,307,"{""genki_lesson"": null}","{""primary"": ""閉まる"", ""variants"": [""閉まる""], ""without_furigana"": ""閉まる"", ""with_furigana"": ""{閉}(し)まる"", ""lookup_text"": ""閉まる""}","{""primary"": ""しまる"", ""variants"": [""しまる""], ""source_text"": ""しまる""}","[""to close"", ""to be closed""]","[{""code"": ""v5r"", ""label"": ""Godan verb with 'ru' ending""}, {""code"": ""vi"", ""label"": ""intransitive verb""}]",True,"[{""japanese_raw"": ""あいにく店は閉まっていた。"", ""japanese_furigana"": ""<furigana>あいにく店は閉まっていた。</furigana>"", ""english"": ""Unfortunately, the store was closed."", ""source"": ""tatoeba"", ""source_id"": ""234558""}]","{""level_map"": ""open-anki-jlpt-decks"", ""level_map_guid"": ""gcQz%z-FEM"", ""dictionary"": ""JMdict"", ""dictionary_entry_id"": ""1436560"", ""dictionary_lookup_aliases"": [], ""examples"": ""JMdict sense-linked Tatoeba examples""}"
n5-vocab-0508,N5,508,308,"{""genki_lesson"": null}","{""primary"": ""閉める"", ""variants"": [""閉める""], ""without_furigana"": ""閉める"", ""with_furigana"": ""{閉}(し)める"", ""lookup_text"": ""閉める""}","{""primary"": ""しめる"", ""variants"": [""しめる""], ""source_text"": ""しめる""}","[""to close"", ""to shut""]","[{""code"": ""v1"", ""label"": ""Ichidan verb""}, {""code"": ""vt"", ""label"": ""transitive verb""}]",True,"[{""japanese_raw"": ""どうかドアを閉めてくれませんか。"", ""japanese_furigana"": ""<furigana>どうかドアを閉めてくれませんか。</furigana>"", ""english"": ""Will you please shut the door?"", ""source"": ""tatoeba"", ""source_id"": ""201657""}]","{""level_map"": ""open-anki-jlpt-decks"", ""level_map_guid"": ""gf.^6?5[K1"", ""dictionary"": ""JMdict"", ""dictionary_entry_id"": ""1508590"", ""dictionary_lookup_aliases"": [], ""examples"": ""JMdict sense-linked Tatoeba examples""}"
n5-vocab-0509,N5,509,309,"{""genki_lesson"": null}","{""primary"": ""締める"", ""variants"": [""締める""], ""without_furigana"": ""締める"", ""with_furigana"": ""{締}(し)める"", ""lookup_text"": ""締める""}","{""primary"": ""しめる"", ""variants"": [""しめる""], ""source_text"": ""しめる""}","[""to tie"", ""to fasten"", ""to tighten""]","[{""code"": ""v1"", ""label"": ""Ichidan verb""}, {""code"": ""vt"", ""label"": ""transitive verb""}, {""code"": ""vi"", ""label"": ""intransitive verb""}]",True,"[{""japanese_raw"": ""離陸の際は、シートベルトを締めなくてはならない。"", ""japanese_furigana"": ""<furigana>離陸の際は、シートベルトを締めなくてはならない。</furigana>"", ""english"": ""You must fasten your seat belts during take-off."", ""source"": ""tatoeba"", ""source_id"": ""78324""}]","{""level_map"": ""open-anki-jlpt-decks"", ""level_map_guid"": ""zslBUbe/:)"", ""dictionary"": ""JMdict"", ""dictionary_entry_id"": ""1436570"", ""dictionary_lookup_aliases"": [], ""examples"": ""JMdict sense-linked Tatoeba examples""}"
n5-vocab-0510,N5,510,310,"{""genki_lesson"": null}","{""primary"": ""じゃ"", ""variants"": [""じゃ"", ""じゃあ""], ""without_furigana"": ""じゃ"", ""with_furigana"": ""じゃ"", ""lookup_text"": ""じゃ""}","{""primary"": ""じゃ"", ""variants"": [""じゃ"", ""じゃあ""], ""source_text"": ""じゃ; じゃあ""}","[""well"", ""well then""]","[{""code"": ""conj"", ""label"": ""conjunction""}]",True,"[{""japanese_raw"": ""「安いですね。じゃあ10ヤードください」小娘が答えた。"", ""japanese_furigana"": ""<furigana>「安いですね。じゃあ10ヤードください」小娘が答えた。</furigana>"", ""english"": ""\""That's cheap. I'll take ten yards,\"" the girl answered."", ""source"": ""tatoeba"", ""source_id"": ""236405""}]","{""level_map"": ""open-anki-jlpt-decks"", ""level_map_guid"": ""I*;H$6{i?j"", ""dictionary"": ""JMdict"", ""dictionary_entry_id"": ""1005900"", ""dictionary_lookup_aliases"": [], ""examples"": ""JMdict sense-linked Tatoeba examples""}"
n5-vocab-0511,N5,511,313,"{""genki_lesson"": null}","{""primary"": ""シャワー"", ""variants"": [""シャワー""], ""without_furigana"": ""シャワー"", ""with_furigana"": ""シャワー"", ""lookup_text"": ""シャワー""}","{""primary"": ""シャワー"", ""variants"": [""シャワー""], ""source_text"": ""シャワー""}","[""shower""]","[{""code"": ""n"", ""label"": ""noun (common) (futsuumeishi)""}]",True,"[{""japanese_raw"": ""彼女は毎朝シャワーを浴びます。"", ""japanese_furigana"": ""<furigana>彼女は毎朝シャワーを浴びます。</furigana>"", ""english"": ""She takes a shower every morning."", ""source"": ""tatoeba"", ""source_id"": ""86635""}]","{""level_map"": ""open-anki-jlpt-decks"", ""level_map_guid"": ""op46S^HFU7"", ""dictionary"": ""JMdict"", ""dictionary_entry_id"": ""1061820"", ""dictionary_lookup_aliases"": [], ""examples"": ""JMdict sense-linked Tatoeba examples""}"
n5-vocab-0512,N5,512,314,"{""genki_lesson"": null}","{""primary"": ""十"", ""variants"": [""十""], ""without_furigana"": ""十"", ""with_furigana"": ""{十}(じゅう)"", ""lookup_text"": ""十""}","{""primary"": ""じゅう"", ""variants"": [""じゅう""], ""source_text"": ""じゅう""}","[""ten""]","[{""code"": ""num"", ""label"": ""numeric""}]",True,[],"{""level_map"": ""open-anki-jlpt-decks"", ""level_map_guid"": ""t#RE}A*?;i"", ""dictionary"": ""JMdict"", ""dictionary_entry_id"": ""1579840"", ""dictionary_lookup_aliases"": [], ""examples"": ""JMdict sense-linked Tatoeba examples""}"
n5-vocab-0513,N5,513,315,"{""genki_lesson"": null}","{""primary"": ""〜中"", ""variants"": [""〜中""], ""without_furigana"": ""〜中"", ""with_furigana"": ""〜{中}(じゅう)"", ""lookup_text"": ""中""}","{""primary"": ""〜じゅう"", ""variants"": [""〜じゅう""], ""source_text"": ""～じゅう""}","[""during"", ""while""]","[{""code"": ""suf"", ""label"": ""suffix""}]",True,"[{""japanese_raw"": ""彼は夏中ずっと長野にいた。"", ""japanese_furigana"": ""<furigana>彼は夏中ずっと長野にいた。</furigana>"", ""english"": ""He stayed in Nagano throughout the summer."", ""source"": ""tatoeba"", ""source_id"": ""109307""}, {""japanese_raw"": ""最終提案は来週中に発表されます。"", ""japanese_furigana"": ""<furigana>最終提案は来週中に発表されます。</furigana>"", ""english"": ""The final proposal will be announced sometime next week."", ""source"": ""tatoeba"", ""source_id"": ""170516""}]","{""level_map"": ""open-anki-jlpt-decks"", ""level_map_guid"": ""GjJjAMMc<N"", ""dictionary"": ""JMdict"", ""dictionary_entry_id"": ""2083570"", ""dictionary_lookup_aliases"": [], ""examples"": ""JMdict sense-linked Tatoeba examples""}"
n5-vocab-0514,N5,514,316,"{""genki_lesson"": null}","{""primary"": ""〜週間"", ""variants"": [""〜週間""], ""without_furigana"": ""〜週間"", ""with_furigana"": ""〜{週間}(しゅうかん)"", ""lookup_text"": ""週間""}","{""primary"": ""〜しゅうかん"", ""variants"": [""〜しゅうかん""], ""source_text"": ""～しゅうかん""}","[""~ weeks""]","[{""code"": ""n"", ""label"": ""noun (common) (futsuumeishi)""}]",True,"[{""japanese_raw"": ""もう２週間たったら帰ります。"", ""japanese_furigana"": ""<furigana>もう２週間たったら帰ります。</furigana>"", ""english"": ""I will be back in another two weeks."", ""source"": ""tatoeba"", ""source_id"": ""194529""}]","{""level_map"": ""open-anki-jlpt-decks"", ""level_map_guid"": ""B5/n=cEC&j"", ""dictionary"": ""JMdict"", ""dictionary_entry_id"": ""1333500"", ""dictionary_lookup_aliases"": [], ""examples"": ""JMdict sense-linked Tatoeba examples""}"
n5-vocab-0515,N5,515,319,"{""genki_lesson"": null}","{""primary"": ""上手"", ""variants"": [""上手""], ""without_furigana"": ""上手"", ""with_furigana"": ""{上手}(じょうず)"", ""lookup_text"": ""上手""}","{""primary"": ""じょうず"", ""variants"": [""じょうず""], ""source_text"": ""じょうず""}","[""be good at"", ""skillful""]","[{""code"": ""adj-na"", ""label"": ""adjectival nouns or quasi-adjectives (keiyodoshi)""}, {""code"": ""n"", ""label"": ""noun (common) (futsuumeishi)""}]",True,"[{""japanese_raw"": ""あなたは上手にバスケットボールができますか。"", ""japanese_furigana"": ""<furigana>あなたは上手にバスケットボールができますか。</furigana>"", ""english"": ""Do you play basketball well?"", ""source"": ""tatoeba"", ""source_id"": ""231837""}]","{""level_map"": ""open-anki-jlpt-decks"", ""level_map_guid"": ""zE7uPe$TPk"", ""dictionary"": ""JMdict"", ""dictionary_entry_id"": ""1353320"", ""dictionary_lookup_aliases"": [], ""examples"": ""JMdict sense-linked Tatoeba examples""}"
n5-vocab-0516,N5,516,320,"{""genki_lesson"": null}","{""primary"": ""丈夫"", ""variants"": [""丈夫""], ""without_furigana"": ""丈夫"", ""with_furigana"": ""{丈夫}(じょうぶ)"", ""lookup_text"": ""丈夫""}","{""primary"": ""じょうぶ"", ""variants"": [""じょうぶ""], ""source_text"": ""じょうぶ""}","[""strong"", ""solid"", ""durable""]","[{""code"": ""adj-na"", ""label"": ""adjectival nouns or quasi-adjectives (keiyodoshi)""}]",True,"[{""japanese_raw"": ""彼は丈夫だったそうです。"", ""japanese_furigana"": ""<furigana>彼は丈夫だったそうです。</furigana>"", ""english"": ""He is said to have been strong."", ""source"": ""tatoeba"", ""source_id"": ""103983""}]","{""level_map"": ""open-anki-jlpt-decks"", ""level_map_guid"": ""rzxPYrs,=L"", ""dictionary"": ""JMdict"", ""dictionary_entry_id"": ""1580480"", ""dictionary_lookup_aliases"": [], ""examples"": ""JMdict sense-linked Tatoeba examples""}"
n5-vocab-0517,N5,517,324,"{""genki_lesson"": null}","{""primary"": ""白"", ""variants"": [""白""], ""without_furigana"": ""白"", ""with_furigana"": ""{白}(しろ)"", ""lookup_text"": ""白""}","{""primary"": ""しろ"", ""variants"": [""しろ""], ""source_text"": ""しろ""}","[""white""]","[{""code"": ""n"", ""label"": ""noun (common) (futsuumeishi)""}, {""code"": ""adj-no"", ""label"": ""nouns which may take the genitive case particle 'no'""}]",True,[],"{""level_map"": ""open-anki-jlpt-decks"", ""level_map_guid"": ""?4vV_taj)"", ""dictionary"": ""JMdict"", ""dictionary_entry_id"": ""1474900"", ""dictionary_lookup_aliases"": [], ""examples"": ""JMdict sense-linked Tatoeba examples""}"
n5-vocab-0518,N5,518,326,"{""genki_lesson"": null}","{""primary"": ""〜人"", ""variants"": [""〜人""], ""without_furigana"": ""〜人"", ""with_furigana"": ""〜{人}(じん)"", ""lookup_text"": ""人""}","{""primary"": ""〜じん"", ""variants"": [""〜じん""], ""source_text"": ""～じん""}","[""counter for people""]","[{""code"": ""suf"", ""label"": ""suffix""}]",True,[],"{""level_map"": ""open-anki-jlpt-decks"", ""level_map_guid"": ""cRB`piJTT="", ""dictionary"": ""JMdict"", ""dictionary_entry_id"": ""1366410"", ""dictionary_lookup_aliases"": [], ""examples"": ""JMdict sense-linked Tatoeba examples""}"
n5-vocab-0519,N5,519,329,"{""genki_lesson"": null}","{""primary"": ""吸う"", ""variants"": [""吸う""], ""without_furigana"": ""吸う"", ""with_furigana"": ""{吸}(す)う"", ""lookup_text"": ""吸う""}","{""primary"": ""すう"", ""variants"": [""すう""], ""source_text"": ""すう""}","[""to breathe in"", ""to suck""]","[{""code"": ""v5u"", ""label"": ""Godan verb with 'u' ending""}, {""code"": ""vt"", ""label"": ""transitive verb""}]",True,"[{""japanese_raw"": ""この紙はインクを吸わない。"", ""japanese_furigana"": ""<furigana>この紙はインクを吸わない。</furigana>"", ""english"": ""This paper does not absorb ink."", ""source"": ""tatoeba"", ""source_id"": ""221731""}, {""japanese_raw"": ""教室でどうどうとタバコをすう高校生たちとそれを注意できない教師たちは罰を受けることになります。"", ""japanese_furigana"": ""<furigana>教室でどうどうとタバコをすう高校生たちとそれを注意できない教師たちは罰を受けることになります。</furigana>"", ""english"": ""High school students who flagrantly smoke in class and the teachers who can't caution them will be punished."", ""source"": ""tatoeba"", ""source_id"": ""76227""}]","{""level_map"": ""open-anki-jlpt-decks"", ""level_map_guid"": ""wwi3CXCv2|"", ""dictionary"": ""JMdict"", ""dictionary_entry_id"": ""1228260"", ""dictionary_lookup_aliases"": [], ""examples"": ""JMdict sense-linked Tatoeba examples""}"
n5-vocab-0520,N5,520,331,"{""genki_lesson"": null}","{""primary"": ""好き"", ""variants"": [""好き""], ""without_furigana"": ""好き"", ""with_furigana"": ""{好}(す)き"", ""lookup_text"": ""好き""}","{""primary"": ""すき"", ""variants"": [""すき""], ""source_text"": ""すき""}","[""liking"", ""fondness"", ""love""]","[{""code"": ""adj-na"", ""label"": ""adjectival nouns or quasi-adjectives (keiyodoshi)""}, {""code"": ""n"", ""label"": ""noun (common) (futsuumeishi)""}]",True,"[{""japanese_raw"": ""実を言うと、私は彼が好きでないのです。"", ""japanese_furigana"": ""<furigana>実を言うと、私は彼が好きでないのです。</furigana>"", ""english"": ""To tell you the truth, I don't love him."", ""source"": ""tatoeba"", ""source_id"": ""149400""}, {""japanese_raw"": ""「ケーキはお好きですか」「はい、好きです」"", ""japanese_furigana"": ""<furigana>「ケーキはお好きですか」「はい、好きです」</furigana>"", ""english"": ""\""Do you like cake?\"" \""Yes, I do.\"""", ""source"": ""tatoeba"", ""source_id"": ""236630""}]","{""level_map"": ""open-anki-jlpt-decks"", ""level_map_guid"": ""B}kz{&9>=0"", ""dictionary"": ""JMdict"", ""dictionary_entry_id"": ""1277450"", ""dictionary_lookup_aliases"": [], ""examples"": ""JMdict sense-linked Tatoeba examples""}"
n5-vocab-0521,N5,521,332,"{""genki_lesson"": null}","{""primary"": ""〜すぎ"", ""variants"": [""〜すぎ""], ""without_furigana"": ""〜すぎ"", ""with_furigana"": ""〜すぎ"", ""lookup_text"": ""すぎ""}","{""primary"": ""〜すぎ"", ""variants"": [""〜すぎ""], ""source_text"": ""～すぎ""}","[""past"", ""to exceed, ~ too much""]","[{""code"": ""n"", ""label"": ""noun (common) (futsuumeishi)""}, {""code"": ""n-suf"", ""label"": ""noun, used as a suffix""}]",True,"[{""japanese_raw"": ""スピードの出し過ぎは危険です。"", ""japanese_furigana"": ""<furigana>スピードの出し過ぎは危険です。</furigana>"", ""english"": ""Driving too fast is dangerous."", ""source"": ""tatoeba"", ""source_id"": ""214534""}, {""japanese_raw"": ""１０時過ぎには電話をしないで下さい。"", ""japanese_furigana"": ""<furigana>１０時過ぎには電話をしないで下さい。</furigana>"", ""english"": ""Don't call me up after ten o'clock."", ""source"": ""tatoeba"", ""source_id"": ""236041""}]","{""level_map"": ""open-anki-jlpt-decks"", ""level_map_guid"": ""D/A*oT1;-^"", ""dictionary"": ""JMdict"", ""dictionary_entry_id"": ""1195960"", ""dictionary_lookup_aliases"": [], ""examples"": ""JMdict sense-linked Tatoeba examples""}"
n5-vocab-0522,N5,522,334,"{""genki_lesson"": null}","{""primary"": ""すぐに"", ""variants"": [""すぐに""], ""without_furigana"": ""すぐに"", ""with_furigana"": ""すぐに"", ""lookup_text"": ""すぐに""}","{""primary"": ""すぐに"", ""variants"": [""すぐに""], ""source_text"": ""すぐに""}","[""immediately"", ""soon""]","[{""code"": ""adv"", ""label"": ""adverb (fukushi)""}]",True,"[{""japanese_raw"": ""あなたはすぐに良くなるだろうと思います。"", ""japanese_furigana"": ""<furigana>あなたはすぐに良くなるだろうと思います。</furigana>"", ""english"": ""I hope you'll soon get well."", ""source"": ""tatoeba"", ""source_id"": ""232652""}]","{""level_map"": ""open-anki-jlpt-decks"", ""level_map_guid"": ""c+_z#9>We^"", ""dictionary"": ""JMdict"", ""dictionary_entry_id"": ""1430620"", ""dictionary_lookup_aliases"": [], ""examples"": ""JMdict sense-linked Tatoeba examples""}"
n5-vocab-0523,N5,523,337,"{""genki_lesson"": null}","{""primary"": ""〜ずつ"", ""variants"": [""〜ずつ""], ""without_furigana"": ""〜ずつ"", ""with_furigana"": ""〜ずつ"", ""lookup_text"": ""ずつ""}","{""primary"": ""〜ずつ"", ""variants"": [""〜ずつ""], ""source_text"": ""～ずつ""}","[""at a time""]","[{""code"": ""suf"", ""label"": ""suffix""}]",True,"[{""japanese_raw"": ""その一節を一語ずつ訳しなさい。"", ""japanese_furigana"": ""<furigana>その一節を一語ずつ訳しなさい。</furigana>"", ""english"": ""Translate the passage word for word."", ""source"": ""tatoeba"", ""source_id"": ""212324""}, {""japanese_raw"": ""１つ１つの出願を１件ずつ考慮しなければならないだろう。"", ""japanese_furigana"": ""<furigana>１つ１つの出願を１件ずつ考慮しなければならないだろう。</furigana>"", ""english"": ""We will have to consider each application on a case-by-case basis."", ""source"": ""tatoeba"", ""source_id"": ""235852""}]","{""level_map"": ""open-anki-jlpt-decks"", ""level_map_guid"": ""e7*dq)(1^5"", ""dictionary"": ""JMdict"", ""dictionary_entry_id"": ""2006560"", ""dictionary_lookup_aliases"": [], ""examples"": ""JMdict sense-linked Tatoeba examples""}"
n5-vocab-0524,N5,524,339,"{""genki_lesson"": null}","{""primary"": ""スプーン"", ""variants"": [""スプーン""], ""without_furigana"": ""スプーン"", ""with_furigana"": ""スプーン"", ""lookup_text"": ""スプーン""}","{""primary"": ""スプーン"", ""variants"": [""スプーン""], ""source_text"": ""スプーン""}","[""spoon""]","[{""code"": ""n"", ""label"": ""noun (common) (futsuumeishi)""}]",True,"[{""japanese_raw"": ""この赤ん坊はまだスプーンが使えない。"", ""japanese_furigana"": ""<furigana>この赤ん坊はまだスプーンが使えない。</furigana>"", ""english"": ""The baby cannot use a spoon yet."", ""source"": ""tatoeba"", ""source_id"": ""220867""}]","{""level_map"": ""open-anki-jlpt-decks"", ""level_map_guid"": ""FjQLk(n?P#"", ""dictionary"": ""JMdict"", ""dictionary_entry_id"": ""1072590"", ""dictionary_lookup_aliases"": [], ""examples"": ""JMdict sense-linked Tatoeba examples""}"
n5-vocab-0525,N5,525,341,"{""genki_lesson"": null}","{""primary"": ""ズボン"", ""variants"": [""ズボン""], ""without_furigana"": ""ズボン"", ""with_furigana"": ""ズボン"", ""lookup_text"": ""ズボン""}","{""primary"": ""ズボン"", ""variants"": [""ズボン""], ""source_text"": ""ズボン""}","[""trousers""]","[{""code"": ""n"", ""label"": ""noun (common) (futsuumeishi)""}]",True,"[{""japanese_raw"": ""あなたは私のズボンをどうしたのですか。"", ""japanese_furigana"": ""<furigana>あなたは私のズボンをどうしたのですか。</furigana>"", ""english"": ""What did you do with my pants?"", ""source"": ""tatoeba"", ""source_id"": ""231957""}]","{""level_map"": ""open-anki-jlpt-decks"", ""level_map_guid"": ""FU-<z{1,6("", ""dictionary"": ""JMdict"", ""dictionary_entry_id"": ""1074260"", ""dictionary_lookup_aliases"": [], ""examples"": ""JMdict sense-linked Tatoeba examples""}"
n5-vocab-0526,N5,526,342,"{""genki_lesson"": null}","{""primary"": ""住む"", ""variants"": [""住む""], ""without_furigana"": ""住む"", ""with_furigana"": ""{住}(す)む"", ""lookup_text"": ""住む""}","{""primary"": ""すむ"", ""variants"": [""すむ""], ""source_text"": ""すむ""}","[""to reside"", ""to live in""]","[{""code"": ""v5m"", ""label"": ""Godan verb with 'mu' ending""}, {""code"": ""vi"", ""label"": ""intransitive verb""}]",True,"[{""japanese_raw"": ""あなたはどのくらいの間、神戸に住んでいますか。"", ""japanese_furigana"": ""<furigana>あなたはどのくらいの間、神戸に住んでいますか。</furigana>"", ""english"": ""How long have you lived in Kobe?"", ""source"": ""tatoeba"", ""source_id"": ""232470""}]","{""level_map"": ""open-anki-jlpt-decks"", ""level_map_guid"": ""ym>?}%jeF+"", ""dictionary"": ""JMdict"", ""dictionary_entry_id"": ""1334040"", ""dictionary_lookup_aliases"": [], ""examples"": ""JMdict sense-linked Tatoeba examples""}"
n5-vocab-0527,N5,527,344,"{""genki_lesson"": null}","{""primary"": ""座る"", ""variants"": [""座る""], ""without_furigana"": ""座る"", ""with_furigana"": ""{座}(すわ)る"", ""lookup_text"": ""座る""}","{""primary"": ""すわる"", ""variants"": [""すわる""], ""source_text"": ""すわる""}","[""to sit""]","[{""code"": ""v5r"", ""label"": ""Godan verb with 'ru' ending""}, {""code"": ""vi"", ""label"": ""intransitive verb""}]",True,"[{""japanese_raw"": ""数人の学生がベンチに座り、昼食を食べていた。"", ""japanese_furigana"": ""<furigana>数人の学生がベンチに座り、昼食を食べていた。</furigana>"", ""english"": ""Some students were sitting on the bench and having lunch."", ""source"": ""tatoeba"", ""source_id"": ""143532""}]","{""level_map"": ""open-anki-jlpt-decks"", ""level_map_guid"": ""dn)bcr6wXa"", ""dictionary"": ""JMdict"", ""dictionary_entry_id"": ""1291800"", ""dictionary_lookup_aliases"": [], ""examples"": ""JMdict sense-linked Tatoeba examples""}"
n5-vocab-0528,N5,528,345,"{""genki_lesson"": null}","{""primary"": ""背"", ""variants"": [""背""], ""without_furigana"": ""背"", ""with_furigana"": ""{背}(せい)"", ""lookup_text"": ""背""}","{""primary"": ""せい"", ""variants"": [""せい""], ""source_text"": ""せい""}","[""(one's) height"", ""stature""]","[{""code"": ""n"", ""label"": ""noun (common) (futsuumeishi)""}]",True,[],"{""level_map"": ""open-anki-jlpt-decks"", ""level_map_guid"": ""xQDy{9R)S2"", ""dictionary"": ""JMdict"", ""dictionary_entry_id"": ""1472650"", ""dictionary_lookup_aliases"": [], ""examples"": ""JMdict sense-linked Tatoeba examples""}"
n5-vocab-0529,N5,529,346,"{""genki_lesson"": null}","{""primary"": ""生徒"", ""variants"": [""生徒""], ""without_furigana"": ""生徒"", ""with_furigana"": ""{生徒}(せいと)"", ""lookup_text"": ""生徒""}","{""primary"": ""せいと"", ""variants"": [""せいと""], ""source_text"": ""せいと""}","[""student"", ""pupil""]","[{""code"": ""n"", ""label"": ""noun (common) (futsuumeishi)""}]",True,"[{""japanese_raw"": ""あなたは何と賢い生徒なのでしょう。"", ""japanese_furigana"": ""<furigana>あなたは何と賢い生徒なのでしょう。</furigana>"", ""english"": ""What a clever student you are!"", ""source"": ""tatoeba"", ""source_id"": ""232241""}]","{""level_map"": ""open-anki-jlpt-decks"", ""level_map_guid"": ""c2wTXo?)*o"", ""dictionary"": ""JMdict"", ""dictionary_entry_id"": ""1379380"", ""dictionary_lookup_aliases"": [], ""examples"": ""JMdict sense-linked Tatoeba examples""}"
n5-vocab-0530,N5,530,348,"{""genki_lesson"": null}","{""primary"": ""石鹸"", ""variants"": [""石鹸""], ""without_furigana"": ""石鹸"", ""with_furigana"": ""{石鹸}(せっけん)"", ""lookup_text"": ""石鹸""}","{""primary"": ""せっけん"", ""variants"": [""せっけん""], ""source_text"": ""せっけん""}","[""soap""]","[{""code"": ""n"", ""label"": ""noun (common) (futsuumeishi)""}]",True,"[{""japanese_raw"": ""ひげをそる前に石けんをつける。"", ""japanese_furigana"": ""<furigana>ひげをそる前に石けんをつける。</furigana>"", ""english"": ""I lather my face before shaving."", ""source"": ""tatoeba"", ""source_id"": ""197617""}]","{""level_map"": ""open-anki-jlpt-decks"", ""level_map_guid"": ""tY/1~r6Mz5"", ""dictionary"": ""JMdict"", ""dictionary_entry_id"": ""1382590"", ""dictionary_lookup_aliases"": [], ""examples"": ""JMdict sense-linked Tatoeba examples""}"
n5-vocab-0531,N5,531,349,"{""genki_lesson"": null}","{""primary"": ""背広"", ""variants"": [""背広""], ""without_furigana"": ""背広"", ""with_furigana"": ""{背広}(せびろ)"", ""lookup_text"": ""背広""}","{""primary"": ""せびろ"", ""variants"": [""せびろ""], ""source_text"": ""せびろ""}","[""men's suit""]","[{""code"": ""n"", ""label"": ""noun (common) (futsuumeishi)""}]",True,"[{""japanese_raw"": ""私は新しい背広を買った。"", ""japanese_furigana"": ""<furigana>私は新しい背広を買った。</furigana>"", ""english"": ""I bought a new suit of clothes."", ""source"": ""tatoeba"", ""source_id"": ""155725""}]","{""level_map"": ""open-anki-jlpt-decks"", ""level_map_guid"": ""w`:i7/YHYU"", ""dictionary"": ""JMdict"", ""dictionary_entry_id"": ""1472740"", ""dictionary_lookup_aliases"": [], ""examples"": ""JMdict sense-linked Tatoeba examples""}"
n5-vocab-0532,N5,532,351,"{""genki_lesson"": null}","{""primary"": ""ゼロ"", ""variants"": [""ゼロ""], ""without_furigana"": ""ゼロ"", ""with_furigana"": ""ゼロ"", ""lookup_text"": ""ゼロ""}","{""primary"": ""ゼロ"", ""variants"": [""ゼロ""], ""source_text"": ""ゼロ""}","[""zero""]","[{""code"": ""n"", ""label"": ""noun (common) (futsuumeishi)""}]",True,"[{""japanese_raw"": ""ゼロという概念はヒンドゥー文化に由来している。"", ""japanese_furigana"": ""<furigana>ゼロという概念はヒンドゥー文化に由来している。</furigana>"", ""english"": ""The concept of zero sprang from the Hindu culture."", ""source"": ""tatoeba"", ""source_id"": ""213989""}]","{""level_map"": ""open-anki-jlpt-decks"", ""level_map_guid"": ""G~4~zg|xJJ"", ""dictionary"": ""JMdict"", ""dictionary_entry_id"": ""2839962"", ""dictionary_lookup_aliases"": [], ""examples"": ""JMdict sense-linked Tatoeba examples""}"
n5-vocab-0533,N5,533,352,"{""genki_lesson"": null}","{""primary"": ""千"", ""variants"": [""千""], ""without_furigana"": ""千"", ""with_furigana"": ""{千}(せん)"", ""lookup_text"": ""千""}","{""primary"": ""せん"", ""variants"": [""せん""], ""source_text"": ""せん""}","[""thousand""]","[{""code"": ""num"", ""label"": ""numeric""}]",True,"[{""japanese_raw"": ""飲み代として使った金額は総計７千ドルだった。"", ""japanese_furigana"": ""<furigana>飲み代として使った金額は総計７千ドルだった。</furigana>"", ""english"": ""The total bill for drinks came up to 7000 dollars."", ""source"": ""tatoeba"", ""source_id"": ""189962""}]","{""level_map"": ""open-anki-jlpt-decks"", ""level_map_guid"": ""IvU;IZmo9!"", ""dictionary"": ""JMdict"", ""dictionary_entry_id"": ""1388740"", ""dictionary_lookup_aliases"": [], ""examples"": ""JMdict sense-linked Tatoeba examples""}"
n5-vocab-0534,N5,534,356,"{""genki_lesson"": null}","{""primary"": ""洗濯"", ""variants"": [""洗濯""], ""without_furigana"": ""洗濯"", ""with_furigana"": ""{洗濯}(せんたく)"", ""lookup_text"": ""洗濯""}","{""primary"": ""せんたく"", ""variants"": [""せんたく""], ""source_text"": ""せんたく""}","[""washing"", ""laundry""]","[{""code"": ""n"", ""label"": ""noun (common) (futsuumeishi)""}, {""code"": ""vs"", ""label"": ""noun or participle which takes the aux. verb suru""}, {""code"": ""vt"", ""label"": ""transitive verb""}]",True,"[{""japanese_raw"": ""この綿のシャツは洗濯がよく効く。"", ""japanese_furigana"": ""<furigana>この綿のシャツは洗濯がよく効く。</furigana>"", ""english"": ""This cotton shirt washes well."", ""source"": ""tatoeba"", ""source_id"": ""219459""}]","{""level_map"": ""open-anki-jlpt-decks"", ""level_map_guid"": ""vQ&mbAJqN7"", ""dictionary"": ""JMdict"", ""dictionary_entry_id"": ""1390980"", ""dictionary_lookup_aliases"": [], ""examples"": ""JMdict sense-linked Tatoeba examples""}"
n5-vocab-0535,N5,535,358,"{""genki_lesson"": null}","{""primary"": ""そう"", ""variants"": [""そう"", ""そうです""], ""without_furigana"": ""そう"", ""with_furigana"": ""そう"", ""lookup_text"": ""そう""}","{""primary"": ""そう"", ""variants"": [""そう"", ""そうです""], ""source_text"": ""そう; そうです""}","[""yes"", ""appears"", ""to be the case""]","[{""code"": ""aux"", ""label"": ""auxiliary""}, {""code"": ""adj-na"", ""label"": ""adjectival nouns or quasi-adjectives (keiyodoshi)""}]",True,"[{""japanese_raw"": ""まもなく雨が降りそうだ。"", ""japanese_furigana"": ""<furigana>まもなく雨が降りそうだ。</furigana>"", ""english"": ""It is going to rain soon."", ""source"": ""tatoeba"", ""source_id"": ""195298""}]","{""level_map"": ""open-anki-jlpt-decks"", ""level_map_guid"": ""kkfDg[|_Yb"", ""dictionary"": ""JMdict"", ""dictionary_entry_id"": ""1006610"", ""dictionary_lookup_aliases"": [], ""examples"": ""JMdict sense-linked Tatoeba examples""}"
n5-vocab-0536,N5,536,359,"{""genki_lesson"": null}","{""primary"": ""掃除"", ""variants"": [""掃除""], ""without_furigana"": ""掃除"", ""with_furigana"": ""{掃除}(そうじ)"", ""lookup_text"": ""掃除""}","{""primary"": ""そうじ"", ""variants"": [""そうじ""], ""source_text"": ""そうじ (する)""}","[""cleaning"", ""sweeping""]","[{""code"": ""n"", ""label"": ""noun (common) (futsuumeishi)""}, {""code"": ""vs"", ""label"": ""noun or participle which takes the aux. verb suru""}, {""code"": ""vt"", ""label"": ""transitive verb""}]",True,"[{""japanese_raw"": ""あなたの部屋を掃除しましたか。"", ""japanese_furigana"": ""<furigana>あなたの部屋を掃除しましたか。</furigana>"", ""english"": ""Did you clean your room?"", ""source"": ""tatoeba"", ""source_id"": ""233037""}]","{""level_map"": ""open-anki-jlpt-decks"", ""level_map_guid"": ""LKKhbs9g8/"", ""dictionary"": ""JMdict"", ""dictionary_entry_id"": ""1399790"", ""dictionary_lookup_aliases"": [], ""examples"": ""JMdict sense-linked Tatoeba examples""}"
n5-vocab-0537,N5,537,360,"{""genki_lesson"": null}","{""primary"": ""そうして"", ""variants"": [""そうして"", ""そして""], ""without_furigana"": ""そうして"", ""with_furigana"": ""そうして"", ""lookup_text"": ""そうして""}","{""primary"": ""そうして"", ""variants"": [""そうして"", ""そして""], ""source_text"": ""そうして; そして""}","[""and"", ""like that""]","[{""code"": ""conj"", ""label"": ""conjunction""}]",True,"[{""japanese_raw"": ""私は京都と、そして奈良にも訪れる計画を立てている。"", ""japanese_furigana"": ""<furigana>私は京都と、そして奈良にも訪れる計画を立てている。</furigana>"", ""english"": ""I am planning to visit Kyoto, and Nara as well."", ""source"": ""tatoeba"", ""source_id"": ""157634""}]","{""level_map"": ""open-anki-jlpt-decks"", ""level_map_guid"": ""C/Lx0#`!+J"", ""dictionary"": ""JMdict"", ""dictionary_entry_id"": ""1006730"", ""dictionary_lookup_aliases"": [], ""examples"": ""JMdict sense-linked Tatoeba examples""}"
n5-vocab-0538,N5,538,362,"{""genki_lesson"": null}","{""primary"": ""そちら"", ""variants"": [""そちら""], ""without_furigana"": ""そちら"", ""with_furigana"": ""そちら"", ""lookup_text"": ""そちら""}","{""primary"": ""そちら"", ""variants"": [""そちら""], ""source_text"": ""そちら""}","[""over there""]","[{""code"": ""pn"", ""label"": ""pronoun""}]",True,"[{""japanese_raw"": ""そっちの生活はどうだい？"", ""japanese_furigana"": ""<furigana>そっちの生活はどうだい？</furigana>"", ""english"": ""How are things for you up there?"", ""source"": ""tatoeba"", ""source_id"": ""213468""}, {""japanese_raw"": ""これとそちらとの違いは何だい。"", ""japanese_furigana"": ""<furigana>これとそちらとの違いは何だい。</furigana>"", ""english"": ""What is the difference between this and that?"", ""source"": ""tatoeba"", ""source_id"": ""218744""}]","{""level_map"": ""open-anki-jlpt-decks"", ""level_map_guid"": ""xbjis~A;+*"", ""dictionary"": ""JMdict"", ""dictionary_entry_id"": ""1006780"", ""dictionary_lookup_aliases"": [], ""examples"": ""JMdict sense-linked Tatoeba examples""}"
n5-vocab-0539,N5,539,363,"{""genki_lesson"": null}","{""primary"": ""そっち"", ""variants"": [""そっち""], ""without_furigana"": ""そっち"", ""with_furigana"": ""そっち"", ""lookup_text"": ""そっち""}","{""primary"": ""そっち"", ""variants"": [""そっち""], ""source_text"": ""そっち""}","[""over there""]","[{""code"": ""pn"", ""label"": ""pronoun""}]",True,"[{""japanese_raw"": ""そっちの生活はどうだい？"", ""japanese_furigana"": ""<furigana>そっちの生活はどうだい？</furigana>"", ""english"": ""How are things for you up there?"", ""source"": ""tatoeba"", ""source_id"": ""213468""}, {""japanese_raw"": ""これとそちらとの違いは何だい。"", ""japanese_furigana"": ""<furigana>これとそちらとの違いは何だい。</furigana>"", ""english"": ""What is the difference between this and that?"", ""source"": ""tatoeba"", ""source_id"": ""218744""}]","{""level_map"": ""open-anki-jlpt-decks"", ""level_map_guid"": ""#PXdxM^5L"", ""dictionary"": ""JMdict"", ""dictionary_entry_id"": ""1006780"", ""dictionary_lookup_aliases"": [], ""examples"": ""JMdict sense-linked Tatoeba examples""}"
n5-vocab-0540,N5,540,365,"{""genki_lesson"": null}","{""primary"": ""その"", ""variants"": [""その""], ""without_furigana"": ""その"", ""with_furigana"": ""その"", ""lookup_text"": ""その""}","{""primary"": ""その"", ""variants"": [""その""], ""source_text"": ""その""}","[""that""]","[{""code"": ""adj-pn"", ""label"": ""pre-noun adjectival (rentaishi)""}, {""code"": ""int"", ""label"": ""interjection (kandoushi)""}]",True,"[{""japanese_raw"": ""毎日、放課後に私はその本屋で彼女を待った。"", ""japanese_furigana"": ""<furigana>毎日、放課後に私はその本屋で彼女を待った。</furigana>"", ""english"": ""Every day I waited for her at the bookstore after school."", ""source"": ""tatoeba"", ""source_id"": ""81320""}]","{""level_map"": ""open-anki-jlpt-decks"", ""level_map_guid"": ""C2OIF=[)E_"", ""dictionary"": ""JMdict"", ""dictionary_entry_id"": ""1006830"", ""dictionary_lookup_aliases"": [], ""examples"": ""JMdict sense-linked Tatoeba examples""}"
n5-vocab-0541,N5,541,367,"{""genki_lesson"": null}","{""primary"": ""空"", ""variants"": [""空""], ""without_furigana"": ""空"", ""with_furigana"": ""{空}(そら)"", ""lookup_text"": ""空""}","{""primary"": ""そら"", ""variants"": [""そら""], ""source_text"": ""そら""}","[""sky""]","[{""code"": ""n"", ""label"": ""noun (common) (futsuumeishi)""}, {""code"": ""n-pref"", ""label"": ""noun, used as a prefix""}]",True,"[{""japanese_raw"": ""ワシが空を飛んでいる。"", ""japanese_furigana"": ""<furigana>ワシが空を飛んでいる。</furigana>"", ""english"": ""An eagle is flying in the sky."", ""source"": ""tatoeba"", ""source_id"": ""191980""}]","{""level_map"": ""open-anki-jlpt-decks"", ""level_map_guid"": ""D.6b;1{88^"", ""dictionary"": ""JMdict"", ""dictionary_entry_id"": ""1245290"", ""dictionary_lookup_aliases"": [], ""examples"": ""JMdict sense-linked Tatoeba examples""}"
n5-vocab-0542,N5,542,369,"{""genki_lesson"": null}","{""primary"": ""それから"", ""variants"": [""それから""], ""without_furigana"": ""それから"", ""with_furigana"": ""それから"", ""lookup_text"": ""それから""}","{""primary"": ""それから"", ""variants"": [""それから""], ""source_text"": ""それから""}","[""and then"", ""after that""]","[{""code"": ""exp"", ""label"": ""expressions (phrases, clauses, etc.)""}]",True,"[{""japanese_raw"": ""それから長い沈黙が続いた。"", ""japanese_furigana"": ""<furigana>それから長い沈黙が続いた。</furigana>"", ""english"": ""There followed a long silence."", ""source"": ""tatoeba"", ""source_id"": ""205915""}]","{""level_map"": ""open-anki-jlpt-decks"", ""level_map_guid"": ""sV(hn]KLzr"", ""dictionary"": ""JMdict"", ""dictionary_entry_id"": ""1006980"", ""dictionary_lookup_aliases"": [], ""examples"": ""JMdict sense-linked Tatoeba examples""}"
n5-vocab-0543,N5,543,370,"{""genki_lesson"": null}","{""primary"": ""それでは"", ""variants"": [""それでは""], ""without_furigana"": ""それでは"", ""with_furigana"": ""それでは"", ""lookup_text"": ""それでは""}","{""primary"": ""それでは"", ""variants"": [""それでは""], ""source_text"": ""それでは""}","[""in that situation"", ""well then...""]","[{""code"": ""conj"", ""label"": ""conjunction""}, {""code"": ""exp"", ""label"": ""expressions (phrases, clauses, etc.)""}, {""code"": ""int"", ""label"": ""interjection (kandoushi)""}]",True,"[{""japanese_raw"": ""それでは私の立つ瀬がない。"", ""japanese_furigana"": ""<furigana>それでは私の立つ瀬がない。</furigana>"", ""english"": ""That would leave me in a fix."", ""source"": ""tatoeba"", ""source_id"": ""205754""}]","{""level_map"": ""open-anki-jlpt-decks"", ""level_map_guid"": ""v[]T|jw&,["", ""dictionary"": ""JMdict"", ""dictionary_entry_id"": ""1406050"", ""dictionary_lookup_aliases"": [], ""examples"": ""JMdict sense-linked Tatoeba examples""}"
n5-vocab-0544,N5,544,371,"{""genki_lesson"": null}","{""primary"": ""〜台"", ""variants"": [""〜台""], ""without_furigana"": ""〜台"", ""with_furigana"": ""〜{台}(だい)"", ""lookup_text"": ""台""}","{""primary"": ""〜だい"", ""variants"": [""〜だい""], ""source_text"": ""～だい""}","[""counter for vehicles"", ""machines""]","[{""code"": ""n"", ""label"": ""noun (common) (futsuumeishi)""}, {""code"": ""n-suf"", ""label"": ""noun, used as a suffix""}, {""code"": ""ctr"", ""label"": ""counter""}, {""code"": ""suf"", ""label"": ""suffix""}]",True,"[{""japanese_raw"": ""２台のオートバイを比較するべきだ。"", ""japanese_furigana"": ""<furigana>２台のオートバイを比較するべきだ。</furigana>"", ""english"": ""You should compare the two motorcycles."", ""source"": ""tatoeba"", ""source_id"": ""235429""}, {""japanese_raw"": ""この台の上に花瓶を置いてはいけません。"", ""japanese_furigana"": ""<furigana>この台の上に花瓶を置いてはいけません。</furigana>"", ""english"": ""Please don't place a vase on this stand."", ""source"": ""tatoeba"", ""source_id"": ""220674""}]","{""level_map"": ""open-anki-jlpt-decks"", ""level_map_guid"": ""ztM0ejgNN~"", ""dictionary"": ""JMdict"", ""dictionary_entry_id"": ""1412560"", ""dictionary_lookup_aliases"": [], ""examples"": ""JMdict sense-linked Tatoeba examples""}"
n5-vocab-0545,N5,545,373,"{""genki_lesson"": null}","{""primary"": ""大使館"", ""variants"": [""大使館""], ""without_furigana"": ""大使館"", ""with_furigana"": ""{大使館}(たいしかん)"", ""lookup_text"": ""大使館""}","{""primary"": ""たいしかん"", ""variants"": [""たいしかん""], ""source_text"": ""たいしかん""}","[""embassy""]","[{""code"": ""n"", ""label"": ""noun (common) (futsuumeishi)""}]",True,"[{""japanese_raw"": ""大使館は最高裁判所に隣接している。"", ""japanese_furigana"": ""<furigana>大使館は最高裁判所に隣接している。</furigana>"", ""english"": ""The embassy is located next to the Supreme Court."", ""source"": ""tatoeba"", ""source_id"": ""137529""}]","{""level_map"": ""open-anki-jlpt-decks"", ""level_map_guid"": ""n?Lz{tQ,#T"", ""dictionary"": ""JMdict"", ""dictionary_entry_id"": ""1413890"", ""dictionary_lookup_aliases"": [], ""examples"": ""JMdict sense-linked Tatoeba examples""}"
n5-vocab-0546,N5,546,375,"{""genki_lesson"": null}","{""primary"": ""大好き"", ""variants"": [""大好き""], ""without_furigana"": ""大好き"", ""with_furigana"": ""{大好}(だいす)き"", ""lookup_text"": ""大好き""}","{""primary"": ""だいすき"", ""variants"": [""だいすき""], ""source_text"": ""だいすき""}","[""very like-able"", ""like very much""]","[{""code"": ""adj-na"", ""label"": ""adjectival nouns or quasi-adjectives (keiyodoshi)""}]",True,"[{""japanese_raw"": ""こちらはケンです。彼は自分の犬が大好きです。"", ""japanese_furigana"": ""<furigana>こちらはケンです。彼は自分の犬が大好きです。</furigana>"", ""english"": ""This is Ken. He really likes his dog."", ""source"": ""tatoeba"", ""source_id"": ""224155""}]","{""level_map"": ""open-anki-jlpt-decks"", ""level_map_guid"": ""AZ,CM~A,0E"", ""dictionary"": ""JMdict"", ""dictionary_entry_id"": ""1413660"", ""dictionary_lookup_aliases"": [], ""examples"": ""JMdict sense-linked Tatoeba examples""}"
n5-vocab-0547,N5,547,376,"{""genki_lesson"": null}","{""primary"": ""大切"", ""variants"": [""大切""], ""without_furigana"": ""大切"", ""with_furigana"": ""{大切}(たいせつ)"", ""lookup_text"": ""大切""}","{""primary"": ""たいせつ"", ""variants"": [""たいせつ""], ""source_text"": ""たいせつ""}","[""important""]","[{""code"": ""adj-na"", ""label"": ""adjectival nouns or quasi-adjectives (keiyodoshi)""}]",True,"[{""japanese_raw"": ""私は古い本を大切に保存している。"", ""japanese_furigana"": ""<furigana>私は古い本を大切に保存している。</furigana>"", ""english"": ""I keep old books with care."", ""source"": ""tatoeba"", ""source_id"": ""157230""}, {""japanese_raw"": ""大切なものはここに置かないで下さい。"", ""japanese_furigana"": ""<furigana>大切なものはここに置かないで下さい。</furigana>"", ""english"": ""Please don't leave valuable things here."", ""source"": ""tatoeba"", ""source_id"": ""137436""}]","{""level_map"": ""open-anki-jlpt-decks"", ""level_map_guid"": ""tu70?MYeL5"", ""dictionary"": ""JMdict"", ""dictionary_entry_id"": ""1414340"", ""dictionary_lookup_aliases"": [], ""examples"": ""JMdict sense-linked Tatoeba examples""}"
n5-vocab-0548,N5,548,377,"{""genki_lesson"": null}","{""primary"": ""台所"", ""variants"": [""台所""], ""without_furigana"": ""台所"", ""with_furigana"": ""{台所}(だいどころ)"", ""lookup_text"": ""台所""}","{""primary"": ""だいどころ"", ""variants"": [""だいどころ""], ""source_text"": ""だいどころ""}","[""kitchen""]","[{""code"": ""n"", ""label"": ""noun (common) (futsuumeishi)""}]",True,"[{""japanese_raw"": ""メアリーは階段をおりて台所へ行った。"", ""japanese_furigana"": ""<furigana>メアリーは階段をおりて台所へ行った。</furigana>"", ""english"": ""Mary went down to the kitchen."", ""source"": ""tatoeba"", ""source_id"": ""194778""}]","{""level_map"": ""open-anki-jlpt-decks"", ""level_map_guid"": ""bbB25MOf:$"", ""dictionary"": ""JMdict"", ""dictionary_entry_id"": ""1412640"", ""dictionary_lookup_aliases"": [], ""examples"": ""JMdict sense-linked Tatoeba examples""}"
n5-vocab-0549,N5,549,378,"{""genki_lesson"": null}","{""primary"": ""大変"", ""variants"": [""大変""], ""without_furigana"": ""大変"", ""with_furigana"": ""{大変}(たいへん)"", ""lookup_text"": ""大変""}","{""primary"": ""たいへん"", ""variants"": [""たいへん""], ""source_text"": ""たいへん""}","[""very"", ""difficult"", ""hard""]","[{""code"": ""adv"", ""label"": ""adverb (fukushi)""}, {""code"": ""adj-na"", ""label"": ""adjectival nouns or quasi-adjectives (keiyodoshi)""}, {""code"": ""n"", ""label"": ""noun (common) (futsuumeishi)""}]",True,"[{""japanese_raw"": ""１日中歩き回って大変疲れた。"", ""japanese_furigana"": ""<furigana>１日中歩き回って大変疲れた。</furigana>"", ""english"": ""I am dead tired from walking around all day."", ""source"": ""tatoeba"", ""source_id"": ""235685""}, {""japanese_raw"": ""もし期限切れになったら、大変なことになるよ。"", ""japanese_furigana"": ""<furigana>もし期限切れになったら、大変なことになるよ。</furigana>"", ""english"": ""There will be hell to pay if I don't make this deadline."", ""source"": ""tatoeba"", ""source_id"": ""193739""}]","{""level_map"": ""open-anki-jlpt-decks"", ""level_map_guid"": ""NIbD<|-[1y"", ""dictionary"": ""JMdict"", ""dictionary_entry_id"": ""1415000"", ""dictionary_lookup_aliases"": [], ""examples"": ""JMdict sense-linked Tatoeba examples""}"
n5-vocab-0550,N5,550,380,"{""genki_lesson"": null}","{""primary"": ""〜だけ"", ""variants"": [""〜だけ""], ""without_furigana"": ""〜だけ"", ""with_furigana"": ""〜だけ"", ""lookup_text"": ""だけ""}","{""primary"": ""〜だけ"", ""variants"": [""〜だけ""], ""source_text"": ""～だけ""}","[""only ~"", ""just ~"", ""as ~""]","[{""code"": ""prt"", ""label"": ""particle""}]",True,"[{""japanese_raw"": ""来たのはメアリーだけだった。"", ""japanese_furigana"": ""<furigana>来たのはメアリーだけだった。</furigana>"", ""english"": ""No one came except Mary."", ""source"": ""tatoeba"", ""source_id"": ""78728""}, {""japanese_raw"": ""この車には楽にその山をのぼるだけの力がある。"", ""japanese_furigana"": ""<furigana>この車には楽にその山をのぼるだけの力がある。</furigana>"", ""english"": ""This car has enough power to go up the mountain easily."", ""source"": ""tatoeba"", ""source_id"": ""221432""}]","{""level_map"": ""open-anki-jlpt-decks"", ""level_map_guid"": ""Lcbr*3r3b5"", ""dictionary"": ""JMdict"", ""dictionary_entry_id"": ""1007340"", ""dictionary_lookup_aliases"": [], ""examples"": ""JMdict sense-linked Tatoeba examples""}"
n5-vocab-0551,N5,551,381,"{""genki_lesson"": null}","{""primary"": ""沢山"", ""variants"": [""沢山""], ""without_furigana"": ""沢山"", ""with_furigana"": ""{沢山}(たくさん)"", ""lookup_text"": ""沢山""}","{""primary"": ""たくさん"", ""variants"": [""たくさん""], ""source_text"": ""たくさん""}","[""many"", ""much""]","[{""code"": ""adj-no"", ""label"": ""nouns which may take the genitive case particle 'no'""}, {""code"": ""adj-na"", ""label"": ""adjectival nouns or quasi-adjectives (keiyodoshi)""}, {""code"": ""n"", ""label"": ""noun (common) (futsuumeishi)""}, {""code"": ""adv"", ""label"": ""adverb (fukushi)""}, {""code"": ""n-suf"", ""label"": ""noun, used as a suffix""}]",True,"[{""japanese_raw"": ""お父さんは煙草の煙でたくさん輪を作れる。"", ""japanese_furigana"": ""<furigana>お父さんは煙草の煙でたくさん輪を作れる。</furigana>"", ""english"": ""Dad can blow many smoke rings."", ""source"": ""tatoeba"", ""source_id"": ""226723""}]","{""level_map"": ""open-anki-jlpt-decks"", ""level_map_guid"": ""v7m[:9zL*Y"", ""dictionary"": ""JMdict"", ""dictionary_entry_id"": ""1415870"", ""dictionary_lookup_aliases"": [], ""examples"": ""JMdict sense-linked Tatoeba examples""}"
n5-vocab-0552,N5,552,382,"{""genki_lesson"": null}","{""primary"": ""タクシー"", ""variants"": [""タクシー""], ""without_furigana"": ""タクシー"", ""with_furigana"": ""タクシー"", ""lookup_text"": ""タクシー""}","{""primary"": ""タクシー"", ""variants"": [""タクシー""], ""source_text"": ""タクシー""}","[""taxi""]","[{""code"": ""n"", ""label"": ""noun (common) (futsuumeishi)""}]",True,"[{""japanese_raw"": ""そのタクシーはいきなり左に曲がった。"", ""japanese_furigana"": ""<furigana>そのタクシーはいきなり左に曲がった。</furigana>"", ""english"": ""The taxi abruptly turned left."", ""source"": ""tatoeba"", ""source_id"": ""212991""}]","{""level_map"": ""open-anki-jlpt-decks"", ""level_map_guid"": ""k8!n/<-@<9"", ""dictionary"": ""JMdict"", ""dictionary_entry_id"": ""1076190"", ""dictionary_lookup_aliases"": [], ""examples"": ""JMdict sense-linked Tatoeba examples""}"
n5-vocab-0553,N5,553,384,"{""genki_lesson"": null}","{""primary"": ""〜たち"", ""variants"": [""〜たち""], ""without_furigana"": ""〜たち"", ""with_furigana"": ""〜たち"", ""lookup_text"": ""たち""}","{""primary"": ""〜たち"", ""variants"": [""〜たち""], ""source_text"": ""～たち""}","[""plural suffix""]","[{""code"": ""n"", ""label"": ""noun (common) (futsuumeishi)""}]",True,[],"{""level_map"": ""open-anki-jlpt-decks"", ""level_map_guid"": ""Opbd!87m@p"", ""dictionary"": ""JMdict"", ""dictionary_entry_id"": ""1408340"", ""dictionary_lookup_aliases"": [], ""examples"": ""JMdict sense-linked Tatoeba examples""}"
n5-vocab-0554,N5,554,386,"{""genki_lesson"": null}","{""primary"": ""たて"", ""variants"": [""たて""], ""without_furigana"": ""たて"", ""with_furigana"": ""たて"", ""lookup_text"": ""たて""}","{""primary"": ""たて"", ""variants"": [""たて""], ""source_text"": ""たて""}","[""length"", ""height""]","[{""code"": ""n"", ""label"": ""noun (common) (futsuumeishi)""}, {""code"": ""adj-no"", ""label"": ""nouns which may take the genitive case particle 'no'""}]",True,"[{""japanese_raw"": ""テーブルを縦一列に並べなさい。"", ""japanese_furigana"": ""<furigana>テーブルを縦一列に並べなさい。</furigana>"", ""english"": ""Put the tables end to end."", ""source"": ""tatoeba"", ""source_id"": ""202374""}]","{""level_map"": ""open-anki-jlpt-decks"", ""level_map_guid"": ""L8wVt#MfRS"", ""dictionary"": ""JMdict"", ""dictionary_entry_id"": ""1335640"", ""dictionary_lookup_aliases"": [], ""examples"": ""JMdict sense-linked Tatoeba examples""}"
n5-vocab-0555,N5,555,387,"{""genki_lesson"": null}","{""primary"": ""建物"", ""variants"": [""建物""], ""without_furigana"": ""建物"", ""with_furigana"": ""{建物}(たてもの)"", ""lookup_text"": ""建物""}","{""primary"": ""たてもの"", ""variants"": [""たてもの""], ""source_text"": ""たてもの""}","[""building""]","[{""code"": ""n"", ""label"": ""noun (common) (futsuumeishi)""}]",True,"[{""japanese_raw"": ""あそこの建物が燃えているに違いない。"", ""japanese_furigana"": ""<furigana>あそこの建物が燃えているに違いない。</furigana>"", ""english"": ""That building must be on fire."", ""source"": ""tatoeba"", ""source_id"": ""234386""}]","{""level_map"": ""open-anki-jlpt-decks"", ""level_map_guid"": ""mty2M&KETp"", ""dictionary"": ""JMdict"", ""dictionary_entry_id"": ""1257540"", ""dictionary_lookup_aliases"": [], ""examples"": ""JMdict sense-linked Tatoeba examples""}"
n5-vocab-0556,N5,556,390,"{""genki_lesson"": null}","{""primary"": ""たばこ"", ""variants"": [""たばこ""], ""without_furigana"": ""たばこ"", ""with_furigana"": ""たばこ"", ""lookup_text"": ""たばこ""}","{""primary"": ""たばこ"", ""variants"": [""たばこ""], ""source_text"": ""たばこ""}","[""tobacco"", ""cigarettes""]","[{""code"": ""n"", ""label"": ""noun (common) (futsuumeishi)""}]",True,[],"{""level_map"": ""open-anki-jlpt-decks"", ""level_map_guid"": ""y<?W4xcfCN"", ""dictionary"": ""JMdict"", ""dictionary_entry_id"": ""1597150"", ""dictionary_lookup_aliases"": [], ""examples"": ""JMdict sense-linked Tatoeba examples""}"
n5-vocab-0557,N5,557,393,"{""genki_lesson"": null}","{""primary"": ""食べる"", ""variants"": [""食べる""], ""without_furigana"": ""食べる"", ""with_furigana"": ""{食}(た)べる"", ""lookup_text"": ""食べる""}","{""primary"": ""たべる"", ""variants"": [""たべる""], ""source_text"": ""たべる""}","[""to eat""]","[{""code"": ""v1"", ""label"": ""Ichidan verb""}, {""code"": ""vt"", ""label"": ""transitive verb""}]",True,"[{""japanese_raw"": ""もっと果物を食べるべきです。"", ""japanese_furigana"": ""<furigana>もっと果物を食べるべきです。</furigana>"", ""english"": ""You should eat more fruit."", ""source"": ""tatoeba"", ""source_id"": ""193344""}, {""japanese_raw"": ""僕は脚本家で食べていく決心をした。"", ""japanese_furigana"": ""<furigana>僕は脚本家で食べていく決心をした。</furigana>"", ""english"": ""I am determined to make a living as a playwright."", ""source"": ""tatoeba"", ""source_id"": ""81964""}]","{""level_map"": ""open-anki-jlpt-decks"", ""level_map_guid"": ""c.+pIV(7xY"", ""dictionary"": ""JMdict"", ""dictionary_entry_id"": ""1358280"", ""dictionary_lookup_aliases"": [], ""examples"": ""JMdict sense-linked Tatoeba examples""}"
n5-vocab-0558,N5,558,394,"{""genki_lesson"": null}","{""primary"": ""卵"", ""variants"": [""卵""], ""without_furigana"": ""卵"", ""with_furigana"": ""{卵}(たまご)"", ""lookup_text"": ""卵""}","{""primary"": ""たまご"", ""variants"": [""たまご""], ""source_text"": ""たまご""}","[""egg""]","[{""code"": ""n"", ""label"": ""noun (common) (futsuumeishi)""}]",True,"[{""japanese_raw"": ""彼は医者の卵だ。"", ""japanese_furigana"": ""<furigana>彼は医者の卵だ。</furigana>"", ""english"": ""He's a future doctor."", ""source"": ""tatoeba"", ""source_id"": ""110043""}, {""japanese_raw"": ""卵は硬くゆでてください。"", ""japanese_furigana"": ""<furigana>卵は硬くゆでてください。</furigana>"", ""english"": ""Boil the eggs hard."", ""source"": ""tatoeba"", ""source_id"": ""78488""}]","{""level_map"": ""open-anki-jlpt-decks"", ""level_map_guid"": ""c|(S)f_).K"", ""dictionary"": ""JMdict"", ""dictionary_entry_id"": ""1549140"", ""dictionary_lookup_aliases"": [], ""examples"": ""JMdict sense-linked Tatoeba examples""}"
n5-vocab-0559,N5,559,396,"{""genki_lesson"": null}","{""primary"": ""誰か"", ""variants"": [""誰か""], ""without_furigana"": ""誰か"", ""with_furigana"": ""{誰}(だれ)か"", ""lookup_text"": ""誰か""}","{""primary"": ""だれか"", ""variants"": [""だれか""], ""source_text"": ""だれか""}","[""someone""]","[{""code"": ""pn"", ""label"": ""pronoun""}]",True,"[{""japanese_raw"": ""「誰か車の中にいるのですか」「トムがいます」"", ""japanese_furigana"": ""<furigana>「誰か車の中にいるのですか」「トムがいます」</furigana>"", ""english"": ""\""Who is in the car?\"" \""Tom is.\"""", ""source"": ""tatoeba"", ""source_id"": ""236233""}]","{""level_map"": ""open-anki-jlpt-decks"", ""level_map_guid"": ""K{JPl*mB/&"", ""dictionary"": ""JMdict"", ""dictionary_entry_id"": ""1416840"", ""dictionary_lookup_aliases"": [], ""examples"": ""JMdict sense-linked Tatoeba examples""}"
n5-vocab-0560,N5,560,398,"{""genki_lesson"": null}","{""primary"": ""段々"", ""variants"": [""段々""], ""without_furigana"": ""段々"", ""with_furigana"": ""{段々}(だんだん)"", ""lookup_text"": ""段々""}","{""primary"": ""だんだん"", ""variants"": [""だんだん""], ""source_text"": ""だんだん""}","[""gradually"", ""by degrees""]","[{""code"": ""adv"", ""label"": ""adverb (fukushi)""}, {""code"": ""adv-to"", ""label"": ""adverb taking the 'to' particle""}, {""code"": ""n"", ""label"": ""noun (common) (futsuumeishi)""}]",True,"[{""japanese_raw"": ""だんだん暖かくなります。"", ""japanese_furigana"": ""<furigana>だんだん暖かくなります。</furigana>"", ""english"": ""It will get warmer and warmer."", ""source"": ""tatoeba"", ""source_id"": ""203062""}]","{""level_map"": ""open-anki-jlpt-decks"", ""level_map_guid"": ""O8dRR}CL>"", ""dictionary"": ""JMdict"", ""dictionary_entry_id"": ""1597350"", ""dictionary_lookup_aliases"": [], ""examples"": ""JMdict sense-linked Tatoeba examples""}"
n5-vocab-0561,N5,561,400,"{""genki_lesson"": null}","{""primary"": ""小さな"", ""variants"": [""小さな""], ""without_furigana"": ""小さな"", ""with_furigana"": ""{小}(ちい)さな"", ""lookup_text"": ""小さな""}","{""primary"": ""ちいさな"", ""variants"": [""ちいさな""], ""source_text"": ""ちいさな""}","[""small"", ""little""]","[{""code"": ""adj-pn"", ""label"": ""pre-noun adjectival (rentaishi)""}]",True,"[{""japanese_raw"": ""その犬は小さな男の子に向かって唸った。"", ""japanese_furigana"": ""<furigana>その犬は小さな男の子に向かって唸った。</furigana>"", ""english"": ""The dog growled at a little boy."", ""source"": ""tatoeba"", ""source_id"": ""210970""}]","{""level_map"": ""open-anki-jlpt-decks"", ""level_map_guid"": ""lc*~Cd~D@4"", ""dictionary"": ""JMdict"", ""dictionary_entry_id"": ""2136180"", ""dictionary_lookup_aliases"": [], ""examples"": ""JMdict sense-linked Tatoeba examples""}"
n5-vocab-0562,N5,562,403,"{""genki_lesson"": null}","{""primary"": ""近く"", ""variants"": [""近く""], ""without_furigana"": ""近く"", ""with_furigana"": ""{近}(ちか)く"", ""lookup_text"": ""近く""}","{""primary"": ""ちかく"", ""variants"": [""ちかく""], ""source_text"": ""ちかく""}","[""nearby"", ""in the neighborhood""]","[{""code"": ""n"", ""label"": ""noun (common) (futsuumeishi)""}, {""code"": ""adj-no"", ""label"": ""nouns which may take the genitive case particle 'no'""}, {""code"": ""adv"", ""label"": ""adverb (fukushi)""}, {""code"": ""n-suf"", ""label"": ""noun, used as a suffix""}]",True,"[{""japanese_raw"": ""国会は近く解散するだろう。"", ""japanese_furigana"": ""<furigana>国会は近く解散するだろう。</furigana>"", ""english"": ""The Diet will soon be dissolved."", ""source"": ""tatoeba"", ""source_id"": ""173083""}, {""japanese_raw"": ""７時近くだ。学校へ行かなくては。"", ""japanese_furigana"": ""<furigana>７時近くだ。学校へ行かなくては。</furigana>"", ""english"": ""It is close to seven o'clock. We have to go to school."", ""source"": ""tatoeba"", ""source_id"": ""234967""}]","{""level_map"": ""open-anki-jlpt-decks"", ""level_map_guid"": ""y)Y*_^+)&<"", ""dictionary"": ""JMdict"", ""dictionary_entry_id"": ""1242160"", ""dictionary_lookup_aliases"": [], ""examples"": ""JMdict sense-linked Tatoeba examples""}"
n5-vocab-0563,N5,563,407,"{""genki_lesson"": null}","{""primary"": ""茶色"", ""variants"": [""茶色""], ""without_furigana"": ""茶色"", ""with_furigana"": ""{茶色}(ちゃいろ)"", ""lookup_text"": ""茶色""}","{""primary"": ""ちゃいろ"", ""variants"": [""ちゃいろ""], ""source_text"": ""ちゃいろ""}","[""brown""]","[{""code"": ""n"", ""label"": ""noun (common) (futsuumeishi)""}, {""code"": ""adj-no"", ""label"": ""nouns which may take the genitive case particle 'no'""}]",True,"[{""japanese_raw"": ""その犬は茶色で小さくて、やせています。"", ""japanese_furigana"": ""<furigana>その犬は茶色で小さくて、やせています。</furigana>"", ""english"": ""The dog is brown, small and thin."", ""source"": ""tatoeba"", ""source_id"": ""210959""}]","{""level_map"": ""open-anki-jlpt-decks"", ""level_map_guid"": ""h<Se0W>cwB"", ""dictionary"": ""JMdict"", ""dictionary_entry_id"": ""1422720"", ""dictionary_lookup_aliases"": [], ""examples"": ""JMdict sense-linked Tatoeba examples""}"
n5-vocab-0564,N5,564,408,"{""genki_lesson"": null}","{""primary"": ""茶碗"", ""variants"": [""茶碗""], ""without_furigana"": ""茶碗"", ""with_furigana"": ""{茶碗}(ちゃわん)"", ""lookup_text"": ""茶碗""}","{""primary"": ""ちゃわん"", ""variants"": [""ちゃわん""], ""source_text"": ""ちゃわん""}","[""rice bowl""]","[{""code"": ""n"", ""label"": ""noun (common) (futsuumeishi)""}]",True,"[{""japanese_raw"": ""彼は茶碗を床にたたきつけた。"", ""japanese_furigana"": ""<furigana>彼は茶碗を床にたたきつけた。</furigana>"", ""english"": ""He dashed the cup on the floor."", ""source"": ""tatoeba"", ""source_id"": ""102177""}]","{""level_map"": ""open-anki-jlpt-decks"", ""level_map_guid"": ""p6c8>jnMm!"", ""dictionary"": ""JMdict"", ""dictionary_entry_id"": ""1597530"", ""dictionary_lookup_aliases"": [], ""examples"": ""JMdict sense-linked Tatoeba examples""}"
n5-vocab-0565,N5,565,409,"{""genki_lesson"": null}","{""primary"": ""〜中"", ""variants"": [""〜中""], ""without_furigana"": ""〜中"", ""with_furigana"": ""〜{中}(ちゅう)"", ""lookup_text"": ""中""}","{""primary"": ""〜ちゅう"", ""variants"": [""〜ちゅう""], ""source_text"": ""～ちゅう""}","[""during"", ""while ~ing""]","[{""code"": ""n"", ""label"": ""noun (common) (futsuumeishi)""}, {""code"": ""suf"", ""label"": ""suffix""}]",True,"[{""japanese_raw"": ""隣の部屋では会議中です。"", ""japanese_furigana"": ""<furigana>隣の部屋では会議中です。</furigana>"", ""english"": ""There is a conference going on in the next room."", ""source"": ""tatoeba"", ""source_id"": ""77758""}, {""japanese_raw"": ""彼は旅行中に病気になった。"", ""japanese_furigana"": ""<furigana>彼は旅行中に病気になった。</furigana>"", ""english"": ""He got sick during the trip."", ""source"": ""tatoeba"", ""source_id"": ""98997""}]","{""level_map"": ""open-anki-jlpt-decks"", ""level_map_guid"": ""J]E)zcwU%w"", ""dictionary"": ""JMdict"", ""dictionary_entry_id"": ""1620400"", ""dictionary_lookup_aliases"": [], ""examples"": ""JMdict sense-linked Tatoeba examples""}"
n5-vocab-0566,N5,566,410,"{""genki_lesson"": null}","{""primary"": ""丁度"", ""variants"": [""丁度""], ""without_furigana"": ""丁度"", ""with_furigana"": ""{丁度}(ちょうど)"", ""lookup_text"": ""丁度""}","{""primary"": ""ちょうど"", ""variants"": [""ちょうど""], ""source_text"": ""ちょうど""}","[""just"", ""right"", ""exactly""]","[{""code"": ""adv"", ""label"": ""adverb (fukushi)""}]",True,"[{""japanese_raw"": ""私達はちょうど食事を終えた所です。"", ""japanese_furigana"": ""<furigana>私達はちょうど食事を終えた所です。</furigana>"", ""english"": ""We've just finished breakfast."", ""source"": ""tatoeba"", ""source_id"": ""151745""}]","{""level_map"": ""open-anki-jlpt-decks"", ""level_map_guid"": ""K@fxH}$AC8"", ""dictionary"": ""JMdict"", ""dictionary_entry_id"": ""1427340"", ""dictionary_lookup_aliases"": [], ""examples"": ""JMdict sense-linked Tatoeba examples""}"
n5-vocab-0567,N5,567,412,"{""genki_lesson"": null}","{""primary"": ""一日"", ""variants"": [""一日""], ""without_furigana"": ""一日"", ""with_furigana"": ""{一日}(ついたち)"", ""lookup_text"": ""一日""}","{""primary"": ""ついたち"", ""variants"": [""ついたち""], ""source_text"": ""ついたち""}","[""one day"", ""first day of the month""]","[{""code"": ""n"", ""label"": ""noun (common) (futsuumeishi)""}]",True,"[{""japanese_raw"": ""７月１日から仕事を始めます。"", ""japanese_furigana"": ""<furigana>７月１日から仕事を始めます。</furigana>"", ""english"": ""I will start working on July the first."", ""source"": ""tatoeba"", ""source_id"": ""235003""}]","{""level_map"": ""open-anki-jlpt-decks"", ""level_map_guid"": ""qK&D4iveg"", ""dictionary"": ""JMdict"", ""dictionary_entry_id"": ""2225040"", ""dictionary_lookup_aliases"": [], ""examples"": ""JMdict sense-linked Tatoeba examples""}"
n5-vocab-0568,N5,568,413,"{""genki_lesson"": null}","{""primary"": ""使う"", ""variants"": [""使う""], ""without_furigana"": ""使う"", ""with_furigana"": ""{使}(つか)う"", ""lookup_text"": ""使う""}","{""primary"": ""つかう"", ""variants"": [""つかう""], ""source_text"": ""つかう""}","[""to use""]","[{""code"": ""v5u"", ""label"": ""Godan verb with 'u' ending""}, {""code"": ""vt"", ""label"": ""transitive verb""}]",True,"[{""japanese_raw"": ""お湯を全部使わないで。"", ""japanese_furigana"": ""<furigana>お湯を全部使わないで。</furigana>"", ""english"": ""Don't use all the hot water."", ""source"": ""tatoeba"", ""source_id"": ""226793""}, {""japanese_raw"": ""「あなたの辞書を使ってもいいですか」「はい、どうぞ」"", ""japanese_furigana"": ""<furigana>「あなたの辞書を使ってもいいですか」「はい、どうぞ」</furigana>"", ""english"": ""\""Can I use your dictionary?\"" \""Yes, here you are.\"""", ""source"": ""tatoeba"", ""source_id"": ""237285""}]","{""level_map"": ""open-anki-jlpt-decks"", ""level_map_guid"": ""B(Ve/L8[z5"", ""dictionary"": ""JMdict"", ""dictionary_entry_id"": ""1305990"", ""dictionary_lookup_aliases"": [], ""examples"": ""JMdict sense-linked Tatoeba examples""}"
n5-vocab-0569,N5,569,416,"{""genki_lesson"": null}","{""primary"": ""着く"", ""variants"": [""着く""], ""without_furigana"": ""着く"", ""with_furigana"": ""{着}(つ)く"", ""lookup_text"": ""着く""}","{""primary"": ""つく"", ""variants"": [""つく""], ""source_text"": ""つく""}","[""to arrive at"", ""to reach""]","[{""code"": ""v5k"", ""label"": ""Godan verb with 'ku' ending""}, {""code"": ""vi"", ""label"": ""intransitive verb""}]",True,"[{""japanese_raw"": ""各自席につきなさい。"", ""japanese_furigana"": ""<furigana>各自席につきなさい。</furigana>"", ""english"": ""Go to your respective seats."", ""source"": ""tatoeba"", ""source_id"": ""184624""}, {""japanese_raw"": ""あなたがロンドンに着く頃には晩秋となっているだろう。"", ""japanese_furigana"": ""<furigana>あなたがロンドンに着く頃には晩秋となっているだろう。</furigana>"", ""english"": ""It will be late autumn when you get to London."", ""source"": ""tatoeba"", ""source_id"": ""234138""}]","{""level_map"": ""open-anki-jlpt-decks"", ""level_map_guid"": ""hc-pfPX>PQ"", ""dictionary"": ""JMdict"", ""dictionary_entry_id"": ""1422970"", ""dictionary_lookup_aliases"": [], ""examples"": ""JMdict sense-linked Tatoeba examples""}"
n5-vocab-0570,N5,570,419,"{""genki_lesson"": null}","{""primary"": ""つける"", ""variants"": [""つける""], ""without_furigana"": ""つける"", ""with_furigana"": ""つける"", ""lookup_text"": ""つける""}","{""primary"": ""つける"", ""variants"": [""つける""], ""source_text"": ""つける""}","[""to turn on (e.g."", ""a light)"", ""to take""]","[{""code"": ""v1"", ""label"": ""Ichidan verb""}, {""code"": ""vt"", ""label"": ""transitive verb""}]",True,"[{""japanese_raw"": ""彼はスプーンをスープの中につけた。"", ""japanese_furigana"": ""<furigana>彼はスプーンをスープの中につけた。</furigana>"", ""english"": ""He dipped his spoon into the soup."", ""source"": ""tatoeba"", ""source_id"": ""113349""}]","{""level_map"": ""open-anki-jlpt-decks"", ""level_map_guid"": ""o}z*=/A8o~"", ""dictionary"": ""JMdict"", ""dictionary_entry_id"": ""1433680"", ""dictionary_lookup_aliases"": [], ""examples"": ""JMdict sense-linked Tatoeba examples""}"
n5-vocab-0571,N5,571,420,"{""genki_lesson"": null}","{""primary"": ""勤める"", ""variants"": [""勤める""], ""without_furigana"": ""勤める"", ""with_furigana"": ""{勤}(つと)める"", ""lookup_text"": ""勤める""}","{""primary"": ""つとめる"", ""variants"": [""つとめる""], ""source_text"": ""つとめる""}","[""to work (for)""]","[{""code"": ""v1"", ""label"": ""Ichidan verb""}, {""code"": ""vt"", ""label"": ""transitive verb""}, {""code"": ""vi"", ""label"": ""intransitive verb""}]",True,"[{""japanese_raw"": ""彼は広告会社に勤めている。"", ""japanese_furigana"": ""<furigana>彼は広告会社に勤めている。</furigana>"", ""english"": ""He works for an advertising agency."", ""source"": ""tatoeba"", ""source_id"": ""107366""}, {""japanese_raw"": ""彼は１０年の刑期を務めた。"", ""japanese_furigana"": ""<furigana>彼は１０年の刑期を務めた。</furigana>"", ""english"": ""He served a ten-year prison term."", ""source"": ""tatoeba"", ""source_id"": ""115304""}]","{""level_map"": ""open-anki-jlpt-decks"", ""level_map_guid"": ""xKU$$gsQPF"", ""dictionary"": ""JMdict"", ""dictionary_entry_id"": ""1240825"", ""dictionary_lookup_aliases"": [], ""examples"": ""JMdict sense-linked Tatoeba examples""}"
n5-vocab-0572,N5,572,424,"{""genki_lesson"": null}","{""primary"": ""手"", ""variants"": [""手""], ""without_furigana"": ""手"", ""with_furigana"": ""{手}(て)"", ""lookup_text"": ""手""}","{""primary"": ""て"", ""variants"": [""て""], ""source_text"": ""て""}","[""hand""]","[{""code"": ""n"", ""label"": ""noun (common) (futsuumeishi)""}, {""code"": ""n-suf"", ""label"": ""noun, used as a suffix""}, {""code"": ""ctr"", ""label"": ""counter""}]",True,"[{""japanese_raw"": ""いい手が配られた。"", ""japanese_furigana"": ""<furigana>いい手が配られた。</furigana>"", ""english"": ""I was dealt a good hand."", ""source"": ""tatoeba"", ""source_id"": ""229352""}, {""japanese_raw"": ""いい手を思いついた。"", ""japanese_furigana"": ""<furigana>いい手を思いついた。</furigana>"", ""english"": ""I hit upon a good idea."", ""source"": ""tatoeba"", ""source_id"": ""229349""}]","{""level_map"": ""open-anki-jlpt-decks"", ""level_map_guid"": ""CAHcCP96BY"", ""dictionary"": ""JMdict"", ""dictionary_entry_id"": ""1327190"", ""dictionary_lookup_aliases"": [], ""examples"": ""JMdict sense-linked Tatoeba examples""}"
n5-vocab-0573,N5,573,427,"{""genki_lesson"": null}","{""primary"": ""テーブル"", ""variants"": [""テーブル""], ""without_furigana"": ""テーブル"", ""with_furigana"": ""テーブル"", ""lookup_text"": ""テーブル""}","{""primary"": ""テーブル"", ""variants"": [""テーブル""], ""source_text"": ""テーブル""}","[""table""]","[{""code"": ""n"", ""label"": ""noun (common) (futsuumeishi)""}]",True,"[{""japanese_raw"": ""このテーブルを頼んだのではない。"", ""japanese_furigana"": ""<furigana>このテーブルを頼んだのではない。</furigana>"", ""english"": ""I didn't ask for a table here."", ""source"": ""tatoeba"", ""source_id"": ""223523""}]","{""level_map"": ""open-anki-jlpt-decks"", ""level_map_guid"": ""n-.M5OZr5!"", ""dictionary"": ""JMdict"", ""dictionary_entry_id"": ""1078630"", ""dictionary_lookup_aliases"": [], ""examples"": ""JMdict sense-linked Tatoeba examples""}"
n5-vocab-0574,N5,574,430,"{""genki_lesson"": null}","{""primary"": ""できる"", ""variants"": [""できる""], ""without_furigana"": ""できる"", ""with_furigana"": ""できる"", ""lookup_text"": ""できる""}","{""primary"": ""できる"", ""variants"": [""できる""], ""source_text"": ""できる""}","[""to be able to (to accomplish)""]","[{""code"": ""v1"", ""label"": ""Ichidan verb""}, {""code"": ""vi"", ""label"": ""intransitive verb""}]",True,"[{""japanese_raw"": ""トイレお借りできますか。"", ""japanese_furigana"": ""<furigana>トイレお借りできますか。</furigana>"", ""english"": ""May I use your toilet?"", ""source"": ""tatoeba"", ""source_id"": ""201738""}, {""japanese_raw"": ""オレンジは暖かい国で出来る。"", ""japanese_furigana"": ""<furigana>オレンジは暖かい国で出来る。</furigana>"", ""english"": ""Oranges grow in warm countries."", ""source"": ""tatoeba"", ""source_id"": ""227425""}]","{""level_map"": ""open-anki-jlpt-decks"", ""level_map_guid"": ""vB~NGv+*>H"", ""dictionary"": ""JMdict"", ""dictionary_entry_id"": ""1340450"", ""dictionary_lookup_aliases"": [], ""examples"": ""JMdict sense-linked Tatoeba examples""}"
n5-vocab-0575,N5,575,431,"{""genki_lesson"": null}","{""primary"": ""出口"", ""variants"": [""出口""], ""without_furigana"": ""出口"", ""with_furigana"": ""{出口}(でぐち)"", ""lookup_text"": ""出口""}","{""primary"": ""でぐち"", ""variants"": [""でぐち""], ""source_text"": ""でぐち""}","[""an exit""]","[{""code"": ""n"", ""label"": ""noun (common) (futsuumeishi)""}]",True,"[{""japanese_raw"": ""B2出口から地上に出てください。"", ""japanese_furigana"": ""<furigana>B2出口から地上に出てください。</furigana>"", ""english"": ""Go up to ground level at exit B2."", ""source"": ""tatoeba"", ""source_id"": ""234867""}]","{""level_map"": ""open-anki-jlpt-decks"", ""level_map_guid"": ""sv__368x5>"", ""dictionary"": ""JMdict"", ""dictionary_entry_id"": ""1338850"", ""dictionary_lookup_aliases"": [], ""examples"": ""JMdict sense-linked Tatoeba examples""}"
n5-vocab-0576,N5,576,433,"{""genki_lesson"": null}","{""primary"": ""では"", ""variants"": [""では""], ""without_furigana"": ""では"", ""with_furigana"": ""では"", ""lookup_text"": ""では""}","{""primary"": ""では"", ""variants"": [""では""], ""source_text"": ""では""}","[""then"", ""well"", ""so""]","[{""code"": ""conj"", ""label"": ""conjunction""}, {""code"": ""int"", ""label"": ""interjection (kandoushi)""}, {""code"": ""exp"", ""label"": ""expressions (phrases, clauses, etc.)""}]",True,"[{""japanese_raw"": ""では今晩またね、さようなら。"", ""japanese_furigana"": ""<furigana>では今晩またね、さようなら。</furigana>"", ""english"": ""See you tonight, then. Cheers!"", ""source"": ""tatoeba"", ""source_id"": ""202137""}, {""japanese_raw"": ""選挙では、保守派と革新派がせめぎ合った。"", ""japanese_furigana"": ""<furigana>選挙では、保守派と革新派がせめぎ合った。</furigana>"", ""english"": ""In the election, conservatives and progressives were fighting each other."", ""source"": ""tatoeba"", ""source_id"": ""12179686""}]","{""level_map"": ""open-anki-jlpt-decks"", ""level_map_guid"": ""NY{|SsdlKz"", ""dictionary"": ""JMdict"", ""dictionary_entry_id"": ""1008450"", ""dictionary_lookup_aliases"": [], ""examples"": ""JMdict sense-linked Tatoeba examples""}"
n5-vocab-0577,N5,577,435,"{""genki_lesson"": null}","{""primary"": ""でも"", ""variants"": [""でも""], ""without_furigana"": ""でも"", ""with_furigana"": ""でも"", ""lookup_text"": ""でも""}","{""primary"": ""でも"", ""variants"": [""でも""], ""source_text"": ""でも""}","[""but"", ""however""]","[{""code"": ""conj"", ""label"": ""conjunction""}, {""code"": ""prt"", ""label"": ""particle""}, {""code"": ""pref"", ""label"": ""prefix""}]",True,"[{""japanese_raw"": ""あの男がもう１つでも間違いを犯したらクビにする。"", ""japanese_furigana"": ""<furigana>あの男がもう１つでも間違いを犯したらクビにする。</furigana>"", ""english"": ""If that man makes one more mistake, I'll fire him."", ""source"": ""tatoeba"", ""source_id"": ""230624""}, {""japanese_raw"": ""あなたはまるで幽霊でも見たような顔つきをしている。"", ""japanese_furigana"": ""<furigana>あなたはまるで幽霊でも見たような顔つきをしている。</furigana>"", ""english"": ""You look as if you had seen a ghost."", ""source"": ""tatoeba"", ""source_id"": ""232389""}]","{""level_map"": ""open-anki-jlpt-decks"", ""level_map_guid"": ""izQ~3T7Pp}"", ""dictionary"": ""JMdict"", ""dictionary_entry_id"": ""1008460"", ""dictionary_lookup_aliases"": [], ""examples"": ""JMdict sense-linked Tatoeba examples""}"
n5-vocab-0578,N5,578,436,"{""genki_lesson"": null}","{""primary"": ""出る"", ""variants"": [""出る""], ""without_furigana"": ""出る"", ""with_furigana"": ""{出}(で)る"", ""lookup_text"": ""出る""}","{""primary"": ""でる"", ""variants"": [""でる""], ""source_text"": ""でる""}","[""to appear"", ""to leave""]","[{""code"": ""v1"", ""label"": ""Ichidan verb""}, {""code"": ""vi"", ""label"": ""intransitive verb""}]",True,"[{""japanese_raw"": ""私の家におばけが出たのは本当だ。"", ""japanese_furigana"": ""<furigana>私の家におばけが出たのは本当だ。</furigana>"", ""english"": ""It's true that a ghost appeared at my house."", ""source"": ""tatoeba"", ""source_id"": ""164025""}, {""japanese_raw"": ""電話には出なかったからメールしておきました。"", ""japanese_furigana"": ""<furigana>電話には出なかったからメールしておきました。</furigana>"", ""english"": ""He didn't answer the phone, so I left him an email."", ""source"": ""tatoeba"", ""source_id"": ""449040""}]","{""level_map"": ""open-anki-jlpt-decks"", ""level_map_guid"": ""A23ctPX1n^"", ""dictionary"": ""JMdict"", ""dictionary_entry_id"": ""1338240"", ""dictionary_lookup_aliases"": [], ""examples"": ""JMdict sense-linked Tatoeba examples""}"
n5-vocab-0579,N5,579,442,"{""genki_lesson"": null}","{""primary"": ""戸"", ""variants"": [""戸""], ""without_furigana"": ""戸"", ""with_furigana"": ""{戸}(と)"", ""lookup_text"": ""戸""}","{""primary"": ""と"", ""variants"": [""と""], ""source_text"": ""と""}","[""door (Japanese style)""]","[{""code"": ""n"", ""label"": ""noun (common) (futsuumeishi)""}]",True,"[{""japanese_raw"": ""誰かが戸をやかましくノックしている。"", ""japanese_furigana"": ""<furigana>誰かが戸をやかましくノックしている。</furigana>"", ""english"": ""Someone is knocking loudly at the door."", ""source"": ""tatoeba"", ""source_id"": ""137092""}]","{""level_map"": ""open-anki-jlpt-decks"", ""level_map_guid"": ""o.K?EMap~;"", ""dictionary"": ""JMdict"", ""dictionary_entry_id"": ""1266970"", ""dictionary_lookup_aliases"": [], ""examples"": ""JMdict sense-linked Tatoeba examples""}"
n5-vocab-0580,N5,580,443,"{""genki_lesson"": null}","{""primary"": ""〜度"", ""variants"": [""〜度""], ""without_furigana"": ""〜度"", ""with_furigana"": ""〜{度}(ど)"", ""lookup_text"": ""度""}","{""primary"": ""〜ど"", ""variants"": [""〜ど""], ""source_text"": ""～ど""}","[""counter for occurrences"", ""~ degree"", ""~ point""]","[{""code"": ""n"", ""label"": ""noun (common) (futsuumeishi)""}, {""code"": ""n-suf"", ""label"": ""noun, used as a suffix""}, {""code"": ""ctr"", ""label"": ""counter""}]",True,"[{""japanese_raw"": ""水は摂氏０度で凍る。"", ""japanese_furigana"": ""<furigana>水は摂氏０度で凍る。</furigana>"", ""english"": ""Water freezes at 0 degrees Centigrade."", ""source"": ""tatoeba"", ""source_id"": ""143743""}, {""japanese_raw"": ""彼女は２度のフライングで失格した。"", ""japanese_furigana"": ""<furigana>彼女は２度のフライングで失格した。</furigana>"", ""english"": ""She was disqualified from the race for two false starts."", ""source"": ""tatoeba"", ""source_id"": ""93564""}]","{""level_map"": ""open-anki-jlpt-decks"", ""level_map_guid"": ""K9|0UgYaJ_"", ""dictionary"": ""JMdict"", ""dictionary_entry_id"": ""1445160"", ""dictionary_lookup_aliases"": [], ""examples"": ""JMdict sense-linked Tatoeba examples""}"
n5-vocab-0581,N5,581,444,"{""genki_lesson"": null}","{""primary"": ""ドア"", ""variants"": [""ドア""], ""without_furigana"": ""ドア"", ""with_furigana"": ""ドア"", ""lookup_text"": ""ドア""}","{""primary"": ""ドア"", ""variants"": [""ドア""], ""source_text"": ""ドア""}","[""door (Western style)""]","[{""code"": ""n"", ""label"": ""noun (common) (futsuumeishi)""}]",True,"[{""japanese_raw"": ""このドアは書斎に通じている。"", ""japanese_furigana"": ""<furigana>このドアは書斎に通じている。</furigana>"", ""english"": ""This door leads to the study."", ""source"": ""tatoeba"", ""source_id"": ""223480""}]","{""level_map"": ""open-anki-jlpt-decks"", ""level_map_guid"": ""l[rk}4@PVD"", ""dictionary"": ""JMdict"", ""dictionary_entry_id"": ""1087820"", ""dictionary_lookup_aliases"": [], ""examples"": ""JMdict sense-linked Tatoeba examples""}"
n5-vocab-0582,N5,582,445,"{""genki_lesson"": null}","{""primary"": ""トイレ"", ""variants"": [""トイレ""], ""without_furigana"": ""トイレ"", ""with_furigana"": ""トイレ"", ""lookup_text"": ""トイレ""}","{""primary"": ""トイレ"", ""variants"": [""トイレ""], ""source_text"": ""トイレ""}","[""bathroom"", ""toilet""]","[{""code"": ""n"", ""label"": ""noun (common) (futsuumeishi)""}]",True,"[{""japanese_raw"": ""トイレの水が止まりません。"", ""japanese_furigana"": ""<furigana>トイレの水が止まりません。</furigana>"", ""english"": ""The toilet won't stop running."", ""source"": ""tatoeba"", ""source_id"": ""201731""}]","{""level_map"": ""open-anki-jlpt-decks"", ""level_map_guid"": ""hv_ThfFsjj"", ""dictionary"": ""JMdict"", ""dictionary_entry_id"": ""1084810"", ""dictionary_lookup_aliases"": [], ""examples"": ""JMdict sense-linked Tatoeba examples""}"
n5-vocab-0583,N5,583,446,"{""genki_lesson"": null}","{""primary"": ""どう"", ""variants"": [""どう""], ""without_furigana"": ""どう"", ""with_furigana"": ""どう"", ""lookup_text"": ""どう""}","{""primary"": ""どう"", ""variants"": [""どう""], ""source_text"": ""どう""}","[""how"", ""in what way""]","[{""code"": ""adv"", ""label"": ""adverb (fukushi)""}]",True,"[{""japanese_raw"": ""あなたはあの車をどう処理したのですか？"", ""japanese_furigana"": ""<furigana>あなたはあの車をどう処理したのですか？</furigana>"", ""english"": ""What did you do with that car?"", ""source"": ""tatoeba"", ""source_id"": ""232868""}]","{""level_map"": ""open-anki-jlpt-decks"", ""level_map_guid"": ""FZt/a?Mnu^"", ""dictionary"": ""JMdict"", ""dictionary_entry_id"": ""1008910"", ""dictionary_lookup_aliases"": [], ""examples"": ""JMdict sense-linked Tatoeba examples""}"
n5-vocab-0584,N5,584,448,"{""genki_lesson"": null}","{""primary"": ""どうぞ"", ""variants"": [""どうぞ""], ""without_furigana"": ""どうぞ"", ""with_furigana"": ""どうぞ"", ""lookup_text"": ""どうぞ""}","{""primary"": ""どうぞ"", ""variants"": [""どうぞ""], ""source_text"": ""どうぞ""}","[""please"", ""kindly"", ""by all means""]","[{""code"": ""adv"", ""label"": ""adverb (fukushi)""}, {""code"": ""vs"", ""label"": ""noun or participle which takes the aux. verb suru""}]",True,"[{""japanese_raw"": ""写真をどうぞ見せて下さい。"", ""japanese_furigana"": ""<furigana>写真をどうぞ見せて下さい。</furigana>"", ""english"": ""Please show me your picture."", ""source"": ""tatoeba"", ""source_id"": ""149251""}, {""japanese_raw"": ""「塩を取って下さい」「はい、どうぞ」"", ""japanese_furigana"": ""<furigana>「塩を取って下さい」「はい、どうぞ」</furigana>"", ""english"": ""\""Pass me the salt, please.\"" \""Here you are.\"""", ""source"": ""tatoeba"", ""source_id"": ""5076""}]","{""level_map"": ""open-anki-jlpt-decks"", ""level_map_guid"": ""CXiSJodxs@"", ""dictionary"": ""JMdict"", ""dictionary_entry_id"": ""1189130"", ""dictionary_lookup_aliases"": [], ""examples"": ""JMdict sense-linked Tatoeba examples""}"
n5-vocab-0585,N5,585,449,"{""genki_lesson"": null}","{""primary"": ""動物"", ""variants"": [""動物""], ""without_furigana"": ""動物"", ""with_furigana"": ""{動物}(どうぶつ)"", ""lookup_text"": ""動物""}","{""primary"": ""どうぶつ"", ""variants"": [""どうぶつ""], ""source_text"": ""どうぶつ""}","[""animal""]","[{""code"": ""n"", ""label"": ""noun (common) (futsuumeishi)""}]",True,"[{""japanese_raw"": ""私はその動物の名前を知っている。"", ""japanese_furigana"": ""<furigana>私はその動物の名前を知っている。</furigana>"", ""english"": ""I know the name of this animal."", ""source"": ""tatoeba"", ""source_id"": ""159921""}]","{""level_map"": ""open-anki-jlpt-decks"", ""level_map_guid"": ""Q~mPY;2upw"", ""dictionary"": ""JMdict"", ""dictionary_entry_id"": ""1451470"", ""dictionary_lookup_aliases"": [], ""examples"": ""JMdict sense-linked Tatoeba examples""}"
n5-vocab-0586,N5,586,454,"{""genki_lesson"": null}","{""primary"": ""〜時"", ""variants"": [""〜時""], ""without_furigana"": ""〜時"", ""with_furigana"": ""〜{時}(とき)"", ""lookup_text"": ""時""}","{""primary"": ""〜とき"", ""variants"": [""〜とき""], ""source_text"": ""～とき""}","[""at the time of ~""]","[{""code"": ""n"", ""label"": ""noun (common) (futsuumeishi)""}, {""code"": ""adv"", ""label"": ""adverb (fukushi)""}]",True,"[{""japanese_raw"": ""１２才の時彼は声変わりした。"", ""japanese_furigana"": ""<furigana>１２才の時彼は声変わりした。</furigana>"", ""english"": ""His voice broke when he was twelve."", ""source"": ""tatoeba"", ""source_id"": ""235958""}, {""japanese_raw"": ""車を運転する時はいくら注意してもしすぎることはない。"", ""japanese_furigana"": ""<furigana>車を運転する時はいくら注意してもしすぎることはない。</furigana>"", ""english"": ""You cannot be too careful when you drive a car."", ""source"": ""tatoeba"", ""source_id"": ""148966""}]","{""level_map"": ""open-anki-jlpt-decks"", ""level_map_guid"": ""bGLp[lZC.;"", ""dictionary"": ""JMdict"", ""dictionary_entry_id"": ""1315840"", ""dictionary_lookup_aliases"": [], ""examples"": ""JMdict sense-linked Tatoeba examples""}"
n5-vocab-0587,N5,587,459,"{""genki_lesson"": null}","{""primary"": ""年"", ""variants"": [""年""], ""without_furigana"": ""年"", ""with_furigana"": ""{年}(とし)"", ""lookup_text"": ""年""}","{""primary"": ""とし"", ""variants"": [""とし""], ""source_text"": ""とし""}","[""year"", ""age""]","[{""code"": ""n"", ""label"": ""noun (common) (futsuumeishi)""}]",True,"[{""japanese_raw"": ""一月は年の一番目の月です。"", ""japanese_furigana"": ""<furigana>一月は年の一番目の月です。</furigana>"", ""english"": ""January is the first month of the year."", ""source"": ""tatoeba"", ""source_id"": ""190663""}, {""japanese_raw"": ""お年をお聞きしてよろしいでしょうか。"", ""japanese_furigana"": ""<furigana>お年をお聞きしてよろしいでしょうか。</furigana>"", ""english"": ""Might I ask your age?"", ""source"": ""tatoeba"", ""source_id"": ""226785""}]","{""level_map"": ""open-anki-jlpt-decks"", ""level_map_guid"": ""N=hcG9wG3;"", ""dictionary"": ""JMdict"", ""dictionary_entry_id"": ""1468060"", ""dictionary_lookup_aliases"": [], ""examples"": ""JMdict sense-linked Tatoeba examples""}"
n5-vocab-0588,N5,588,464,"{""genki_lesson"": null}","{""primary"": ""どなた"", ""variants"": [""どなた""], ""without_furigana"": ""どなた"", ""with_furigana"": ""どなた"", ""lookup_text"": ""どなた""}","{""primary"": ""どなた"", ""variants"": [""どなた""], ""source_text"": ""どなた""}","[""who""]","[{""code"": ""pn"", ""label"": ""pronoun""}]",True,"[{""japanese_raw"": ""「どなたですか」「お母さんよ」"", ""japanese_furigana"": ""<furigana>「どなたですか」「お母さんよ」</furigana>"", ""english"": ""\""Who is it?\"" \""It's your mother.\"""", ""source"": ""tatoeba"", ""source_id"": ""4914""}]","{""level_map"": ""open-anki-jlpt-decks"", ""level_map_guid"": ""Ll)TbcW$yb"", ""dictionary"": ""JMdict"", ""dictionary_entry_id"": ""1189370"", ""dictionary_lookup_aliases"": [], ""examples"": ""JMdict sense-linked Tatoeba examples""}"
n5-vocab-0589,N5,589,465,"{""genki_lesson"": null}","{""primary"": ""隣"", ""variants"": [""隣""], ""without_furigana"": ""隣"", ""with_furigana"": ""{隣}(となり)"", ""lookup_text"": ""隣""}","{""primary"": ""となり"", ""variants"": [""となり""], ""source_text"": ""となり""}","[""next to"", ""next door to""]","[{""code"": ""adj-no"", ""label"": ""nouns which may take the genitive case particle 'no'""}, {""code"": ""n"", ""label"": ""noun (common) (futsuumeishi)""}]",True,"[{""japanese_raw"": ""ジョーダンさんは彼の隣に座った。"", ""japanese_furigana"": ""<furigana>ジョーダンさんは彼の隣に座った。</furigana>"", ""english"": ""Mr Jordan sat down beside him."", ""source"": ""tatoeba"", ""source_id"": ""215623""}]","{""level_map"": ""open-anki-jlpt-decks"", ""level_map_guid"": ""GigT2yQ[2E"", ""dictionary"": ""JMdict"", ""dictionary_entry_id"": ""1555830"", ""dictionary_lookup_aliases"": [], ""examples"": ""JMdict sense-linked Tatoeba examples""}"
n5-vocab-0590,N5,590,466,"{""genki_lesson"": null}","{""primary"": ""どの"", ""variants"": [""どの""], ""without_furigana"": ""どの"", ""with_furigana"": ""どの"", ""lookup_text"": ""どの""}","{""primary"": ""どの"", ""variants"": [""どの""], ""source_text"": ""どの""}","[""which""]","[{""code"": ""suf"", ""label"": ""suffix""}]",True,[],"{""level_map"": ""open-anki-jlpt-decks"", ""level_map_guid"": ""H+g1ci<Mvc"", ""dictionary"": ""JMdict"", ""dictionary_entry_id"": ""1442500"", ""dictionary_lookup_aliases"": [], ""examples"": ""JMdict sense-linked Tatoeba examples""}"
n5-vocab-0591,N5,591,467,"{""genki_lesson"": null}","{""primary"": ""飛ぶ"", ""variants"": [""飛ぶ""], ""without_furigana"": ""飛ぶ"", ""with_furigana"": ""{飛}(と)ぶ"", ""lookup_text"": ""飛ぶ""}","{""primary"": ""とぶ"", ""variants"": [""とぶ""], ""source_text"": ""とぶ""}","[""to fly"", ""to hop""]","[{""code"": ""v5b"", ""label"": ""Godan verb with 'bu' ending""}, {""code"": ""vi"", ""label"": ""intransitive verb""}]",True,"[{""japanese_raw"": ""ヒューズが飛んだ。"", ""japanese_furigana"": ""<furigana>ヒューズが飛んだ。</furigana>"", ""english"": ""A fuse has blown."", ""source"": ""tatoeba"", ""source_id"": ""197450""}, {""japanese_raw"": ""飛行機は山の上を飛んだ。"", ""japanese_furigana"": ""<furigana>飛行機は山の上を飛んだ。</furigana>"", ""english"": ""The plane flew over the mountain."", ""source"": ""tatoeba"", ""source_id"": ""85643""}]","{""level_map"": ""open-anki-jlpt-decks"", ""level_map_guid"": ""wLF5gUV](>"", ""dictionary"": ""JMdict"", ""dictionary_entry_id"": ""1429700"", ""dictionary_lookup_aliases"": [], ""examples"": ""JMdict sense-linked Tatoeba examples""}"
n5-vocab-0592,N5,592,468,"{""genki_lesson"": null}","{""primary"": ""止まる"", ""variants"": [""止まる""], ""without_furigana"": ""止まる"", ""with_furigana"": ""{止}(と)まる"", ""lookup_text"": ""止まる""}","{""primary"": ""とまる"", ""variants"": [""とまる""], ""source_text"": ""とまる""}","[""to come to a halt""]","[{""code"": ""v5r"", ""label"": ""Godan verb with 'ru' ending""}, {""code"": ""vi"", ""label"": ""intransitive verb""}]",True,"[{""japanese_raw"": ""あの木の枝に数羽の鳥がとまっている。"", ""japanese_furigana"": ""<furigana>あの木の枝に数羽の鳥がとまっている。</furigana>"", ""english"": ""Some birds are sitting on the branch of that tree."", ""source"": ""tatoeba"", ""source_id"": ""230433""}, {""japanese_raw"": ""そして、電車はキーッという音を立てて止まった。"", ""japanese_furigana"": ""<furigana>そして、電車はキーッという音を立てて止まった。</furigana>"", ""english"": ""Then, the train screeched to a halt."", ""source"": ""tatoeba"", ""source_id"": ""213534""}]","{""level_map"": ""open-anki-jlpt-decks"", ""level_map_guid"": ""Q+OrrzleWd"", ""dictionary"": ""JMdict"", ""dictionary_entry_id"": ""1310620"", ""dictionary_lookup_aliases"": [], ""examples"": ""JMdict sense-linked Tatoeba examples""}"
n5-vocab-0593,N5,593,471,"{""genki_lesson"": null}","{""primary"": ""鳥"", ""variants"": [""鳥""], ""without_furigana"": ""鳥"", ""with_furigana"": ""{鳥}(とり)"", ""lookup_text"": ""鳥""}","{""primary"": ""とり"", ""variants"": [""とり""], ""source_text"": ""とり""}","[""chicken (lit."", ""bird)""]","[{""code"": ""n"", ""label"": ""noun (common) (futsuumeishi)""}]",True,"[{""japanese_raw"": ""鳥は料理人がほどよく焼いた。"", ""japanese_furigana"": ""<furigana>鳥は料理人がほどよく焼いた。</furigana>"", ""english"": ""The fowls were well roasted by the cook."", ""source"": ""tatoeba"", ""source_id"": ""125770""}, {""japanese_raw"": ""彼は森の中を歩いた。頭上では鳥が楽しくさえずっていた。"", ""japanese_furigana"": ""<furigana>彼は森の中を歩いた。頭上では鳥が楽しくさえずっていた。</furigana>"", ""english"": ""He walked in the forest, with birds singing cheerfully above his head."", ""source"": ""tatoeba"", ""source_id"": ""103739""}]","{""level_map"": ""open-anki-jlpt-decks"", ""level_map_guid"": ""lc>;F##&%m"", ""dictionary"": ""JMdict"", ""dictionary_entry_id"": ""1430250"", ""dictionary_lookup_aliases"": [], ""examples"": ""JMdict sense-linked Tatoeba examples""}"
n5-vocab-0594,N5,594,472,"{""genki_lesson"": null}","{""primary"": ""鶏肉"", ""variants"": [""鶏肉""], ""without_furigana"": ""鶏肉"", ""with_furigana"": ""{鶏肉}(とりにく)"", ""lookup_text"": ""鶏肉""}","{""primary"": ""とりにく"", ""variants"": [""とりにく""], ""source_text"": ""とりにく""}","[""chicken meat""]","[{""code"": ""n"", ""label"": ""noun (common) (futsuumeishi)""}]",True,"[{""japanese_raw"": ""鶏肉を３ポンド分ください。"", ""japanese_furigana"": ""<furigana>鶏肉を３ポンド分ください。</furigana>"", ""english"": ""I'd like three pounds of chicken."", ""source"": ""tatoeba"", ""source_id"": ""125767""}, {""japanese_raw"": ""この鶏肉はよく揚げられている。"", ""japanese_furigana"": ""<furigana>この鶏肉はよく揚げられている。</furigana>"", ""english"": ""This chicken is fried well."", ""source"": ""tatoeba"", ""source_id"": ""222186""}]","{""level_map"": ""open-anki-jlpt-decks"", ""level_map_guid"": ""dL<c9&FvJF"", ""dictionary"": ""JMdict"", ""dictionary_entry_id"": ""1253020"", ""dictionary_lookup_aliases"": [], ""examples"": ""JMdict sense-linked Tatoeba examples""}"
n5-vocab-0595,N5,595,474,"{""genki_lesson"": null}","{""primary"": ""撮る"", ""variants"": [""撮る""], ""without_furigana"": ""撮る"", ""with_furigana"": ""{撮}(と)る"", ""lookup_text"": ""撮る""}","{""primary"": ""とる"", ""variants"": [""とる""], ""source_text"": ""とる""}","[""to take (a photo)"", ""to make (a film)""]","[{""code"": ""v5r"", ""label"": ""Godan verb with 'ru' ending""}, {""code"": ""vt"", ""label"": ""transitive verb""}]",True,"[{""japanese_raw"": ""これは私の妹を撮った写真です。"", ""japanese_furigana"": ""<furigana>これは私の妹を撮った写真です。</furigana>"", ""english"": ""This is a picture of my sister."", ""source"": ""tatoeba"", ""source_id"": ""218296""}, {""japanese_raw"": ""この番組、ビデオに録っておいて。"", ""japanese_furigana"": ""<furigana>この番組、ビデオに録っておいて。</furigana>"", ""english"": ""Will you record this program on video for me?"", ""source"": ""tatoeba"", ""source_id"": ""220153""}]","{""level_map"": ""open-anki-jlpt-decks"", ""level_map_guid"": ""w7O/i=vkEI"", ""dictionary"": ""JMdict"", ""dictionary_entry_id"": ""1298790"", ""dictionary_lookup_aliases"": [], ""examples"": ""JMdict sense-linked Tatoeba examples""}"
n5-vocab-0596,N5,596,476,"{""genki_lesson"": null}","{""primary"": ""どんな"", ""variants"": [""どんな""], ""without_furigana"": ""どんな"", ""with_furigana"": ""どんな"", ""lookup_text"": ""どんな""}","{""primary"": ""どんな"", ""variants"": [""どんな""], ""source_text"": ""どんな""}","[""what"", ""what kind of""]","[{""code"": ""adj-pn"", ""label"": ""pre-noun adjectival (rentaishi)""}]",True,"[{""japanese_raw"": ""どんな所がお好きですか。"", ""japanese_furigana"": ""<furigana>どんな所がお好きですか。</furigana>"", ""english"": ""What kind of places do you like?"", ""source"": ""tatoeba"", ""source_id"": ""199407""}, {""japanese_raw"": ""私はどんな戦争にも反対だ。"", ""japanese_furigana"": ""<furigana>私はどんな戦争にも反対だ。</furigana>"", ""english"": ""I'm opposed to any type of war."", ""source"": ""tatoeba"", ""source_id"": ""159217""}]","{""level_map"": ""open-anki-jlpt-decks"", ""level_map_guid"": ""PZ~[>!hd8m"", ""dictionary"": ""JMdict"", ""dictionary_entry_id"": ""1009330"", ""dictionary_lookup_aliases"": [], ""examples"": ""JMdict sense-linked Tatoeba examples""}"
n5-vocab-0597,N5,597,477,"{""genki_lesson"": null}","{""primary"": ""ない"", ""variants"": [""ない""], ""without_furigana"": ""ない"", ""with_furigana"": ""ない"", ""lookup_text"": ""ない""}","{""primary"": ""ない"", ""variants"": [""ない""], ""source_text"": ""ない""}","[""there isn't"", ""doesn't have""]","[{""code"": ""adj-i"", ""label"": ""adjective (keiyoushi)""}, {""code"": ""aux-adj"", ""label"": ""auxiliary adjective""}]",True,"[{""japanese_raw"": ""引退するつもりは毛頭ない。"", ""japanese_furigana"": ""<furigana>引退するつもりは毛頭ない。</furigana>"", ""english"": ""I have no intention whatever of resigning."", ""source"": ""tatoeba"", ""source_id"": ""81997""}, {""japanese_raw"": ""２つの意見に大した差はない。"", ""japanese_furigana"": ""<furigana>２つの意見に大した差はない。</furigana>"", ""english"": ""There is not much difference between the two opinions."", ""source"": ""tatoeba"", ""source_id"": ""235545""}]","{""level_map"": ""open-anki-jlpt-decks"", ""level_map_guid"": ""I08@<2+DPk"", ""dictionary"": ""JMdict"", ""dictionary_entry_id"": ""1529520"", ""dictionary_lookup_aliases"": [], ""examples"": ""JMdict sense-linked Tatoeba examples""}"
n5-vocab-0598,N5,598,478,"{""genki_lesson"": null}","{""primary"": ""ナイフ"", ""variants"": [""ナイフ""], ""without_furigana"": ""ナイフ"", ""with_furigana"": ""ナイフ"", ""lookup_text"": ""ナイフ""}","{""primary"": ""ナイフ"", ""variants"": [""ナイフ""], ""source_text"": ""ナイフ""}","[""knife""]","[{""code"": ""n"", ""label"": ""noun (common) (futsuumeishi)""}]",True,"[{""japanese_raw"": ""すみません、ナイフを落としてしまいました。"", ""japanese_furigana"": ""<furigana>すみません、ナイフを落としてしまいました。</furigana>"", ""english"": ""I'm sorry, I dropped my knife."", ""source"": ""tatoeba"", ""source_id"": ""214129""}]","{""level_map"": ""open-anki-jlpt-decks"", ""level_map_guid"": ""domhg)5M&Q"", ""dictionary"": ""JMdict"", ""dictionary_entry_id"": ""1089890"", ""dictionary_lookup_aliases"": [], ""examples"": ""JMdict sense-linked Tatoeba examples""}"
n5-vocab-0599,N5,599,479,"{""genki_lesson"": null}","{""primary"": ""中"", ""variants"": [""中""], ""without_furigana"": ""中"", ""with_furigana"": ""{中}(なか)"", ""lookup_text"": ""中""}","{""primary"": ""なか"", ""variants"": [""なか""], ""source_text"": ""なか""}","[""inside"", ""middle"", ""among""]","[{""code"": ""n"", ""label"": ""noun (common) (futsuumeishi)""}, {""code"": ""adv"", ""label"": ""adverb (fukushi)""}, {""code"": ""adj-no"", ""label"": ""nouns which may take the genitive case particle 'no'""}]",True,"[{""japanese_raw"": ""これらの商品の中から１つ選びなさい。"", ""japanese_furigana"": ""<furigana>これらの商品の中から１つ選びなさい。</furigana>"", ""english"": ""Choose one from among these products."", ""source"": ""tatoeba"", ""source_id"": ""217865""}, {""japanese_raw"": ""彼は自分のお金を全部箱の中に入れた。"", ""japanese_furigana"": ""<furigana>彼は自分のお金を全部箱の中に入れた。</furigana>"", ""english"": ""He put all his money in the box."", ""source"": ""tatoeba"", ""source_id"": ""105095""}]","{""level_map"": ""open-anki-jlpt-decks"", ""level_map_guid"": ""rVjcK=lE15"", ""dictionary"": ""JMdict"", ""dictionary_entry_id"": ""1423310"", ""dictionary_lookup_aliases"": [], ""examples"": ""JMdict sense-linked Tatoeba examples""}"
n5-vocab-0600,N5,600,481,"{""genki_lesson"": null}","{""primary"": ""鳴く"", ""variants"": [""鳴く""], ""without_furigana"": ""鳴く"", ""with_furigana"": ""{鳴}(な)く"", ""lookup_text"": ""鳴く""}","{""primary"": ""なく"", ""variants"": [""なく""], ""source_text"": ""なく""}","[""to make sound (animal)""]","[{""code"": ""v5k"", ""label"": ""Godan verb with 'ku' ending""}, {""code"": ""vi"", ""label"": ""intransitive verb""}]",True,"[{""japanese_raw"": ""羊は何て鳴くの？"", ""japanese_furigana"": ""<furigana>羊は何て鳴くの？</furigana>"", ""english"": ""What sound does a sheep make?"", ""source"": ""tatoeba"", ""source_id"": ""78846""}, {""japanese_raw"": ""カエルが鳴いたら帰ろう。"", ""japanese_furigana"": ""<furigana>カエルが鳴いたら帰ろう。</furigana>"", ""english"": ""Let's return when the frog croaks."", ""source"": ""tatoeba"", ""source_id"": ""226439""}]","{""level_map"": ""open-anki-jlpt-decks"", ""level_map_guid"": ""ivpv*G,Zm%"", ""dictionary"": ""JMdict"", ""dictionary_entry_id"": ""1532870"", ""dictionary_lookup_aliases"": [], ""examples"": ""JMdict sense-linked Tatoeba examples""}"
n5-vocab-0601,N5,601,482,"{""genki_lesson"": null}","{""primary"": ""無くす"", ""variants"": [""無くす""], ""without_furigana"": ""無くす"", ""with_furigana"": ""{無}(な)くす"", ""lookup_text"": ""無くす""}","{""primary"": ""なくす"", ""variants"": [""なくす""], ""source_text"": ""なくす""}","[""to lose something""]","[{""code"": ""v5s"", ""label"": ""Godan verb with 'su' ending""}, {""code"": ""vt"", ""label"": ""transitive verb""}]",True,"[{""japanese_raw"": ""彼女は新しい時計をなくした。"", ""japanese_furigana"": ""<furigana>彼女は新しい時計をなくした。</furigana>"", ""english"": ""She lost her new watch."", ""source"": ""tatoeba"", ""source_id"": ""88562""}, {""japanese_raw"": ""その国の財政の赤字をなくすには、もっと、たくさんの外国の援助を注ぎ込まなければならなかった。"", ""japanese_furigana"": ""<furigana>その国の財政の赤字をなくすには、もっと、たくさんの外国の援助を注ぎ込まなければならなかった。</furigana>"", ""english"": ""To get the nation's economy out of the red, more foreign aid had to be pumped in."", ""source"": ""tatoeba"", ""source_id"": ""210631""}]","{""level_map"": ""open-anki-jlpt-decks"", ""level_map_guid"": ""dteDI+R~`W"", ""dictionary"": ""JMdict"", ""dictionary_entry_id"": ""1529530"", ""dictionary_lookup_aliases"": [], ""examples"": ""JMdict sense-linked Tatoeba examples""}"
n5-vocab-0602,N5,602,485,"{""genki_lesson"": null}","{""primary"": ""夏休み"", ""variants"": [""夏休み""], ""without_furigana"": ""夏休み"", ""with_furigana"": ""{夏休}(なつやす)み"", ""lookup_text"": ""夏休み""}","{""primary"": ""なつやすみ"", ""variants"": [""なつやすみ""], ""source_text"": ""なつやすみ""}","[""summer vacation""]","[{""code"": ""n"", ""label"": ""noun (common) (futsuumeishi)""}]",True,"[{""japanese_raw"": ""この夏休みはどこかへ行くのですか。"", ""japanese_furigana"": ""<furigana>この夏休みはどこかへ行くのですか。</furigana>"", ""english"": ""Are you going away this summer?"", ""source"": ""tatoeba"", ""source_id"": ""222855""}]","{""level_map"": ""open-anki-jlpt-decks"", ""level_map_guid"": ""D=cA)b0@~("", ""dictionary"": ""JMdict"", ""dictionary_entry_id"": ""1191420"", ""dictionary_lookup_aliases"": [], ""examples"": ""JMdict sense-linked Tatoeba examples""}"
n5-vocab-0603,N5,603,486,"{""genki_lesson"": null}","{""primary"": ""〜など"", ""variants"": [""〜など""], ""without_furigana"": ""〜など"", ""with_furigana"": ""〜など"", ""lookup_text"": ""など""}","{""primary"": ""〜など"", ""variants"": [""〜など""], ""source_text"": ""～など""}","[""et cetera""]","[{""code"": ""prt"", ""label"": ""particle""}]",True,"[{""japanese_raw"": ""２、４、６などは偶数です。"", ""japanese_furigana"": ""<furigana>２、４、６などは偶数です。</furigana>"", ""english"": ""Two, four, six, etc. are even numbers."", ""source"": ""tatoeba"", ""source_id"": ""235605""}, {""japanese_raw"": ""私は冗談など言う気がしない。"", ""japanese_furigana"": ""<furigana>私は冗談など言う気がしない。</furigana>"", ""english"": ""I am in no mood for joking."", ""source"": ""tatoeba"", ""source_id"": ""155804""}]","{""level_map"": ""open-anki-jlpt-decks"", ""level_map_guid"": ""e(]O3py,;2"", ""dictionary"": ""JMdict"", ""dictionary_entry_id"": ""1582300"", ""dictionary_lookup_aliases"": [], ""examples"": ""JMdict sense-linked Tatoeba examples""}"
n5-vocab-0604,N5,604,492,"{""genki_lesson"": null}","{""primary"": ""並ぶ"", ""variants"": [""並ぶ""], ""without_furigana"": ""並ぶ"", ""with_furigana"": ""{並}(なら)ぶ"", ""lookup_text"": ""並ぶ""}","{""primary"": ""ならぶ"", ""variants"": [""ならぶ""], ""source_text"": ""ならぶ""}","[""to line up"", ""to stand in a line (v.i.)""]","[{""code"": ""v5b"", ""label"": ""Godan verb with 'bu' ending""}, {""code"": ""vi"", ""label"": ""intransitive verb""}]",True,"[{""japanese_raw"": ""彼は古今に並ぶ者のない偉大な政治家である。"", ""japanese_furigana"": ""<furigana>彼は古今に並ぶ者のない偉大な政治家である。</furigana>"", ""english"": ""He is the greatest statesman that ever lived."", ""source"": ""tatoeba"", ""source_id"": ""107553""}, {""japanese_raw"": ""列に並んで長い間待たされた後、身分証明として正式な出生証明書が必要だといわれた。"", ""japanese_furigana"": ""<furigana>列に並んで長い間待たされた後、身分証明として正式な出生証明書が必要だといわれた。</furigana>"", ""english"": ""After a long wait in line, she was told she should get a certified copy of her birth certificate as identification."", ""source"": ""tatoeba"", ""source_id"": ""77585""}]","{""level_map"": ""open-anki-jlpt-decks"", ""level_map_guid"": ""nIHPO#>_}+"", ""dictionary"": ""JMdict"", ""dictionary_entry_id"": ""1508380"", ""dictionary_lookup_aliases"": [], ""examples"": ""JMdict sense-linked Tatoeba examples""}"
n5-vocab-0605,N5,605,493,"{""genki_lesson"": null}","{""primary"": ""並べる"", ""variants"": [""並べる""], ""without_furigana"": ""並べる"", ""with_furigana"": ""{並}(なら)べる"", ""lookup_text"": ""並べる""}","{""primary"": ""ならべる"", ""variants"": [""ならべる""], ""source_text"": ""ならべる""}","[""to put (things) side by side"", ""to line up""]","[{""code"": ""v1"", ""label"": ""Ichidan verb""}, {""code"": ""vt"", ""label"": ""transitive verb""}]",True,"[{""japanese_raw"": ""メイドはテーブルにナイフとフォークを並べた。"", ""japanese_furigana"": ""<furigana>メイドはテーブルにナイフとフォークを並べた。</furigana>"", ""english"": ""The maid arranged the knives and forks on the table."", ""source"": ""tatoeba"", ""source_id"": ""194690""}, {""japanese_raw"": ""屁理屈ばかり並べて、お前の言ってること全然筋が通ってないよ。"", ""japanese_furigana"": ""<furigana>屁理屈ばかり並べて、お前の言ってること全然筋が通ってないよ。</furigana>"", ""english"": ""All you do is string together a bunch of farfetched ideas. I can't understand a word of it."", ""source"": ""tatoeba"", ""source_id"": ""77097""}]","{""level_map"": ""open-anki-jlpt-decks"", ""level_map_guid"": ""n!B94UfoT6"", ""dictionary"": ""JMdict"", ""dictionary_entry_id"": ""1508390"", ""dictionary_lookup_aliases"": [], ""examples"": ""JMdict sense-linked Tatoeba examples""}"
n5-vocab-0606,N5,606,495,"{""genki_lesson"": null}","{""primary"": ""何〜"", ""variants"": [""何〜""], ""without_furigana"": ""何〜"", ""with_furigana"": ""{何}(なん)〜"", ""lookup_text"": ""何""}","{""primary"": ""なん〜"", ""variants"": [""なん〜""], ""source_text"": ""なん～""}","[""what sort of ~""]","[{""code"": ""pn"", ""label"": ""pronoun""}, {""code"": ""pref"", ""label"": ""prefix""}]",True,"[{""japanese_raw"": ""ここの家、何匹猫がいるの？"", ""japanese_furigana"": ""<furigana>ここの家、何匹猫がいるの？</furigana>"", ""english"": ""How many cats are there in this house?"", ""source"": ""tatoeba"", ""source_id"": ""224370""}, {""japanese_raw"": ""学校の前に何本か木が見えます。"", ""japanese_furigana"": ""<furigana>学校の前に何本か木が見えます。</furigana>"", ""english"": ""You see some trees in front of the school."", ""source"": ""tatoeba"", ""source_id"": ""184431""}]","{""level_map"": ""open-anki-jlpt-decks"", ""level_map_guid"": ""C!@pB0L*^>"", ""dictionary"": ""JMdict"", ""dictionary_entry_id"": ""2846738"", ""dictionary_lookup_aliases"": [], ""examples"": ""JMdict sense-linked Tatoeba examples""}"
n5-vocab-0607,N5,607,496,"{""genki_lesson"": null}","{""primary"": ""二"", ""variants"": [""二""], ""without_furigana"": ""二"", ""with_furigana"": ""{二}(に)"", ""lookup_text"": ""二""}","{""primary"": ""に"", ""variants"": [""に""], ""source_text"": ""に""}","[""two""]","[{""code"": ""num"", ""label"": ""numeric""}]",True,"[{""japanese_raw"": ""その穴は直径二メートルです。"", ""japanese_furigana"": ""<furigana>その穴は直径二メートルです。</furigana>"", ""english"": ""The hole is two meters across."", ""source"": ""tatoeba"", ""source_id"": ""211139""}]","{""level_map"": ""open-anki-jlpt-decks"", ""level_map_guid"": ""uzD!:&B)8|"", ""dictionary"": ""JMdict"", ""dictionary_entry_id"": ""1461140"", ""dictionary_lookup_aliases"": [], ""examples"": ""JMdict sense-linked Tatoeba examples""}"
n5-vocab-0608,N5,608,497,"{""genki_lesson"": null}","{""primary"": ""にぎやか"", ""variants"": [""にぎやか""], ""without_furigana"": ""にぎやか"", ""with_furigana"": ""にぎやか"", ""lookup_text"": ""にぎやか""}","{""primary"": ""にぎやか"", ""variants"": [""にぎやか""], ""source_text"": ""にぎやか""}","[""bustling"", ""busy""]","[{""code"": ""adj-na"", ""label"": ""adjectival nouns or quasi-adjectives (keiyodoshi)""}]",True,"[{""japanese_raw"": ""私の家はにぎやかな通りに面しています。"", ""japanese_furigana"": ""<furigana>私の家はにぎやかな通りに面しています。</furigana>"", ""english"": ""My house faces a busy street."", ""source"": ""tatoeba"", ""source_id"": ""163977""}, {""japanese_raw"": ""幕が上がってにぎやかなカクテルパーティーの場面となる。"", ""japanese_furigana"": ""<furigana>幕が上がってにぎやかなカクテルパーティーの場面となる。</furigana>"", ""english"": ""The curtain raised on a noisy cocktail party."", ""source"": ""tatoeba"", ""source_id"": ""81221""}]","{""level_map"": ""open-anki-jlpt-decks"", ""level_map_guid"": ""cIb<bg#^)L"", ""dictionary"": ""JMdict"", ""dictionary_entry_id"": ""1463480"", ""dictionary_lookup_aliases"": [], ""examples"": ""JMdict sense-linked Tatoeba examples""}"
n5-vocab-0609,N5,609,499,"{""genki_lesson"": null}","{""primary"": ""西"", ""variants"": [""西""], ""without_furigana"": ""西"", ""with_furigana"": ""{西}(にし)"", ""lookup_text"": ""西""}","{""primary"": ""にし"", ""variants"": [""にし""], ""source_text"": ""にし""}","[""west""]","[{""code"": ""n"", ""label"": ""noun (common) (futsuumeishi)""}]",True,"[{""japanese_raw"": ""列車は西へ走っていた。"", ""japanese_furigana"": ""<furigana>列車は西へ走っていた。</furigana>"", ""english"": ""The train was hurrying west."", ""source"": ""tatoeba"", ""source_id"": ""77480""}]","{""level_map"": ""open-anki-jlpt-decks"", ""level_map_guid"": ""D!YA^58RBg"", ""dictionary"": ""JMdict"", ""dictionary_entry_id"": ""1380840"", ""dictionary_lookup_aliases"": [], ""examples"": ""JMdict sense-linked Tatoeba examples""}"
n5-vocab-0610,N5,610,500,"{""genki_lesson"": null}","{""primary"": ""〜日"", ""variants"": [""〜日""], ""without_furigana"": ""〜日"", ""with_furigana"": ""〜{日}(にち)"", ""lookup_text"": ""日""}","{""primary"": ""〜にち"", ""variants"": [""〜にち""], ""source_text"": ""～にち""}","[""~ day of the month"", ""for ~ days""]","[{""code"": ""n"", ""label"": ""noun (common) (futsuumeishi)""}, {""code"": ""suf"", ""label"": ""suffix""}, {""code"": ""ctr"", ""label"": ""counter""}]",True,"[{""japanese_raw"": ""土日月の午前１０時半から午後４時まで開館。"", ""japanese_furigana"": ""<furigana>土日月の午前１０時半から午後４時まで開館。</furigana>"", ""english"": ""Open from 10:30am to 4pm on Sat, Sun, and Mon."", ""source"": ""tatoeba"", ""source_id"": ""74691""}, {""japanese_raw"": ""１３日の金曜日は不吉な日だと言われている。"", ""japanese_furigana"": ""<furigana>１３日の金曜日は不吉な日だと言われている。</furigana>"", ""english"": ""It is said that Friday the 13th is an unlucky day."", ""source"": ""tatoeba"", ""source_id"": ""235945""}]","{""level_map"": ""open-anki-jlpt-decks"", ""level_map_guid"": ""DbJ@Azg05L"", ""dictionary"": ""JMdict"", ""dictionary_entry_id"": ""2083100"", ""dictionary_lookup_aliases"": [], ""examples"": ""JMdict sense-linked Tatoeba examples""}"
n5-vocab-0611,N5,611,505,"{""genki_lesson"": null}","{""primary"": ""〜人"", ""variants"": [""〜人""], ""without_furigana"": ""〜人"", ""with_furigana"": ""〜{人}(にん)"", ""lookup_text"": ""人""}","{""primary"": ""〜にん"", ""variants"": [""〜にん""], ""source_text"": ""～にん""}","[""counter for people""]","[{""code"": ""ctr"", ""label"": ""counter""}]",True,"[{""japanese_raw"": ""２００人の人が昨年コレラで死んだ。"", ""japanese_furigana"": ""<furigana>２００人の人が昨年コレラで死んだ。</furigana>"", ""english"": ""Two hundred people died of cholera last year."", ""source"": ""tatoeba"", ""source_id"": ""235600""}]","{""level_map"": ""open-anki-jlpt-decks"", ""level_map_guid"": ""FNnJ8yNPin"", ""dictionary"": ""JMdict"", ""dictionary_entry_id"": ""2149890"", ""dictionary_lookup_aliases"": [], ""examples"": ""JMdict sense-linked Tatoeba examples""}"
n5-vocab-0612,N5,612,507,"{""genki_lesson"": null}","{""primary"": ""温い"", ""variants"": [""温い""], ""without_furigana"": ""温い"", ""with_furigana"": ""{温}(ぬる)い"", ""lookup_text"": ""温い""}","{""primary"": ""ぬるい"", ""variants"": [""ぬるい""], ""source_text"": ""ぬるい""}","[""lukewarm""]","[{""code"": ""adj-i"", ""label"": ""adjective (keiyoushi)""}]",True,"[{""japanese_raw"": ""このコーヒーはぬるいです。"", ""japanese_furigana"": ""<furigana>このコーヒーはぬるいです。</furigana>"", ""english"": ""This coffee is not hot enough."", ""source"": ""tatoeba"", ""source_id"": ""223801""}]","{""level_map"": ""open-anki-jlpt-decks"", ""level_map_guid"": ""gfQAF/k(q,"", ""dictionary"": ""JMdict"", ""dictionary_entry_id"": ""1183300"", ""dictionary_lookup_aliases"": [], ""examples"": ""JMdict sense-linked Tatoeba examples""}"
n5-vocab-0613,N5,613,511,"{""genki_lesson"": null}","{""primary"": ""〜年"", ""variants"": [""〜年""], ""without_furigana"": ""〜年"", ""with_furigana"": ""〜{年}(ねん)"", ""lookup_text"": ""年""}","{""primary"": ""〜ねん"", ""variants"": [""〜ねん""], ""source_text"": ""～ねん""}","[""~ years""]","[{""code"": ""n"", ""label"": ""noun (common) (futsuumeishi)""}, {""code"": ""ctr"", ""label"": ""counter""}]",True,"[{""japanese_raw"": ""彼は四年刑期のところを二年で釈放された。"", ""japanese_furigana"": ""<furigana>彼は四年刑期のところを二年で釈放された。</furigana>"", ""english"": ""He was let out after serving just two years of his four-year prison sentence."", ""source"": ""tatoeba"", ""source_id"": ""106584""}, {""japanese_raw"": ""カレンダーの日付は１９６４年９月２３日でした。"", ""japanese_furigana"": ""<furigana>カレンダーの日付は１９６４年９月２３日でした。</furigana>"", ""english"": ""The date on the calendar was September 23, 1964."", ""source"": ""tatoeba"", ""source_id"": ""226136""}]","{""level_map"": ""open-anki-jlpt-decks"", ""level_map_guid"": ""gYAXz}z6O,"", ""dictionary"": ""JMdict"", ""dictionary_entry_id"": ""2084840"", ""dictionary_lookup_aliases"": [], ""examples"": ""JMdict sense-linked Tatoeba examples""}"
n5-vocab-0614,N5,614,513,"{""genki_lesson"": null}","{""primary"": ""登る"", ""variants"": [""登る""], ""without_furigana"": ""登る"", ""with_furigana"": ""{登}(のぼ)る"", ""lookup_text"": ""登る""}","{""primary"": ""のぼる"", ""variants"": [""のぼる""], ""source_text"": ""のぼる""}","[""to climb""]","[{""code"": ""v5r"", ""label"": ""Godan verb with 'ru' ending""}, {""code"": ""vi"", ""label"": ""intransitive verb""}]",True,"[{""japanese_raw"": ""あなたは、上れませんよ。"", ""japanese_furigana"": ""<furigana>あなたは、上れませんよ。</furigana>"", ""english"": ""You cannot climb!"", ""source"": ""tatoeba"", ""source_id"": ""232915""}]","{""level_map"": ""open-anki-jlpt-decks"", ""level_map_guid"": ""unM=ha?S3d"", ""dictionary"": ""JMdict"", ""dictionary_entry_id"": ""1352570"", ""dictionary_lookup_aliases"": [], ""examples"": ""JMdict sense-linked Tatoeba examples""}"
n5-vocab-0615,N5,615,515,"{""genki_lesson"": null}","{""primary"": ""飲む"", ""variants"": [""飲む""], ""without_furigana"": ""飲む"", ""with_furigana"": ""{飲}(の)む"", ""lookup_text"": ""飲む""}","{""primary"": ""のむ"", ""variants"": [""のむ""], ""source_text"": ""のむ""}","[""to drink""]","[{""code"": ""v5m"", ""label"": ""Godan verb with 'mu' ending""}, {""code"": ""vt"", ""label"": ""transitive verb""}]",True,"[{""japanese_raw"": ""この薬を飲まなければ行けませんか。"", ""japanese_furigana"": ""<furigana>この薬を飲まなければ行けませんか。</furigana>"", ""english"": ""Must I take this medicine?"", ""source"": ""tatoeba"", ""source_id"": ""219269""}]","{""level_map"": ""open-anki-jlpt-decks"", ""level_map_guid"": ""C;cf;f4#r6"", ""dictionary"": ""JMdict"", ""dictionary_entry_id"": ""1169870"", ""dictionary_lookup_aliases"": [], ""examples"": ""JMdict sense-linked Tatoeba examples""}"
n5-vocab-0616,N5,616,516,"{""genki_lesson"": null}","{""primary"": ""乗る"", ""variants"": [""乗る""], ""without_furigana"": ""乗る"", ""with_furigana"": ""{乗}(の)る"", ""lookup_text"": ""乗る""}","{""primary"": ""のる"", ""variants"": [""のる""], ""source_text"": ""のる""}","[""to get on"", ""to ride in"", ""to board""]","[{""code"": ""v5r"", ""label"": ""Godan verb with 'ru' ending""}, {""code"": ""vi"", ""label"": ""intransitive verb""}]",True,"[{""japanese_raw"": ""そんなに沢山パンに乗るんか？"", ""japanese_furigana"": ""<furigana>そんなに沢山パンに乗るんか？</furigana>"", ""english"": ""You really put that much in the sandwich?"", ""source"": ""tatoeba"", ""source_id"": ""74092""}, {""japanese_raw"": ""１１時の列車に乗るつもりです。"", ""japanese_furigana"": ""<furigana>１１時の列車に乗るつもりです。</furigana>"", ""english"": ""I'm catching the 11:00 train."", ""source"": ""tatoeba"", ""source_id"": ""235972""}]","{""level_map"": ""open-anki-jlpt-decks"", ""level_map_guid"": ""J~ykS_Bo0m"", ""dictionary"": ""JMdict"", ""dictionary_entry_id"": ""1355120"", ""dictionary_lookup_aliases"": [], ""examples"": ""JMdict sense-linked Tatoeba examples""}"
n5-vocab-0617,N5,617,521,"{""genki_lesson"": null}","{""primary"": ""灰皿"", ""variants"": [""灰皿""], ""without_furigana"": ""灰皿"", ""with_furigana"": ""{灰皿}(はいざら)"", ""lookup_text"": ""灰皿""}","{""primary"": ""はいざら"", ""variants"": [""はいざら""], ""source_text"": ""はいざら""}","[""ashtray""]","[{""code"": ""n"", ""label"": ""noun (common) (futsuumeishi)""}]",True,"[{""japanese_raw"": ""その缶は灰皿の代わりになる。"", ""japanese_furigana"": ""<furigana>その缶は灰皿の代わりになる。</furigana>"", ""english"": ""The can will do for an ashtray."", ""source"": ""tatoeba"", ""source_id"": ""211587""}]","{""level_map"": ""open-anki-jlpt-decks"", ""level_map_guid"": ""mAdBNp<Jp$"", ""dictionary"": ""JMdict"", ""dictionary_entry_id"": ""1201940"", ""dictionary_lookup_aliases"": [], ""examples"": ""JMdict sense-linked Tatoeba examples""}"
n5-vocab-0618,N5,618,522,"{""genki_lesson"": null}","{""primary"": ""入る"", ""variants"": [""入る""], ""without_furigana"": ""入る"", ""with_furigana"": ""{入}(はい)る"", ""lookup_text"": ""入る""}","{""primary"": ""はいる"", ""variants"": [""はいる""], ""source_text"": ""はいる""}","[""to enter"", ""to contain"", ""to hold""]","[{""code"": ""v5r"", ""label"": ""Godan verb with 'ru' ending""}, {""code"": ""vi"", ""label"": ""intransitive verb""}]",True,"[{""japanese_raw"": ""梅雨に入った。"", ""japanese_furigana"": ""<furigana>梅雨に入った。</furigana>"", ""english"": ""The rainy season has set in."", ""source"": ""tatoeba"", ""source_id"": ""121517""}, {""japanese_raw"": ""目に砂が入りました。"", ""japanese_furigana"": ""<furigana>目に砂が入りました。</furigana>"", ""english"": ""I got some sand in my eye."", ""source"": ""tatoeba"", ""source_id"": ""79972""}]","{""level_map"": ""open-anki-jlpt-decks"", ""level_map_guid"": ""zZFQIc).TB"", ""dictionary"": ""JMdict"", ""dictionary_entry_id"": ""1465590"", ""dictionary_lookup_aliases"": [], ""examples"": ""JMdict sense-linked Tatoeba examples""}"
n5-vocab-0619,N5,619,525,"{""genki_lesson"": null}","{""primary"": ""箱"", ""variants"": [""箱""], ""without_furigana"": ""箱"", ""with_furigana"": ""{箱}(はこ)"", ""lookup_text"": ""箱""}","{""primary"": ""はこ"", ""variants"": [""はこ""], ""source_text"": ""はこ""}","[""box""]","[{""code"": ""n"", ""label"": ""noun (common) (futsuumeishi)""}, {""code"": ""suf"", ""label"": ""suffix""}, {""code"": ""ctr"", ""label"": ""counter""}]",True,"[{""japanese_raw"": ""その取っ手を右にねじると箱は開きます。"", ""japanese_furigana"": ""<furigana>その取っ手を右にねじると箱は開きます。</furigana>"", ""english"": ""Twist that knob to the right and the box will open."", ""source"": ""tatoeba"", ""source_id"": ""209521""}]","{""level_map"": ""open-anki-jlpt-decks"", ""level_map_guid"": ""D@BX&%Fydt"", ""dictionary"": ""JMdict"", ""dictionary_entry_id"": ""1585650"", ""dictionary_lookup_aliases"": [], ""examples"": ""JMdict sense-linked Tatoeba examples""}"
n5-vocab-0620,N5,620,526,"{""genki_lesson"": null}","{""primary"": ""橋"", ""variants"": [""橋""], ""without_furigana"": ""橋"", ""with_furigana"": ""{橋}(はし)"", ""lookup_text"": ""橋""}","{""primary"": ""はし"", ""variants"": [""はし""], ""source_text"": ""はし""}","[""bridge""]","[{""code"": ""n"", ""label"": ""noun (common) (futsuumeishi)""}]",True,"[{""japanese_raw"": ""あの橋は大変美しい。"", ""japanese_furigana"": ""<furigana>あの橋は大変美しい。</furigana>"", ""english"": ""That bridge is very beautiful."", ""source"": ""tatoeba"", ""source_id"": ""231083""}]","{""level_map"": ""open-anki-jlpt-decks"", ""level_map_guid"": ""gMcz>SvPjQ"", ""dictionary"": ""JMdict"", ""dictionary_entry_id"": ""1237410"", ""dictionary_lookup_aliases"": [], ""examples"": ""JMdict sense-linked Tatoeba examples""}"
n5-vocab-0621,N5,621,529,"{""genki_lesson"": null}","{""primary"": ""初め"", ""variants"": [""初め"", ""始め""], ""without_furigana"": ""初め"", ""with_furigana"": ""{初}(はじ)め"", ""lookup_text"": ""初め""}","{""primary"": ""はじめ"", ""variants"": [""はじめ""], ""source_text"": ""はじめ""}","[""beginning"", ""start""]","[{""code"": ""n"", ""label"": ""noun (common) (futsuumeishi)""}, {""code"": ""adv"", ""label"": ""adverb (fukushi)""}]",True,"[{""japanese_raw"": ""会うは別れの始め。"", ""japanese_furigana"": ""<furigana>会うは別れの始め。</furigana>"", ""english"": ""To meet is to part."", ""source"": ""tatoeba"", ""source_id"": ""185457""}, {""japanese_raw"": ""旅行の初めの二日間は雨降りだった。"", ""japanese_furigana"": ""<furigana>旅行の初めの二日間は雨降りだった。</furigana>"", ""english"": ""The first two days of my trip were rainy."", ""source"": ""tatoeba"", ""source_id"": ""162444""}]","{""level_map"": ""open-anki-jlpt-decks"", ""level_map_guid"": ""Po{k$4o=i}"", ""dictionary"": ""JMdict"", ""dictionary_entry_id"": ""1342540"", ""dictionary_lookup_aliases"": [], ""examples"": ""JMdict sense-linked Tatoeba examples""}"
n5-vocab-0622,N5,622,533,"{""genki_lesson"": null}","{""primary"": ""バター"", ""variants"": [""バター""], ""without_furigana"": ""バター"", ""with_furigana"": ""バター"", ""lookup_text"": ""バター""}","{""primary"": ""バター"", ""variants"": [""バター""], ""source_text"": ""バター""}","[""butter""]","[{""code"": ""n"", ""label"": ""noun (common) (futsuumeishi)""}]",True,"[{""japanese_raw"": ""彼女はバターを２ポンド買いました。"", ""japanese_furigana"": ""<furigana>彼女はバターを２ポンド買いました。</furigana>"", ""english"": ""She bought two pounds of butter."", ""source"": ""tatoeba"", ""source_id"": ""91728""}]","{""level_map"": ""open-anki-jlpt-decks"", ""level_map_guid"": ""bep_D~c3Ed"", ""dictionary"": ""JMdict"", ""dictionary_entry_id"": ""1098620"", ""dictionary_lookup_aliases"": [], ""examples"": ""JMdict sense-linked Tatoeba examples""}"
n5-vocab-0623,N5,623,534,"{""genki_lesson"": null}","{""primary"": ""二十歳"", ""variants"": [""二十歳""], ""without_furigana"": ""二十歳"", ""with_furigana"": ""{二十歳}(はたち)"", ""lookup_text"": ""二十歳""}","{""primary"": ""はたち"", ""variants"": [""はたち""], ""source_text"": ""はたち""}","[""20 years old""]","[{""code"": ""n"", ""label"": ""noun (common) (futsuumeishi)""}]",True,"[{""japanese_raw"": ""彼女は二十歳だと言ったが、それは嘘だった。"", ""japanese_furigana"": ""<furigana>彼女は二十歳だと言ったが、それは嘘だった。</furigana>"", ""english"": ""She said she was twenty years old, which was not true."", ""source"": ""tatoeba"", ""source_id"": ""87650""}]","{""level_map"": ""open-anki-jlpt-decks"", ""level_map_guid"": ""s,}HT(8Tzb"", ""dictionary"": ""JMdict"", ""dictionary_entry_id"": ""1600790"", ""dictionary_lookup_aliases"": [], ""examples"": ""JMdict sense-linked Tatoeba examples""}"
n5-vocab-0624,N5,624,536,"{""genki_lesson"": null}","{""primary"": ""八"", ""variants"": [""八""], ""without_furigana"": ""八"", ""with_furigana"": ""{八}(はち)"", ""lookup_text"": ""八""}","{""primary"": ""はち"", ""variants"": [""はち""], ""source_text"": ""はち""}","[""eight""]","[{""code"": ""num"", ""label"": ""numeric""}]",True,"[{""japanese_raw"": ""会は八時に解散した。"", ""japanese_furigana"": ""<furigana>会は八時に解散した。</furigana>"", ""english"": ""The meeting broke up at eight."", ""source"": ""tatoeba"", ""source_id"": ""185431""}]","{""level_map"": ""open-anki-jlpt-decks"", ""level_map_guid"": ""maEI.lHT3>"", ""dictionary"": ""JMdict"", ""dictionary_entry_id"": ""1583090"", ""dictionary_lookup_aliases"": [], ""examples"": ""JMdict sense-linked Tatoeba examples""}"
n5-vocab-0625,N5,625,537,"{""genki_lesson"": null}","{""primary"": ""二十日"", ""variants"": [""二十日""], ""without_furigana"": ""二十日"", ""with_furigana"": ""{二十日}(はつか)"", ""lookup_text"": ""二十日""}","{""primary"": ""はつか"", ""variants"": [""はつか""], ""source_text"": ""はつか""}","[""twenty days"", ""twentieth (day of the month)""]","[{""code"": ""n"", ""label"": ""noun (common) (futsuumeishi)""}]",True,"[{""japanese_raw"": ""私は二十日までに帰るつもりです。"", ""japanese_furigana"": ""<furigana>私は二十日までに帰るつもりです。</furigana>"", ""english"": ""I expect to be back by the 20th."", ""source"": ""tatoeba"", ""source_id"": ""154765""}]","{""level_map"": ""open-anki-jlpt-decks"", ""level_map_guid"": ""mmn=3%}>}J"", ""dictionary"": ""JMdict"", ""dictionary_entry_id"": ""1600850"", ""dictionary_lookup_aliases"": [], ""examples"": ""JMdict sense-linked Tatoeba examples""}"
n5-vocab-0626,N5,626,538,"{""genki_lesson"": null}","{""primary"": ""花"", ""variants"": [""花""], ""without_furigana"": ""花"", ""with_furigana"": ""{花}(はな)"", ""lookup_text"": ""花""}","{""primary"": ""はな"", ""variants"": [""はな""], ""source_text"": ""はな""}","[""flower""]","[{""code"": ""n"", ""label"": ""noun (common) (futsuumeishi)""}, {""code"": ""adj-no"", ""label"": ""nouns which may take the genitive case particle 'no'""}]",True,"[{""japanese_raw"": ""私たちは梅の花で有名な水戸公園を見に行った。"", ""japanese_furigana"": ""<furigana>私たちは梅の花で有名な水戸公園を見に行った。</furigana>"", ""english"": ""We visited Mito Park, which is famous for its plum blossoms."", ""source"": ""tatoeba"", ""source_id"": ""165351""}]","{""level_map"": ""open-anki-jlpt-decks"", ""level_map_guid"": ""js_smr~4Ak"", ""dictionary"": ""JMdict"", ""dictionary_entry_id"": ""1194500"", ""dictionary_lookup_aliases"": [], ""examples"": ""JMdict sense-linked Tatoeba examples""}"
n5-vocab-0627,N5,627,539,"{""genki_lesson"": null}","{""primary"": ""鼻"", ""variants"": [""鼻""], ""without_furigana"": ""鼻"", ""with_furigana"": ""{鼻}(はな)"", ""lookup_text"": ""鼻""}","{""primary"": ""はな"", ""variants"": [""はな""], ""source_text"": ""はな""}","[""nose""]","[{""code"": ""n"", ""label"": ""noun (common) (futsuumeishi)""}]",True,"[{""japanese_raw"": ""鼻が出ているよ。かみなさい。"", ""japanese_furigana"": ""<furigana>鼻が出ているよ。かみなさい。</furigana>"", ""english"": ""Your nose is running. Blow it."", ""source"": ""tatoeba"", ""source_id"": ""85518""}]","{""level_map"": ""open-anki-jlpt-decks"", ""level_map_guid"": ""Ft8Z7qnLG,"", ""dictionary"": ""JMdict"", ""dictionary_entry_id"": ""1486720"", ""dictionary_lookup_aliases"": [], ""examples"": ""JMdict sense-linked Tatoeba examples""}"
n5-vocab-0628,N5,628,541,"{""genki_lesson"": null}","{""primary"": ""話す"", ""variants"": [""話す""], ""without_furigana"": ""話す"", ""with_furigana"": ""{話}(はな)す"", ""lookup_text"": ""話す""}","{""primary"": ""はなす"", ""variants"": [""はなす""], ""source_text"": ""はなす""}","[""to speak""]","[{""code"": ""v5s"", ""label"": ""Godan verb with 'su' ending""}, {""code"": ""vt"", ""label"": ""transitive verb""}]",True,"[{""japanese_raw"": ""英語はカナダで話されている。"", ""japanese_furigana"": ""<furigana>英語はカナダで話されている。</furigana>"", ""english"": ""English is spoken in Canada."", ""source"": ""tatoeba"", ""source_id"": ""189149""}, {""japanese_raw"": ""ジョンはお客さんと電話で話した。"", ""japanese_furigana"": ""<furigana>ジョンはお客さんと電話で話した。</furigana>"", ""english"": ""John talked with his customer on the phone."", ""source"": ""tatoeba"", ""source_id"": ""215417""}]","{""level_map"": ""open-anki-jlpt-decks"", ""level_map_guid"": ""d]>`2&`x#1"", ""dictionary"": ""JMdict"", ""dictionary_entry_id"": ""1562350"", ""dictionary_lookup_aliases"": [], ""examples"": ""JMdict sense-linked Tatoeba examples""}"
n5-vocab-0629,N5,629,550,"{""genki_lesson"": null}","{""primary"": ""晩"", ""variants"": [""晩""], ""without_furigana"": ""晩"", ""with_furigana"": ""{晩}(ばん)"", ""lookup_text"": ""晩""}","{""primary"": ""ばん"", ""variants"": [""ばん""], ""source_text"": ""ばん""}","[""evening""]","[{""code"": ""n"", ""label"": ""noun (common) (futsuumeishi)""}, {""code"": ""adv"", ""label"": ""adverb (fukushi)""}, {""code"": ""ctr"", ""label"": ""counter""}]",True,"[{""japanese_raw"": ""グロリアは断然その晩のピカ一の歌手であった。"", ""japanese_furigana"": ""<furigana>グロリアは断然その晩のピカ一の歌手であった。</furigana>"", ""english"": ""Gloria was easily the best singer of that evening."", ""source"": ""tatoeba"", ""source_id"": ""225416""}]","{""level_map"": ""open-anki-jlpt-decks"", ""level_map_guid"": ""hO?dVEN`5B"", ""dictionary"": ""JMdict"", ""dictionary_entry_id"": ""1482110"", ""dictionary_lookup_aliases"": [], ""examples"": ""JMdict sense-linked Tatoeba examples""}"
n5-vocab-0630,N5,630,551,"{""genki_lesson"": null}","{""primary"": ""〜番"", ""variants"": [""〜番""], ""without_furigana"": ""〜番"", ""with_furigana"": ""〜{番}(ばん)"", ""lookup_text"": ""番""}","{""primary"": ""〜ばん"", ""variants"": [""〜ばん""], ""source_text"": ""～ばん""}","[""~st"", ""~th best""]","[{""code"": ""n"", ""label"": ""noun (common) (futsuumeishi)""}, {""code"": ""n-suf"", ""label"": ""noun, used as a suffix""}]",True,"[{""japanese_raw"": ""６時からずっと待っているのだが、僕の番がまだ来ない。"", ""japanese_furigana"": ""<furigana>６時からずっと待っているのだが、僕の番がまだ来ない。</furigana>"", ""english"": ""I've been waiting since six o'clock and still my turn hasn't come."", ""source"": ""tatoeba"", ""source_id"": ""235064""}, {""japanese_raw"": ""私の自宅の電話番号は市外局番が２０１で１２３ー４５６７番です。"", ""japanese_furigana"": ""<furigana>私の自宅の電話番号は市外局番が２０１で１２３ー４５６７番です。</furigana>"", ""english"": ""My home phone number is, area code two-oh-one, one-two-three, four-five-six-seven."", ""source"": ""tatoeba"", ""source_id"": ""163470""}]","{""level_map"": ""open-anki-jlpt-decks"", ""level_map_guid"": ""b/wgPDiVBg"", ""dictionary"": ""JMdict"", ""dictionary_entry_id"": ""2022640"", ""dictionary_lookup_aliases"": [], ""examples"": ""JMdict sense-linked Tatoeba examples""}"
n5-vocab-0631,N5,631,553,"{""genki_lesson"": null}","{""primary"": ""ハンカチ"", ""variants"": [""ハンカチ""], ""without_furigana"": ""ハンカチ"", ""with_furigana"": ""ハンカチ"", ""lookup_text"": ""ハンカチ""}","{""primary"": ""ハンカチ"", ""variants"": [""ハンカチ""], ""source_text"": ""ハンカチ""}","[""handkerchief""]","[{""code"": ""n"", ""label"": ""noun (common) (futsuumeishi)""}]",True,"[{""japanese_raw"": ""このハンカチはいくらですか。"", ""japanese_furigana"": ""<furigana>このハンカチはいくらですか。</furigana>"", ""english"": ""How much is this handkerchief?"", ""source"": ""tatoeba"", ""source_id"": ""223306""}]","{""level_map"": ""open-anki-jlpt-decks"", ""level_map_guid"": ""yU4LCXkUnv"", ""dictionary"": ""JMdict"", ""dictionary_entry_id"": ""1096420"", ""dictionary_lookup_aliases"": [], ""examples"": ""JMdict sense-linked Tatoeba examples""}"
n5-vocab-0632,N5,632,556,"{""genki_lesson"": null}","{""primary"": ""半分"", ""variants"": [""半分""], ""without_furigana"": ""半分"", ""with_furigana"": ""{半分}(はんぶん)"", ""lookup_text"": ""半分""}","{""primary"": ""はんぶん"", ""variants"": [""はんぶん""], ""source_text"": ""はんぶん""}","[""half""]","[{""code"": ""adv"", ""label"": ""adverb (fukushi)""}, {""code"": ""n"", ""label"": ""noun (common) (futsuumeishi)""}]",True,"[{""japanese_raw"": ""エミーはナプキンを半分に折りたたんだ。"", ""japanese_furigana"": ""<furigana>エミーはナプキンを半分に折りたたんだ。</furigana>"", ""english"": ""Emmy folded the napkin in half."", ""source"": ""tatoeba"", ""source_id"": ""227942""}]","{""level_map"": ""open-anki-jlpt-decks"", ""level_map_guid"": ""DN!/&cg9bL"", ""dictionary"": ""JMdict"", ""dictionary_entry_id"": ""1479890"", ""dictionary_lookup_aliases"": [], ""examples"": ""JMdict sense-linked Tatoeba examples""}"
n5-vocab-0633,N5,633,557,"{""genki_lesson"": null}","{""primary"": ""東"", ""variants"": [""東""], ""without_furigana"": ""東"", ""with_furigana"": ""{東}(ひがし)"", ""lookup_text"": ""東""}","{""primary"": ""ひがし"", ""variants"": [""ひがし""], ""source_text"": ""ひがし""}","[""east""]","[{""code"": ""n"", ""label"": ""noun (common) (futsuumeishi)""}]",True,"[{""japanese_raw"": ""名古屋は京都の東の方にある。"", ""japanese_furigana"": ""<furigana>名古屋は京都の東の方にある。</furigana>"", ""english"": ""Nagoya is to the east of Kyoto."", ""source"": ""tatoeba"", ""source_id"": ""80804""}]","{""level_map"": ""open-anki-jlpt-decks"", ""level_map_guid"": ""pI3YEa2,3t"", ""dictionary"": ""JMdict"", ""dictionary_entry_id"": ""1447440"", ""dictionary_lookup_aliases"": [], ""examples"": ""JMdict sense-linked Tatoeba examples""}"
n5-vocab-0634,N5,634,558,"{""genki_lesson"": null}","{""primary"": ""〜匹"", ""variants"": [""〜匹""], ""without_furigana"": ""〜匹"", ""with_furigana"": ""〜{匹}(ひき)"", ""lookup_text"": ""匹""}","{""primary"": ""〜ひき"", ""variants"": [""〜ひき""], ""source_text"": ""～ひき""}","[""counter for small animals""]","[{""code"": ""ctr"", ""label"": ""counter""}, {""code"": ""n"", ""label"": ""noun (common) (futsuumeishi)""}]",True,"[{""japanese_raw"": ""私たちは１匹の犬と１匹の猫を飼っている。"", ""japanese_furigana"": ""<furigana>私たちは１匹の犬と１匹の猫を飼っている。</furigana>"", ""english"": ""We own a dog and a cat."", ""source"": ""tatoeba"", ""source_id"": ""166694""}]","{""level_map"": ""open-anki-jlpt-decks"", ""level_map_guid"": ""ivmKu+!yZ}"", ""dictionary"": ""JMdict"", ""dictionary_entry_id"": ""1583370"", ""dictionary_lookup_aliases"": [], ""examples"": ""JMdict sense-linked Tatoeba examples""}"
n5-vocab-0635,N5,635,559,"{""genki_lesson"": null}","{""primary"": ""引く"", ""variants"": [""引く""], ""without_furigana"": ""引く"", ""with_furigana"": ""{引}(ひ)く"", ""lookup_text"": ""引く""}","{""primary"": ""ひく"", ""variants"": [""ひく""], ""source_text"": ""ひく""}","[""to pull"", ""to draw"", ""subtract""]","[{""code"": ""v5k"", ""label"": ""Godan verb with 'ku' ending""}, {""code"": ""vt"", ""label"": ""transitive verb""}, {""code"": ""vi"", ""label"": ""intransitive verb""}]",True,"[{""japanese_raw"": ""カーテンがゆっくり引かれた。"", ""japanese_furigana"": ""<furigana>カーテンがゆっくり引かれた。</furigana>"", ""english"": ""The curtains were drawn slowly."", ""source"": ""tatoeba"", ""source_id"": ""226492""}, {""japanese_raw"": ""１０から２を引くと、８残る。"", ""japanese_furigana"": ""<furigana>１０から２を引くと、８残る。</furigana>"", ""english"": ""Two from ten leaves eight."", ""source"": ""tatoeba"", ""source_id"": ""236097""}]","{""level_map"": ""open-anki-jlpt-decks"", ""level_map_guid"": ""tVVM)ZI7wM"", ""dictionary"": ""JMdict"", ""dictionary_entry_id"": ""1169250"", ""dictionary_lookup_aliases"": [], ""examples"": ""JMdict sense-linked Tatoeba examples""}"
n5-vocab-0636,N5,636,561,"{""genki_lesson"": null}","{""primary"": ""低い"", ""variants"": [""低い""], ""without_furigana"": ""低い"", ""with_furigana"": ""{低}(ひく)い"", ""lookup_text"": ""低い""}","{""primary"": ""ひくい"", ""variants"": [""ひくい""], ""source_text"": ""ひくい""}","[""short"", ""low""]","[{""code"": ""adj-i"", ""label"": ""adjective (keiyoushi)""}]",True,"[{""japanese_raw"": ""この机は私にはちょっと低い。"", ""japanese_furigana"": ""<furigana>この机は私にはちょっと低い。</furigana>"", ""english"": ""This desk is a little low for me."", ""source"": ""tatoeba"", ""source_id"": ""222523""}]","{""level_map"": ""open-anki-jlpt-decks"", ""level_map_guid"": ""BBr{:lP!;x"", ""dictionary"": ""JMdict"", ""dictionary_entry_id"": ""1434180"", ""dictionary_lookup_aliases"": [], ""examples"": ""JMdict sense-linked Tatoeba examples""}"
n5-vocab-0637,N5,637,563,"{""genki_lesson"": null}","{""primary"": ""左"", ""variants"": [""左""], ""without_furigana"": ""左"", ""with_furigana"": ""{左}(ひだり)"", ""lookup_text"": ""左""}","{""primary"": ""ひだり"", ""variants"": [""ひだり""], ""source_text"": ""ひだり""}","[""left hand side""]","[{""code"": ""n"", ""label"": ""noun (common) (futsuumeishi)""}, {""code"": ""adj-no"", ""label"": ""nouns which may take the genitive case particle 'no'""}]",True,"[{""japanese_raw"": ""そのポールは左に傾いた。"", ""japanese_furigana"": ""<furigana>そのポールは左に傾いた。</furigana>"", ""english"": ""The pole inclined to the left."", ""source"": ""tatoeba"", ""source_id"": ""212631""}, {""japanese_raw"": ""フランスは左に、イギリスは右に揺れているように思われる。"", ""japanese_furigana"": ""<furigana>フランスは左に、イギリスは右に揺れているように思われる。</furigana>"", ""english"": ""France seems to be swinging left - Britain to the right."", ""source"": ""tatoeba"", ""source_id"": ""196996""}]","{""level_map"": ""open-anki-jlpt-decks"", ""level_map_guid"": ""h_@t6d`1:*"", ""dictionary"": ""JMdict"", ""dictionary_entry_id"": ""1290800"", ""dictionary_lookup_aliases"": [], ""examples"": ""JMdict sense-linked Tatoeba examples""}"
n5-vocab-0638,N5,638,566,"{""genki_lesson"": null}","{""primary"": ""一月"", ""variants"": [""一月""], ""without_furigana"": ""一月"", ""with_furigana"": ""{一月}(ひとつき)"", ""lookup_text"": ""一月""}","{""primary"": ""ひとつき"", ""variants"": [""ひとつき""], ""source_text"": ""ひとつき""}","[""one month""]","[{""code"": ""n"", ""label"": ""noun (common) (futsuumeishi)""}]",True,"[{""japanese_raw"": ""彼はひと月に１回散髪する。"", ""japanese_furigana"": ""<furigana>彼はひと月に１回散髪する。</furigana>"", ""english"": ""He has his hair cut once a month."", ""source"": ""tatoeba"", ""source_id"": ""111121""}]","{""level_map"": ""open-anki-jlpt-decks"", ""level_map_guid"": ""JU.k{Nz*{h"", ""dictionary"": ""JMdict"", ""dictionary_entry_id"": ""1162130"", ""dictionary_lookup_aliases"": [], ""examples"": ""JMdict sense-linked Tatoeba examples""}"
n5-vocab-0639,N5,639,568,"{""genki_lesson"": null}","{""primary"": ""暇"", ""variants"": [""暇""], ""without_furigana"": ""暇"", ""with_furigana"": ""{暇}(ひま)"", ""lookup_text"": ""暇""}","{""primary"": ""ひま"", ""variants"": [""ひま""], ""source_text"": ""ひま""}","[""free time"", ""leisure""]","[{""code"": ""n"", ""label"": ""noun (common) (futsuumeishi)""}, {""code"": ""adj-na"", ""label"": ""adjectival nouns or quasi-adjectives (keiyodoshi)""}, {""code"": ""vs"", ""label"": ""noun or participle which takes the aux. verb suru""}, {""code"": ""vi"", ""label"": ""intransitive verb""}]",True,"[{""japanese_raw"": ""今晩暇かな？"", ""japanese_furigana"": ""<furigana>今晩暇かな？</furigana>"", ""english"": ""Are you free tonight?"", ""source"": ""tatoeba"", ""source_id"": ""171215""}, {""japanese_raw"": ""私は暇な時間に詩を書きます。"", ""japanese_furigana"": ""<furigana>私は暇な時間に詩を書きます。</furigana>"", ""english"": ""I write poems in my free time."", ""source"": ""tatoeba"", ""source_id"": ""158002""}]","{""level_map"": ""open-anki-jlpt-decks"", ""level_map_guid"": ""urDxNZnrq<"", ""dictionary"": ""JMdict"", ""dictionary_entry_id"": ""1577280"", ""dictionary_lookup_aliases"": [], ""examples"": ""JMdict sense-linked Tatoeba examples""}"
n5-vocab-0640,N5,640,569,"{""genki_lesson"": null}","{""primary"": ""百"", ""variants"": [""百""], ""without_furigana"": ""百"", ""with_furigana"": ""{百}(ひゃく)"", ""lookup_text"": ""百""}","{""primary"": ""ひゃく"", ""variants"": [""ひゃく""], ""source_text"": ""ひゃく""}","[""hundred""]","[{""code"": ""num"", ""label"": ""numeric""}]",True,"[{""japanese_raw"": ""彼は口座から百ドル下ろした。"", ""japanese_furigana"": ""<furigana>彼は口座から百ドル下ろした。</furigana>"", ""english"": ""He drew $100 from his account."", ""source"": ""tatoeba"", ""source_id"": ""107412""}]","{""level_map"": ""open-anki-jlpt-decks"", ""level_map_guid"": ""J;(UasY_=O"", ""dictionary"": ""JMdict"", ""dictionary_entry_id"": ""1488000"", ""dictionary_lookup_aliases"": [], ""examples"": ""JMdict sense-linked Tatoeba examples""}"
n5-vocab-0641,N5,641,572,"{""genki_lesson"": null}","{""primary"": ""平仮名"", ""variants"": [""平仮名""], ""without_furigana"": ""平仮名"", ""with_furigana"": ""{平仮名}(ひらがな)"", ""lookup_text"": ""平仮名""}","{""primary"": ""ひらがな"", ""variants"": [""ひらがな""], ""source_text"": ""ひらがな""}","[""hiragana""]","[{""code"": ""n"", ""label"": ""noun (common) (futsuumeishi)""}]",True,[],"{""level_map"": ""open-anki-jlpt-decks"", ""level_map_guid"": ""k}y1F@5e8u"", ""dictionary"": ""JMdict"", ""dictionary_entry_id"": ""1507090"", ""dictionary_lookup_aliases"": [], ""examples"": ""JMdict sense-linked Tatoeba examples""}"
n5-vocab-0642,N5,642,573,"{""genki_lesson"": null}","{""primary"": ""昼"", ""variants"": [""昼""], ""without_furigana"": ""昼"", ""with_furigana"": ""{昼}(ひる)"", ""lookup_text"": ""昼""}","{""primary"": ""ひる"", ""variants"": [""ひる""], ""source_text"": ""ひる""}","[""noon"", ""daytime""]","[{""code"": ""n"", ""label"": ""noun (common) (futsuumeishi)""}, {""code"": ""adv"", ""label"": ""adverb (fukushi)""}]",True,"[{""japanese_raw"": ""ケンは昼まで家にいるでしょう。"", ""japanese_furigana"": ""<furigana>ケンは昼まで家にいるでしょう。</furigana>"", ""english"": ""Ken will be at home until noon."", ""source"": ""tatoeba"", ""source_id"": ""225117""}, {""japanese_raw"": ""昼はホットドッグを食べたんだ。"", ""japanese_furigana"": ""<furigana>昼はホットドッグを食べたんだ。</furigana>"", ""english"": ""I ate a hot dog for lunch."", ""source"": ""tatoeba"", ""source_id"": ""155091""}]","{""level_map"": ""open-anki-jlpt-decks"", ""level_map_guid"": ""i8$:v@D8x1"", ""dictionary"": ""JMdict"", ""dictionary_entry_id"": ""1426250"", ""dictionary_lookup_aliases"": [], ""examples"": ""JMdict sense-linked Tatoeba examples""}"
n5-vocab-0643,N5,643,576,"{""genki_lesson"": null}","{""primary"": ""フィルム"", ""variants"": [""フィルム""], ""without_furigana"": ""フィルム"", ""with_furigana"": ""フィルム"", ""lookup_text"": ""フィルム""}","{""primary"": ""フィルム"", ""variants"": [""フィルム""], ""source_text"": ""フィルム""}","[""film (roll of)""]","[{""code"": ""n"", ""label"": ""noun (common) (futsuumeishi)""}]",True,"[{""japanese_raw"": ""このフィルムを現像してもらえますか。"", ""japanese_furigana"": ""<furigana>このフィルムを現像してもらえますか。</furigana>"", ""english"": ""Can I have this film developed?"", ""source"": ""tatoeba"", ""source_id"": ""223254""}]","{""level_map"": ""open-anki-jlpt-decks"", ""level_map_guid"": ""w#JO*~D@<H"", ""dictionary"": ""JMdict"", ""dictionary_entry_id"": ""1109380"", ""dictionary_lookup_aliases"": [], ""examples"": ""JMdict sense-linked Tatoeba examples""}"
n5-vocab-0644,N5,644,577,"{""genki_lesson"": null}","{""primary"": ""封筒"", ""variants"": [""封筒""], ""without_furigana"": ""封筒"", ""with_furigana"": ""{封筒}(ふうとう)"", ""lookup_text"": ""封筒""}","{""primary"": ""ふうとう"", ""variants"": [""ふうとう""], ""source_text"": ""ふうとう""}","[""envelope""]","[{""code"": ""n"", ""label"": ""noun (common) (futsuumeishi)""}]",True,"[{""japanese_raw"": ""だれがこの封筒を破って開けたのか。"", ""japanese_furigana"": ""<furigana>だれがこの封筒を破って開けたのか。</furigana>"", ""english"": ""Who has torn the envelope open?"", ""source"": ""tatoeba"", ""source_id"": ""203217""}]","{""level_map"": ""open-anki-jlpt-decks"", ""level_map_guid"": ""JaXU6BSc-h"", ""dictionary"": ""JMdict"", ""dictionary_entry_id"": ""1499690"", ""dictionary_lookup_aliases"": [], ""examples"": ""JMdict sense-linked Tatoeba examples""}"
n5-vocab-0645,N5,645,579,"{""genki_lesson"": null}","{""primary"": ""フォーク"", ""variants"": [""フォーク""], ""without_furigana"": ""フォーク"", ""with_furigana"": ""フォーク"", ""lookup_text"": ""フォーク""}","{""primary"": ""フォーク"", ""variants"": [""フォーク""], ""source_text"": ""フォーク""}","[""fork""]","[{""code"": ""n"", ""label"": ""noun (common) (futsuumeishi)""}]",True,"[{""japanese_raw"": ""その子はナイフとフォークをうまく使う。"", ""japanese_furigana"": ""<furigana>その子はナイフとフォークをうまく使う。</furigana>"", ""english"": ""The child handles a knife and fork well."", ""source"": ""tatoeba"", ""source_id"": ""210248""}]","{""level_map"": ""open-anki-jlpt-decks"", ""level_map_guid"": ""Q#>HBX67;#"", ""dictionary"": ""JMdict"", ""dictionary_entry_id"": ""1110110"", ""dictionary_lookup_aliases"": [], ""examples"": ""JMdict sense-linked Tatoeba examples""}"
n5-vocab-0646,N5,646,583,"{""genki_lesson"": null}","{""primary"": ""豚肉"", ""variants"": [""豚肉""], ""without_furigana"": ""豚肉"", ""with_furigana"": ""{豚肉}(ぶたにく)"", ""lookup_text"": ""豚肉""}","{""primary"": ""ぶたにく"", ""variants"": [""ぶたにく""], ""source_text"": ""ぶたにく""}","[""pork""]","[{""code"": ""n"", ""label"": ""noun (common) (futsuumeishi)""}]",True,"[{""japanese_raw"": ""そんなわけでダチョウの肉は牛肉や豚肉の２倍以上の値段となる。"", ""japanese_furigana"": ""<furigana>そんなわけでダチョウの肉は牛肉や豚肉の２倍以上の値段となる。</furigana>"", ""english"": ""That's why ostrich meat costs more than twice as much as beef and pork."", ""source"": ""tatoeba"", ""source_id"": ""204184""}]","{""level_map"": ""open-anki-jlpt-decks"", ""level_map_guid"": ""N1fM*9;kPY"", ""dictionary"": ""JMdict"", ""dictionary_entry_id"": ""1457440"", ""dictionary_lookup_aliases"": [], ""examples"": ""JMdict sense-linked Tatoeba examples""}"
n5-vocab-0647,N5,647,586,"{""genki_lesson"": null}","{""primary"": ""太い"", ""variants"": [""太い""], ""without_furigana"": ""太い"", ""with_furigana"": ""{太}(ふと)い"", ""lookup_text"": ""太い""}","{""primary"": ""ふとい"", ""variants"": [""ふとい""], ""source_text"": ""ふとい""}","[""fat"", ""thick""]","[{""code"": ""adj-i"", ""label"": ""adjective (keiyoushi)""}]",True,"[{""japanese_raw"": ""彼は太い首をしている。"", ""japanese_furigana"": ""<furigana>彼は太い首をしている。</furigana>"", ""english"": ""He has a thick neck."", ""source"": ""tatoeba"", ""source_id"": ""102554""}]","{""level_map"": ""open-anki-jlpt-decks"", ""level_map_guid"": ""LD`2@7dG9a"", ""dictionary"": ""JMdict"", ""dictionary_entry_id"": ""1408180"", ""dictionary_lookup_aliases"": [], ""examples"": ""JMdict sense-linked Tatoeba examples""}"
n5-vocab-0648,N5,648,588,"{""genki_lesson"": null}","{""primary"": ""降る"", ""variants"": [""降る""], ""without_furigana"": ""降る"", ""with_furigana"": ""{降}(ふ)る"", ""lookup_text"": ""降る""}","{""primary"": ""ふる"", ""variants"": [""ふる""], ""source_text"": ""ふる""}","[""to precipitate"", ""to fall (e.g."", ""rain"", ""snow"", ""etc.)""]","[{""code"": ""v5r"", ""label"": ""Godan verb with 'ru' ending""}, {""code"": ""vi"", ""label"": ""intransitive verb""}]",True,"[{""japanese_raw"": ""シカゴのあたりでは雨が降っていました。"", ""japanese_furigana"": ""<furigana>シカゴのあたりでは雨が降っていました。</furigana>"", ""english"": ""It was raining around Chicago."", ""source"": ""tatoeba"", ""source_id"": ""216365""}]","{""level_map"": ""open-anki-jlpt-decks"", ""level_map_guid"": ""q(<}4NV?U@"", ""dictionary"": ""JMdict"", ""dictionary_entry_id"": ""1282790"", ""dictionary_lookup_aliases"": [], ""examples"": ""JMdict sense-linked Tatoeba examples""}"
n5-vocab-0649,N5,649,590,"{""genki_lesson"": null}","{""primary"": ""〜分"", ""variants"": [""〜分""], ""without_furigana"": ""〜分"", ""with_furigana"": ""〜{分}(ふん)"", ""lookup_text"": ""分""}","{""primary"": ""〜ふん"", ""variants"": [""〜ふん""], ""source_text"": ""～ふん""}","[""~ minutes""]","[{""code"": ""n"", ""label"": ""noun (common) (futsuumeishi)""}]",True,"[{""japanese_raw"": ""１０時４０分から１１時まで休み時間です。"", ""japanese_furigana"": ""<furigana>１０時４０分から１１時まで休み時間です。</furigana>"", ""english"": ""We have a break from 10:40 to 11:00."", ""source"": ""tatoeba"", ""source_id"": ""236056""}]","{""level_map"": ""open-anki-jlpt-decks"", ""level_map_guid"": ""chUnU+#xr]"", ""dictionary"": ""JMdict"", ""dictionary_entry_id"": ""1502840"", ""dictionary_lookup_aliases"": [], ""examples"": ""JMdict sense-linked Tatoeba examples""}"
n5-vocab-0650,N5,650,591,"{""genki_lesson"": null}","{""primary"": ""文章"", ""variants"": [""文章""], ""without_furigana"": ""文章"", ""with_furigana"": ""{文章}(ぶんしょう)"", ""lookup_text"": ""文章""}","{""primary"": ""ぶんしょう"", ""variants"": [""ぶんしょう""], ""source_text"": ""ぶんしょう""}","[""sentence"", ""text""]","[{""code"": ""n"", ""label"": ""noun (common) (futsuumeishi)""}]",True,"[{""japanese_raw"": ""彼の文章はとても主観的だ。"", ""japanese_furigana"": ""<furigana>彼の文章はとても主観的だ。</furigana>"", ""english"": ""His writing is very subjective."", ""source"": ""tatoeba"", ""source_id"": ""116191""}, {""japanese_raw"": ""次の文章を日本語に直しなさい。"", ""japanese_furigana"": ""<furigana>次の文章を日本語に直しなさい。</furigana>"", ""english"": ""Put the following sentences into Japanese."", ""source"": ""tatoeba"", ""source_id"": ""150227""}]","{""level_map"": ""open-anki-jlpt-decks"", ""level_map_guid"": ""F&}@z14/*V"", ""dictionary"": ""JMdict"", ""dictionary_entry_id"": ""1505470"", ""dictionary_lookup_aliases"": [], ""examples"": ""JMdict sense-linked Tatoeba examples""}"
n5-vocab-0651,N5,651,593,"{""genki_lesson"": null}","{""primary"": ""下手"", ""variants"": [""下手""], ""without_furigana"": ""下手"", ""with_furigana"": ""{下手}(へた)"", ""lookup_text"": ""下手""}","{""primary"": ""へた"", ""variants"": [""へた""], ""source_text"": ""へた""}","[""unskillful"", ""poor""]","[{""code"": ""adj-na"", ""label"": ""adjectival nouns or quasi-adjectives (keiyodoshi)""}, {""code"": ""n"", ""label"": ""noun (common) (futsuumeishi)""}]",True,"[{""japanese_raw"": ""下手な動き方をしない様に気をつけなさい。"", ""japanese_furigana"": ""<furigana>下手な動き方をしない様に気をつけなさい。</furigana>"", ""english"": ""Take care not to make a foolish move."", ""source"": ""tatoeba"", ""source_id"": ""188226""}, {""japanese_raw"": ""彼はイギリス生まれだが、英語がとても下手である。"", ""japanese_furigana"": ""<furigana>彼はイギリス生まれだが、英語がとても下手である。</furigana>"", ""english"": ""He comes from England, but is very poor at English."", ""source"": ""tatoeba"", ""source_id"": ""114691""}]","{""level_map"": ""open-anki-jlpt-decks"", ""level_map_guid"": ""zx]n<UpO/Q"", ""dictionary"": ""JMdict"", ""dictionary_entry_id"": ""1185200"", ""dictionary_lookup_aliases"": [], ""examples"": ""JMdict sense-linked Tatoeba examples""}"
n5-vocab-0652,N5,652,594,"{""genki_lesson"": null}","{""primary"": ""ベッド"", ""variants"": [""ベッド""], ""without_furigana"": ""ベッド"", ""with_furigana"": ""ベッド"", ""lookup_text"": ""ベッド""}","{""primary"": ""ベッド"", ""variants"": [""ベッド""], ""source_text"": ""ベッド""}","[""bed""]","[{""code"": ""n"", ""label"": ""noun (common) (futsuumeishi)""}]",True,"[{""japanese_raw"": ""どんなベッドでもないよりはよい。"", ""japanese_furigana"": ""<furigana>どんなベッドでもないよりはよい。</furigana>"", ""english"": ""Any bed is better than no bed."", ""source"": ""tatoeba"", ""source_id"": ""199480""}]","{""level_map"": ""open-anki-jlpt-decks"", ""level_map_guid"": ""mm(#F~5?W7"", ""dictionary"": ""JMdict"", ""dictionary_entry_id"": ""1119650"", ""dictionary_lookup_aliases"": [], ""examples"": ""JMdict sense-linked Tatoeba examples""}"
n5-vocab-0653,N5,653,597,"{""genki_lesson"": null}","{""primary"": ""辺"", ""variants"": [""辺""], ""without_furigana"": ""辺"", ""with_furigana"": ""{辺}(へん)"", ""lookup_text"": ""辺""}","{""primary"": ""へん"", ""variants"": [""へん""], ""source_text"": ""へん""}","[""area"", ""vicinity""]","[{""code"": ""n"", ""label"": ""noun (common) (futsuumeishi)""}]",True,"[{""japanese_raw"": ""正方形には四つの辺がある。"", ""japanese_furigana"": ""<furigana>正方形には四つの辺がある。</furigana>"", ""english"": ""A square has four sides."", ""source"": ""tatoeba"", ""source_id"": ""142870""}]","{""level_map"": ""open-anki-jlpt-decks"", ""level_map_guid"": ""v^uJ@o,r7C"", ""dictionary"": ""JMdict"", ""dictionary_entry_id"": ""1512070"", ""dictionary_lookup_aliases"": [], ""examples"": ""JMdict sense-linked Tatoeba examples""}"
n5-vocab-0654,N5,654,599,"{""genki_lesson"": null}","{""primary"": ""勉強"", ""variants"": [""勉強""], ""without_furigana"": ""勉強"", ""with_furigana"": ""{勉強}(べんきょう)"", ""lookup_text"": ""勉強""}","{""primary"": ""べんきょう"", ""variants"": [""べんきょう""], ""source_text"": ""べんきょう (する)""}","[""study""]","[{""code"": ""n"", ""label"": ""noun (common) (futsuumeishi)""}, {""code"": ""vs"", ""label"": ""noun or participle which takes the aux. verb suru""}, {""code"": ""vt"", ""label"": ""transitive verb""}, {""code"": ""vi"", ""label"": ""intransitive verb""}]",True,"[{""japanese_raw"": ""学校ではどんな科目を勉強しますか。"", ""japanese_furigana"": ""<furigana>学校ではどんな科目を勉強しますか。</furigana>"", ""english"": ""What subjects do you study at school?"", ""source"": ""tatoeba"", ""source_id"": ""184483""}]","{""level_map"": ""open-anki-jlpt-decks"", ""level_map_guid"": ""P|N-mC4itp"", ""dictionary"": ""JMdict"", ""dictionary_entry_id"": ""1512670"", ""dictionary_lookup_aliases"": [], ""examples"": ""JMdict sense-linked Tatoeba examples""}"
n5-vocab-0655,N5,655,600,"{""genki_lesson"": null}","{""primary"": ""便利"", ""variants"": [""便利""], ""without_furigana"": ""便利"", ""with_furigana"": ""{便利}(べんり)"", ""lookup_text"": ""便利""}","{""primary"": ""べんり"", ""variants"": [""べんり""], ""source_text"": ""べんり""}","[""convenient"", ""handy""]","[{""code"": ""adj-na"", ""label"": ""adjectival nouns or quasi-adjectives (keiyodoshi)""}]",True,"[{""japanese_raw"": ""電話は便利なものである。"", ""japanese_furigana"": ""<furigana>電話は便利なものである。</furigana>"", ""english"": ""The telephone is a convenience."", ""source"": ""tatoeba"", ""source_id"": ""124682""}]","{""level_map"": ""open-anki-jlpt-decks"", ""level_map_guid"": ""NSM1sxi#q3"", ""dictionary"": ""JMdict"", ""dictionary_entry_id"": ""1512610"", ""dictionary_lookup_aliases"": [], ""examples"": ""JMdict sense-linked Tatoeba examples""}"
n5-vocab-0656,N5,656,602,"{""genki_lesson"": null}","{""primary"": ""ボールペン"", ""variants"": [""ボールペン""], ""without_furigana"": ""ボールペン"", ""with_furigana"": ""ボールペン"", ""lookup_text"": ""ボールペン""}","{""primary"": ""ボールペン"", ""variants"": [""ボールペン""], ""source_text"": ""ボールペン""}","[""ball-point pen""]","[{""code"": ""n"", ""label"": ""noun (common) (futsuumeishi)""}]",True,"[{""japanese_raw"": ""ボールペンで申込書に記入しなさい。"", ""japanese_furigana"": ""<furigana>ボールペンで申込書に記入しなさい。</furigana>"", ""english"": ""Fill out the form in ballpoint."", ""source"": ""tatoeba"", ""source_id"": ""196457""}]","{""level_map"": ""open-anki-jlpt-decks"", ""level_map_guid"": ""A1a57pRAi*"", ""dictionary"": ""JMdict"", ""dictionary_entry_id"": ""1123590"", ""dictionary_lookup_aliases"": [], ""examples"": ""JMdict sense-linked Tatoeba examples""}"
n5-vocab-0657,N5,657,603,"{""genki_lesson"": null}","{""primary"": ""外"", ""variants"": [""外""], ""without_furigana"": ""外"", ""with_furigana"": ""{外}(ほか)"", ""lookup_text"": ""外""}","{""primary"": ""ほか"", ""variants"": [""ほか""], ""source_text"": ""ほか""}","[""other"", ""the rest""]","[{""code"": ""n"", ""label"": ""noun (common) (futsuumeishi)""}, {""code"": ""adj-no"", ""label"": ""nouns which may take the genitive case particle 'no'""}, {""code"": ""adv"", ""label"": ""adverb (fukushi)""}]",True,"[{""japanese_raw"": ""ここには私のほかに誰もいない。"", ""japanese_furigana"": ""<furigana>ここには私のほかに誰もいない。</furigana>"", ""english"": ""There's no one but me here."", ""source"": ""tatoeba"", ""source_id"": ""224455""}, {""japanese_raw"": ""彼はほかに情報を求めることにした。"", ""japanese_furigana"": ""<furigana>彼はほかに情報を求めることにした。</furigana>"", ""english"": ""He decided to seek information elsewhere."", ""source"": ""tatoeba"", ""source_id"": ""110971""}]","{""level_map"": ""open-anki-jlpt-decks"", ""level_map_guid"": ""q-Rsw+YG/*"", ""dictionary"": ""JMdict"", ""dictionary_entry_id"": ""1203260"", ""dictionary_lookup_aliases"": [], ""examples"": ""JMdict sense-linked Tatoeba examples""}"
n5-vocab-0658,N5,658,604,"{""genki_lesson"": null}","{""primary"": ""ポケット"", ""variants"": [""ポケット""], ""without_furigana"": ""ポケット"", ""with_furigana"": ""ポケット"", ""lookup_text"": ""ポケット""}","{""primary"": ""ポケット"", ""variants"": [""ポケット""], ""source_text"": ""ポケット""}","[""pocket""]","[{""code"": ""n"", ""label"": ""noun (common) (futsuumeishi)""}]",True,"[{""japanese_raw"": ""ポケットに何を持っていますか。"", ""japanese_furigana"": ""<furigana>ポケットに何を持っていますか。</furigana>"", ""english"": ""What do you have in your pocket?"", ""source"": ""tatoeba"", ""source_id"": ""232398""}]","{""level_map"": ""open-anki-jlpt-decks"", ""level_map_guid"": ""PrdL>hhb^["", ""dictionary"": ""JMdict"", ""dictionary_entry_id"": ""1124970"", ""dictionary_lookup_aliases"": [], ""examples"": ""JMdict sense-linked Tatoeba examples""}"
n5-vocab-0659,N5,659,605,"{""genki_lesson"": null}","{""primary"": ""欲しい"", ""variants"": [""欲しい""], ""without_furigana"": ""欲しい"", ""with_furigana"": ""{欲}(ほ)しい"", ""lookup_text"": ""欲しい""}","{""primary"": ""ほしい"", ""variants"": [""ほしい""], ""source_text"": ""ほしい""}","[""to want"", ""in need of""]","[{""code"": ""adj-i"", ""label"": ""adjective (keiyoushi)""}, {""code"": ""aux-adj"", ""label"": ""auxiliary adjective""}]",True,"[{""japanese_raw"": ""私は鉛筆をけずるナイフがほしい。"", ""japanese_furigana"": ""<furigana>私は鉛筆をけずるナイフがほしい。</furigana>"", ""english"": ""I want a knife to sharpen my pencil with."", ""source"": ""tatoeba"", ""source_id"": ""158234""}, {""japanese_raw"": ""この書類をそれぞれ２部ずつコピーしてほしいんだが。"", ""japanese_furigana"": ""<furigana>この書類をそれぞれ２部ずつコピーしてほしいんだが。</furigana>"", ""english"": ""I'd like two copies of each of these documents."", ""source"": ""tatoeba"", ""source_id"": ""221204""}]","{""level_map"": ""open-anki-jlpt-decks"", ""level_map_guid"": ""IB/)D,[pe$"", ""dictionary"": ""JMdict"", ""dictionary_entry_id"": ""1547330"", ""dictionary_lookup_aliases"": [], ""examples"": ""JMdict sense-linked Tatoeba examples""}"
n5-vocab-0660,N5,660,606,"{""genki_lesson"": null}","{""primary"": ""ポスト"", ""variants"": [""ポスト""], ""without_furigana"": ""ポスト"", ""with_furigana"": ""ポスト"", ""lookup_text"": ""ポスト""}","{""primary"": ""ポスト"", ""variants"": [""ポスト""], ""source_text"": ""ポスト""}","[""mailbox"", ""post"", ""position""]","[{""code"": ""n"", ""label"": ""noun (common) (futsuumeishi)""}, {""code"": ""vs"", ""label"": ""noun or participle which takes the aux. verb suru""}, {""code"": ""vt"", ""label"": ""transitive verb""}, {""code"": ""adj-f"", ""label"": ""noun or verb acting prenominally""}]",True,"[{""japanese_raw"": ""いったんポストに入れたものは、郵便局の所轄になる。"", ""japanese_furigana"": ""<furigana>いったんポストに入れたものは、郵便局の所轄になる。</furigana>"", ""english"": ""Once a thing is posted, it is in the care of the Post Office."", ""source"": ""tatoeba"", ""source_id"": ""228885""}]","{""level_map"": ""open-anki-jlpt-decks"", ""level_map_guid"": ""CSDW$^FNBN"", ""dictionary"": ""JMdict"", ""dictionary_entry_id"": ""1125150"", ""dictionary_lookup_aliases"": [], ""examples"": ""JMdict sense-linked Tatoeba examples""}"
n5-vocab-0661,N5,661,607,"{""genki_lesson"": null}","{""primary"": ""細い"", ""variants"": [""細い""], ""without_furigana"": ""細い"", ""with_furigana"": ""{細}(ほそ)い"", ""lookup_text"": ""細い""}","{""primary"": ""ほそい"", ""variants"": [""ほそい""], ""source_text"": ""ほそい""}","[""thin"", ""slender"", ""fine""]","[{""code"": ""adj-i"", ""label"": ""adjective (keiyoushi)""}]",True,"[{""japanese_raw"": ""彼は太っているくせに声は細い。"", ""japanese_furigana"": ""<furigana>彼は太っているくせに声は細い。</furigana>"", ""english"": ""His voice is thin even though he is fat."", ""source"": ""tatoeba"", ""source_id"": ""102553""}]","{""level_map"": ""open-anki-jlpt-decks"", ""level_map_guid"": ""zm=f9J*i)W"", ""dictionary"": ""JMdict"", ""dictionary_entry_id"": ""1295510"", ""dictionary_lookup_aliases"": [], ""examples"": ""JMdict sense-linked Tatoeba examples""}"
n5-vocab-0662,N5,662,608,"{""genki_lesson"": null}","{""primary"": ""ボタン"", ""variants"": [""ボタン""], ""without_furigana"": ""ボタン"", ""with_furigana"": ""ボタン"", ""lookup_text"": ""ボタン""}","{""primary"": ""ボタン"", ""variants"": [""ボタン""], ""source_text"": ""ボタン""}","[""button""]","[{""code"": ""n"", ""label"": ""noun (common) (futsuumeishi)""}]",True,"[{""japanese_raw"": ""コートのボタンが取れてたんだ。"", ""japanese_furigana"": ""<furigana>コートのボタンが取れてたんだ。</furigana>"", ""english"": ""A button has come off my coat."", ""source"": ""tatoeba"", ""source_id"": ""224965""}, {""japanese_raw"": ""緊急の場合は、このボタンを押しなさい。"", ""japanese_furigana"": ""<furigana>緊急の場合は、このボタンを押しなさい。</furigana>"", ""english"": ""In case of an emergency, push this button."", ""source"": ""tatoeba"", ""source_id"": ""179941""}]","{""level_map"": ""open-anki-jlpt-decks"", ""level_map_guid"": ""o=Cnvf:%>b"", ""dictionary"": ""JMdict"", ""dictionary_entry_id"": ""1123880"", ""dictionary_lookup_aliases"": [], ""examples"": ""JMdict sense-linked Tatoeba examples""}"
n5-vocab-0663,N5,663,611,"{""genki_lesson"": null}","{""primary"": ""〜本"", ""variants"": [""〜本""], ""without_furigana"": ""〜本"", ""with_furigana"": ""〜{本}(ほん)"", ""lookup_text"": ""本""}","{""primary"": ""〜ほん"", ""variants"": [""〜ほん""], ""source_text"": ""～ほん""}","[""counter for long cylindrical things""]","[{""code"": ""n"", ""label"": ""noun (common) (futsuumeishi)""}, {""code"": ""pref"", ""label"": ""prefix""}, {""code"": ""ctr"", ""label"": ""counter""}]",True,"[{""japanese_raw"": ""ウイスキーを１本持っています。"", ""japanese_furigana"": ""<furigana>ウイスキーを１本持っています。</furigana>"", ""english"": ""I have a bottle of whiskey."", ""source"": ""tatoeba"", ""source_id"": ""228339""}, {""japanese_raw"": ""昨日はその本を８０ページまで読んだ。"", ""japanese_furigana"": ""<furigana>昨日はその本を８０ページまで読んだ。</furigana>"", ""english"": ""I read the book up to page 80 yesterday."", ""source"": ""tatoeba"", ""source_id"": ""170005""}]","{""level_map"": ""open-anki-jlpt-decks"", ""level_map_guid"": ""Aln2n5Y6m$"", ""dictionary"": ""JMdict"", ""dictionary_entry_id"": ""1522150"", ""dictionary_lookup_aliases"": [], ""examples"": ""JMdict sense-linked Tatoeba examples""}"
n5-vocab-0664,N5,664,612,"{""genki_lesson"": null}","{""primary"": ""本棚"", ""variants"": [""本棚""], ""without_furigana"": ""本棚"", ""with_furigana"": ""{本棚}(ほんだな)"", ""lookup_text"": ""本棚""}","{""primary"": ""ほんだな"", ""variants"": [""ほんだな""], ""source_text"": ""ほんだな""}","[""bookshelf""]","[{""code"": ""n"", ""label"": ""noun (common) (futsuumeishi)""}]",True,"[{""japanese_raw"": ""この本棚は組み立てが簡単です。"", ""japanese_furigana"": ""<furigana>この本棚は組み立てが簡単です。</furigana>"", ""english"": ""This bookcase is easy to assemble."", ""source"": ""tatoeba"", ""source_id"": ""219478""}]","{""level_map"": ""open-anki-jlpt-decks"", ""level_map_guid"": ""LlS7xyP)^9"", ""dictionary"": ""JMdict"", ""dictionary_entry_id"": ""1522980"", ""dictionary_lookup_aliases"": [], ""examples"": ""JMdict sense-linked Tatoeba examples""}"
n5-vocab-0665,N5,665,613,"{""genki_lesson"": null}","{""primary"": ""本当"", ""variants"": [""本当""], ""without_furigana"": ""本当"", ""with_furigana"": ""{本当}(ほんとう)"", ""lookup_text"": ""本当""}","{""primary"": ""ほんとう"", ""variants"": [""ほんとう""], ""source_text"": ""ほんとう""}","[""real"", ""true""]","[{""code"": ""n"", ""label"": ""noun (common) (futsuumeishi)""}, {""code"": ""adj-no"", ""label"": ""nouns which may take the genitive case particle 'no'""}, {""code"": ""adj-na"", ""label"": ""adjectival nouns or quasi-adjectives (keiyodoshi)""}]",True,"[{""japanese_raw"": ""その悪い知らせは残念ながら本当だ。"", ""japanese_furigana"": ""<furigana>その悪い知らせは残念ながら本当だ。</furigana>"", ""english"": ""The bad news is unfortunately true."", ""source"": ""tatoeba"", ""source_id"": ""212401""}]","{""level_map"": ""open-anki-jlpt-decks"", ""level_map_guid"": ""mp{CGAM3}E"", ""dictionary"": ""JMdict"", ""dictionary_entry_id"": ""1523060"", ""dictionary_lookup_aliases"": [], ""examples"": ""JMdict sense-linked Tatoeba examples""}"
n5-vocab-0666,N5,666,614,"{""genki_lesson"": null}","{""primary"": ""〜枚"", ""variants"": [""〜枚""], ""without_furigana"": ""〜枚"", ""with_furigana"": ""〜{枚}(まい)"", ""lookup_text"": ""枚""}","{""primary"": ""〜まい"", ""variants"": [""〜まい""], ""source_text"": ""～まい""}","[""counter for flat things""]","[{""code"": ""ctr"", ""label"": ""counter""}]",True,"[{""japanese_raw"": ""このページのコピーを３枚とってください。"", ""japanese_furigana"": ""<furigana>このページのコピーを３枚とってください。</furigana>"", ""english"": ""Please make three copies of this page."", ""source"": ""tatoeba"", ""source_id"": ""223221""}]","{""level_map"": ""open-anki-jlpt-decks"", ""level_map_guid"": ""eZ7Lx)q}m"", ""dictionary"": ""JMdict"", ""dictionary_entry_id"": ""1524610"", ""dictionary_lookup_aliases"": [], ""examples"": ""JMdict sense-linked Tatoeba examples""}"
n5-vocab-0667,N5,667,616,"{""genki_lesson"": null}","{""primary"": ""毎月"", ""variants"": [""毎月""], ""without_furigana"": ""毎月"", ""with_furigana"": ""{毎月}(まいげつ)"", ""lookup_text"": ""毎月""}","{""primary"": ""まいげつ"", ""variants"": [""まいげつ"", ""まいつき""], ""source_text"": ""まいげつ; まいつき""}","[""every month"", ""monthly""]","[{""code"": ""adv"", ""label"": ""adverb (fukushi)""}, {""code"": ""n"", ""label"": ""noun (common) (futsuumeishi)""}]",True,"[{""japanese_raw"": ""私は両親には必ず毎月手紙を書きます。"", ""japanese_furigana"": ""<furigana>私は両親には必ず毎月手紙を書きます。</furigana>"", ""english"": ""I never fail to write to my parents every month."", ""source"": ""tatoeba"", ""source_id"": ""152325""}]","{""level_map"": ""open-anki-jlpt-decks"", ""level_map_guid"": ""x6m6aNH)Wj"", ""dictionary"": ""JMdict"", ""dictionary_entry_id"": ""1584350"", ""dictionary_lookup_aliases"": [], ""examples"": ""JMdict sense-linked Tatoeba examples""}"
n5-vocab-0668,N5,668,619,"{""genki_lesson"": null}","{""primary"": ""毎年"", ""variants"": [""毎年""], ""without_furigana"": ""毎年"", ""with_furigana"": ""{毎年}(まいねん)"", ""lookup_text"": ""毎年""}","{""primary"": ""まいねん"", ""variants"": [""まいねん"", ""まいとし""], ""source_text"": ""まいねん; まいとし""}","[""every year"", ""yearly"", ""annually""]","[{""code"": ""adv"", ""label"": ""adverb (fukushi)""}, {""code"": ""n"", ""label"": ""noun (common) (futsuumeishi)""}]",True,"[{""japanese_raw"": ""彼は毎年軽井沢へ行く。"", ""japanese_furigana"": ""<furigana>彼は毎年軽井沢へ行く。</furigana>"", ""english"": ""He goes to Karuizawa every year."", ""source"": ""tatoeba"", ""source_id"": ""99770""}]","{""level_map"": ""open-anki-jlpt-decks"", ""level_map_guid"": ""cLTCt({=p{"", ""dictionary"": ""JMdict"", ""dictionary_entry_id"": ""1584360"", ""dictionary_lookup_aliases"": [], ""examples"": ""JMdict sense-linked Tatoeba examples""}"
n5-vocab-0669,N5,669,622,"{""genki_lesson"": null}","{""primary"": ""〜前"", ""variants"": [""〜前""], ""without_furigana"": ""〜前"", ""with_furigana"": ""〜{前}(まえ)"", ""lookup_text"": ""前""}","{""primary"": ""〜まえ"", ""variants"": [""〜まえ""], ""source_text"": ""～まえ""}","[""in front of ~""]","[{""code"": ""n"", ""label"": ""noun (common) (futsuumeishi)""}, {""code"": ""adj-no"", ""label"": ""nouns which may take the genitive case particle 'no'""}, {""code"": ""adv"", ""label"": ""adverb (fukushi)""}, {""code"": ""suf"", ""label"": ""suffix""}]",True,"[{""japanese_raw"": ""上着の前が合わなかった。"", ""japanese_furigana"": ""<furigana>上着の前が合わなかった。</furigana>"", ""english"": ""On him the coat did not meet in the front."", ""source"": ""tatoeba"", ""source_id"": ""146211""}, {""japanese_raw"": ""父は２年前に亡くなった。"", ""japanese_furigana"": ""<furigana>父は２年前に亡くなった。</furigana>"", ""english"": ""My father passed away two years ago."", ""source"": ""tatoeba"", ""source_id"": ""84774""}]","{""level_map"": ""open-anki-jlpt-decks"", ""level_map_guid"": ""Jh#_2I1KK<"", ""dictionary"": ""JMdict"", ""dictionary_entry_id"": ""1392580"", ""dictionary_lookup_aliases"": [], ""examples"": ""JMdict sense-linked Tatoeba examples""}"
n5-vocab-0670,N5,670,623,"{""genki_lesson"": null}","{""primary"": ""曲る"", ""variants"": [""曲る""], ""without_furigana"": ""曲る"", ""with_furigana"": ""{曲}(まが)る"", ""lookup_text"": ""曲る""}","{""primary"": ""まがる"", ""variants"": [""まがる""], ""source_text"": ""まがる""}","[""to turn"", ""to bend""]","[{""code"": ""v5r"", ""label"": ""Godan verb with 'ru' ending""}, {""code"": ""vi"", ""label"": ""intransitive verb""}]",True,"[{""japanese_raw"": ""ネクタイが曲がってるよ。"", ""japanese_furigana"": ""<furigana>ネクタイが曲がってるよ。</furigana>"", ""english"": ""Your tie is crooked."", ""source"": ""tatoeba"", ""source_id"": ""198633""}, {""japanese_raw"": ""風に吹かれて木が曲がった。"", ""japanese_furigana"": ""<furigana>風に吹かれて木が曲がった。</furigana>"", ""english"": ""The tree bent in the wind."", ""source"": ""tatoeba"", ""source_id"": ""84020""}]","{""level_map"": ""open-anki-jlpt-decks"", ""level_map_guid"": ""fZb*Dqk8+n"", ""dictionary"": ""JMdict"", ""dictionary_entry_id"": ""1239730"", ""dictionary_lookup_aliases"": [], ""examples"": ""JMdict sense-linked Tatoeba examples""}"
n5-vocab-0671,N5,671,628,"{""genki_lesson"": null}","{""primary"": ""待つ"", ""variants"": [""待つ""], ""without_furigana"": ""待つ"", ""with_furigana"": ""{待}(ま)つ"", ""lookup_text"": ""待つ""}","{""primary"": ""まつ"", ""variants"": [""まつ""], ""source_text"": ""まつ""}","[""to wait""]","[{""code"": ""v5t"", ""label"": ""Godan verb with 'tsu' ending""}, {""code"": ""vt"", ""label"": ""transitive verb""}, {""code"": ""vi"", ""label"": ""intransitive verb""}]",True,"[{""japanese_raw"": ""しばらく電話を切らずにお待ちください。"", ""japanese_furigana"": ""<furigana>しばらく電話を切らずにお待ちください。</furigana>"", ""english"": ""Please hold the line a moment."", ""source"": ""tatoeba"", ""source_id"": ""216089""}]","{""level_map"": ""open-anki-jlpt-decks"", ""level_map_guid"": ""N6<)T3m*1$"", ""dictionary"": ""JMdict"", ""dictionary_entry_id"": ""1410590"", ""dictionary_lookup_aliases"": [], ""examples"": ""JMdict sense-linked Tatoeba examples""}"
n5-vocab-0672,N5,672,629,"{""genki_lesson"": null}","{""primary"": ""まっすぐ"", ""variants"": [""まっすぐ""], ""without_furigana"": ""まっすぐ"", ""with_furigana"": ""まっすぐ"", ""lookup_text"": ""まっすぐ""}","{""primary"": ""まっすぐ"", ""variants"": [""まっすぐ""], ""source_text"": ""まっすぐ""}","[""straight (ahead)"", ""direct""]","[{""code"": ""adj-na"", ""label"": ""adjectival nouns or quasi-adjectives (keiyodoshi)""}, {""code"": ""adv"", ""label"": ""adverb (fukushi)""}, {""code"": ""n"", ""label"": ""noun (common) (futsuumeishi)""}]",True,"[{""japanese_raw"": ""あなたはきのう放課後まっすぐ帰宅しましたか。"", ""japanese_furigana"": ""<furigana>あなたはきのう放課後まっすぐ帰宅しましたか。</furigana>"", ""english"": ""Did you go straight home after school yesterday?"", ""source"": ""tatoeba"", ""source_id"": ""232760""}]","{""level_map"": ""open-anki-jlpt-decks"", ""level_map_guid"": ""o(%GCd@4cN"", ""dictionary"": ""JMdict"", ""dictionary_entry_id"": ""1580600"", ""dictionary_lookup_aliases"": [], ""examples"": ""JMdict sense-linked Tatoeba examples""}"
n5-vocab-0673,N5,673,630,"{""genki_lesson"": null}","{""primary"": ""マッチ"", ""variants"": [""マッチ""], ""without_furigana"": ""マッチ"", ""with_furigana"": ""マッチ"", ""lookup_text"": ""マッチ""}","{""primary"": ""マッチ"", ""variants"": [""マッチ""], ""source_text"": ""マッチ""}","[""match""]","[{""code"": ""n"", ""label"": ""noun (common) (futsuumeishi)""}]",True,"[{""japanese_raw"": ""硫黄はマッチを作るのに使われる。"", ""japanese_furigana"": ""<furigana>硫黄はマッチを作るのに使われる。</furigana>"", ""english"": ""Sulfur is used to make matches."", ""source"": ""tatoeba"", ""source_id"": ""78218""}]","{""level_map"": ""open-anki-jlpt-decks"", ""level_map_guid"": ""r{cxPi6M{l"", ""dictionary"": ""JMdict"", ""dictionary_entry_id"": ""1128430"", ""dictionary_lookup_aliases"": [], ""examples"": ""JMdict sense-linked Tatoeba examples""}"
n5-vocab-0674,N5,674,632,"{""genki_lesson"": null}","{""primary"": ""丸い"", ""variants"": [""丸い"", ""円い""], ""without_furigana"": ""丸い"", ""with_furigana"": ""{丸}(まる)い"", ""lookup_text"": ""丸い""}","{""primary"": ""まるい"", ""variants"": [""まるい""], ""source_text"": ""まるい""}","[""round"", ""circular""]","[{""code"": ""adj-i"", ""label"": ""adjective (keiyoushi)""}]",True,"[{""japanese_raw"": ""彼が仲裁してその場は丸く収めた。"", ""japanese_furigana"": ""<furigana>彼が仲裁してその場は丸く収めた。</furigana>"", ""english"": ""He intervened and settled the matter peacefully for the time being."", ""source"": ""tatoeba"", ""source_id"": ""119647""}, {""japanese_raw"": ""コロンブスは地球が丸いと信じていた。"", ""japanese_furigana"": ""<furigana>コロンブスは地球が丸いと信じていた。</furigana>"", ""english"": ""Columbus believed that the earth was round."", ""source"": ""tatoeba"", ""source_id"": ""217547""}]","{""level_map"": ""open-anki-jlpt-decks"", ""level_map_guid"": ""kXV&n*v-w~"", ""dictionary"": ""JMdict"", ""dictionary_entry_id"": ""1604230"", ""dictionary_lookup_aliases"": [], ""examples"": ""JMdict sense-linked Tatoeba examples""}"
n5-vocab-0675,N5,675,633,"{""genki_lesson"": null}","{""primary"": ""万"", ""variants"": [""万""], ""without_furigana"": ""万"", ""with_furigana"": ""{万}(まん)"", ""lookup_text"": ""万""}","{""primary"": ""まん"", ""variants"": [""まん""], ""source_text"": ""まん""}","[""ten thousand""]","[{""code"": ""num"", ""label"": ""numeric""}, {""code"": ""n"", ""label"": ""noun (common) (futsuumeishi)""}, {""code"": ""adj-no"", ""label"": ""nouns which may take the genitive case particle 'no'""}]",True,"[{""japanese_raw"": ""４０万ガロンの石油がパイプラインから溢れ出た。"", ""japanese_furigana"": ""<furigana>４０万ガロンの石油がパイプラインから溢れ出た。</furigana>"", ""english"": ""400,000 gallons of oil have spilled out of the pipeline."", ""source"": ""tatoeba"", ""source_id"": ""235238""}]","{""level_map"": ""open-anki-jlpt-decks"", ""level_map_guid"": ""k%8Ts^<^Df"", ""dictionary"": ""JMdict"", ""dictionary_entry_id"": ""1584460"", ""dictionary_lookup_aliases"": [], ""examples"": ""JMdict sense-linked Tatoeba examples""}"
n5-vocab-0676,N5,676,634,"{""genki_lesson"": null}","{""primary"": ""万年筆"", ""variants"": [""万年筆""], ""without_furigana"": ""万年筆"", ""with_furigana"": ""{万年筆}(まんねんひつ)"", ""lookup_text"": ""万年筆""}","{""primary"": ""まんねんひつ"", ""variants"": [""まんねんひつ""], ""source_text"": ""まんねんひつ""}","[""fountain pen""]","[{""code"": ""n"", ""label"": ""noun (common) (futsuumeishi)""}]",True,"[{""japanese_raw"": ""新しい万年筆をなくしてしまった。"", ""japanese_furigana"": ""<furigana>新しい万年筆をなくしてしまった。</furigana>"", ""english"": ""I have lost my new fountain pen."", ""source"": ""tatoeba"", ""source_id"": ""155723""}]","{""level_map"": ""open-anki-jlpt-decks"", ""level_map_guid"": ""pjtI#>[G;I"", ""dictionary"": ""JMdict"", ""dictionary_entry_id"": ""1526360"", ""dictionary_lookup_aliases"": [], ""examples"": ""JMdict sense-linked Tatoeba examples""}"
n5-vocab-0677,N5,677,636,"{""genki_lesson"": null}","{""primary"": ""右"", ""variants"": [""右""], ""without_furigana"": ""右"", ""with_furigana"": ""{右}(みぎ)"", ""lookup_text"": ""右""}","{""primary"": ""みぎ"", ""variants"": [""みぎ""], ""source_text"": ""みぎ""}","[""right hand side""]","[{""code"": ""n"", ""label"": ""noun (common) (futsuumeishi)""}, {""code"": ""adj-no"", ""label"": ""nouns which may take the genitive case particle 'no'""}]",True,"[{""japanese_raw"": ""２つ目の角を右に曲がりなさい。"", ""japanese_furigana"": ""<furigana>２つ目の角を右に曲がりなさい。</furigana>"", ""english"": ""Turn right at the second corner."", ""source"": ""tatoeba"", ""source_id"": ""235532""}]","{""level_map"": ""open-anki-jlpt-decks"", ""level_map_guid"": ""Dx]?1r0B)6"", ""dictionary"": ""JMdict"", ""dictionary_entry_id"": ""1171010"", ""dictionary_lookup_aliases"": [], ""examples"": ""JMdict sense-linked Tatoeba examples""}"
n5-vocab-0678,N5,678,644,"{""genki_lesson"": null}","{""primary"": ""緑"", ""variants"": [""緑""], ""without_furigana"": ""緑"", ""with_furigana"": ""{緑}(みどり)"", ""lookup_text"": ""緑""}","{""primary"": ""みどり"", ""variants"": [""みどり""], ""source_text"": ""みどり""}","[""green""]","[{""code"": ""n"", ""label"": ""noun (common) (futsuumeishi)""}, {""code"": ""adj-no"", ""label"": ""nouns which may take the genitive case particle 'no'""}]",True,"[{""japanese_raw"": ""東京ミッドタウンは緑がいっぱい！"", ""japanese_furigana"": ""<furigana>東京ミッドタウンは緑がいっぱい！</furigana>"", ""english"": ""There's a lot of greenery in Tokyo Midtown!"", ""source"": ""tatoeba"", ""source_id"": ""74154""}, {""japanese_raw"": ""あなたは緑と青を見分けることができますか。"", ""japanese_furigana"": ""<furigana>あなたは緑と青を見分けることができますか。</furigana>"", ""english"": ""Can you tell green from blue?"", ""source"": ""tatoeba"", ""source_id"": ""231486""}]","{""level_map"": ""open-anki-jlpt-decks"", ""level_map_guid"": ""d@$Uu~dQl-"", ""dictionary"": ""JMdict"", ""dictionary_entry_id"": ""1555300"", ""dictionary_lookup_aliases"": [], ""examples"": ""JMdict sense-linked Tatoeba examples""}"
n5-vocab-0679,N5,679,645,"{""genki_lesson"": null}","{""primary"": ""皆さん"", ""variants"": [""皆さん""], ""without_furigana"": ""皆さん"", ""with_furigana"": ""{皆}(みな)さん"", ""lookup_text"": ""皆さん""}","{""primary"": ""みなさん"", ""variants"": [""みなさん""], ""source_text"": ""みなさん""}","[""all of you"", ""everyone""]","[{""code"": ""n"", ""label"": ""noun (common) (futsuumeishi)""}]",True,"[{""japanese_raw"": ""皆さんじっとしていてください。"", ""japanese_furigana"": ""<furigana>皆さんじっとしていてください。</furigana>"", ""english"": ""Could you keep still, everyone?"", ""source"": ""tatoeba"", ""source_id"": ""195074""}]","{""level_map"": ""open-anki-jlpt-decks"", ""level_map_guid"": ""xUxg44IBk/"", ""dictionary"": ""JMdict"", ""dictionary_entry_id"": ""1202170"", ""dictionary_lookup_aliases"": [], ""examples"": ""JMdict sense-linked Tatoeba examples""}"
n5-vocab-0680,N5,680,646,"{""genki_lesson"": null}","{""primary"": ""南"", ""variants"": [""南""], ""without_furigana"": ""南"", ""with_furigana"": ""{南}(みなみ)"", ""lookup_text"": ""南""}","{""primary"": ""みなみ"", ""variants"": [""みなみ""], ""source_text"": ""みなみ""}","[""South""]","[{""code"": ""n"", ""label"": ""noun (common) (futsuumeishi)""}]",True,"[{""japanese_raw"": ""フランスは英国の南にある。"", ""japanese_furigana"": ""<furigana>フランスは英国の南にある。</furigana>"", ""english"": ""France is to the south of England."", ""source"": ""tatoeba"", ""source_id"": ""196997""}]","{""level_map"": ""open-anki-jlpt-decks"", ""level_map_guid"": ""tmB.Hd2Sk_"", ""dictionary"": ""JMdict"", ""dictionary_entry_id"": ""1459870"", ""dictionary_lookup_aliases"": [], ""examples"": ""JMdict sense-linked Tatoeba examples""}"
n5-vocab-0681,N5,681,647,"{""genki_lesson"": null}","{""primary"": ""耳"", ""variants"": [""耳""], ""without_furigana"": ""耳"", ""with_furigana"": ""{耳}(みみ)"", ""lookup_text"": ""耳""}","{""primary"": ""みみ"", ""variants"": [""みみ""], ""source_text"": ""みみ""}","[""ear""]","[{""code"": ""n"", ""label"": ""noun (common) (futsuumeishi)""}]",True,"[{""japanese_raw"": ""私は受話器を耳に当てた。"", ""japanese_furigana"": ""<furigana>私は受話器を耳に当てた。</furigana>"", ""english"": ""I put the receiver to my ear."", ""source"": ""tatoeba"", ""source_id"": ""156052""}, {""japanese_raw"": ""彼等には音楽を聴く耳がない。"", ""japanese_furigana"": ""<furigana>彼等には音楽を聴く耳がない。</furigana>"", ""english"": ""They don't have an ear for music."", ""source"": ""tatoeba"", ""source_id"": ""86049""}]","{""level_map"": ""open-anki-jlpt-decks"", ""level_map_guid"": ""c2VG#0omOo"", ""dictionary"": ""JMdict"", ""dictionary_entry_id"": ""1317170"", ""dictionary_lookup_aliases"": [], ""examples"": ""JMdict sense-linked Tatoeba examples""}"
n5-vocab-0682,N5,682,648,"{""genki_lesson"": null}","{""primary"": ""見る"", ""variants"": [""見る""], ""without_furigana"": ""見る"", ""with_furigana"": ""{見}(み)る"", ""lookup_text"": ""見る""}","{""primary"": ""みる"", ""variants"": [""みる""], ""source_text"": ""みる""}","[""to see"", ""to look""]","[{""code"": ""v1"", ""label"": ""Ichidan verb""}, {""code"": ""vt"", ""label"": ""transitive verb""}, {""code"": ""aux-v"", ""label"": ""auxiliary verb""}]",True,"[{""japanese_raw"": ""映画を観に行かない？"", ""japanese_furigana"": ""<furigana>映画を観に行かない？</furigana>"", ""english"": ""Would you like to take in a movie?"", ""source"": ""tatoeba"", ""source_id"": ""189303""}, {""japanese_raw"": ""１０ページの５行目をみなさい。"", ""japanese_furigana"": ""<furigana>１０ページの５行目をみなさい。</furigana>"", ""english"": ""Let's begin with the fifth line on page 10."", ""source"": ""tatoeba"", ""source_id"": ""236082""}]","{""level_map"": ""open-anki-jlpt-decks"", ""level_map_guid"": ""LJ*9Zy3g--"", ""dictionary"": ""JMdict"", ""dictionary_entry_id"": ""1259290"", ""dictionary_lookup_aliases"": [], ""examples"": ""JMdict sense-linked Tatoeba examples""}"
n5-vocab-0683,N5,683,651,"{""genki_lesson"": null}","{""primary"": ""向こう"", ""variants"": [""向こう""], ""without_furigana"": ""向こう"", ""with_furigana"": ""{向}(む)こう"", ""lookup_text"": ""向こう""}","{""primary"": ""むこう"", ""variants"": [""むこう""], ""source_text"": ""むこう""}","[""beyond"", ""over there""]","[{""code"": ""n"", ""label"": ""noun (common) (futsuumeishi)""}]",True,"[{""japanese_raw"": ""向こうの思う壷だぞ。"", ""japanese_furigana"": ""<furigana>向こうの思う壷だぞ。</furigana>"", ""english"": ""You will play into their hands."", ""source"": ""tatoeba"", ""source_id"": ""173840""}, {""japanese_raw"": ""その男の子は向こうにいます。"", ""japanese_furigana"": ""<furigana>その男の子は向こうにいます。</furigana>"", ""english"": ""The boy is over there."", ""source"": ""tatoeba"", ""source_id"": ""208147""}]","{""level_map"": ""open-anki-jlpt-decks"", ""level_map_guid"": ""mQG@k1[%|C"", ""dictionary"": ""JMdict"", ""dictionary_entry_id"": ""1277140"", ""dictionary_lookup_aliases"": [], ""examples"": ""JMdict sense-linked Tatoeba examples""}"
n5-vocab-0684,N5,684,654,"{""genki_lesson"": null}","{""primary"": ""村"", ""variants"": [""村""], ""without_furigana"": ""村"", ""with_furigana"": ""{村}(むら)"", ""lookup_text"": ""村""}","{""primary"": ""むら"", ""variants"": [""むら""], ""source_text"": ""むら""}","[""village""]","[{""code"": ""n"", ""label"": ""noun (common) (futsuumeishi)""}]",True,"[{""japanese_raw"": ""町は村よりも大きい。"", ""japanese_furigana"": ""<furigana>町は村よりも大きい。</furigana>"", ""english"": ""Towns are larger than villages."", ""source"": ""tatoeba"", ""source_id"": ""126109""}]","{""level_map"": ""open-anki-jlpt-decks"", ""level_map_guid"": ""INP.Ccu#He"", ""dictionary"": ""JMdict"", ""dictionary_entry_id"": ""1406820"", ""dictionary_lookup_aliases"": [], ""examples"": ""JMdict sense-linked Tatoeba examples""}"
n5-vocab-0685,N5,685,656,"{""genki_lesson"": null}","{""primary"": ""メートル"", ""variants"": [""メートル""], ""without_furigana"": ""メートル"", ""with_furigana"": ""メートル"", ""lookup_text"": ""メートル""}","{""primary"": ""メートル"", ""variants"": [""メートル""], ""source_text"": ""メートル""}","[""meter""]","[{""code"": ""n"", ""label"": ""noun (common) (futsuumeishi)""}]",True,"[{""japanese_raw"": ""１マイルは約１６００メートルにあたる。"", ""japanese_furigana"": ""<furigana>１マイルは約１６００メートルにあたる。</furigana>"", ""english"": ""A mile is equal to about 1,600 meters."", ""source"": ""tatoeba"", ""source_id"": ""235825""}]","{""level_map"": ""open-anki-jlpt-decks"", ""level_map_guid"": ""BPMIO$2k{i"", ""dictionary"": ""JMdict"", ""dictionary_entry_id"": ""1132570"", ""dictionary_lookup_aliases"": [], ""examples"": ""JMdict sense-linked Tatoeba examples""}"
n5-vocab-0686,N5,686,661,"{""genki_lesson"": null}","{""primary"": ""持つ"", ""variants"": [""持つ""], ""without_furigana"": ""持つ"", ""with_furigana"": ""{持}(も)つ"", ""lookup_text"": ""持つ""}","{""primary"": ""もつ"", ""variants"": [""もつ""], ""source_text"": ""もつ""}","[""to hold"", ""to carry"", ""to possess""]","[{""code"": ""v5t"", ""label"": ""Godan verb with 'tsu' ending""}, {""code"": ""vt"", ""label"": ""transitive verb""}, {""code"": ""vi"", ""label"": ""intransitive verb""}]",True,"[{""japanese_raw"": ""コートを持ちましょうか。"", ""japanese_furigana"": ""<furigana>コートを持ちましょうか。</furigana>"", ""english"": ""Shall I carry your coat?"", ""source"": ""tatoeba"", ""source_id"": ""224958""}, {""japanese_raw"": ""私たちは数回会合を持った。"", ""japanese_furigana"": ""<furigana>私たちは数回会合を持った。</furigana>"", ""english"": ""We've had several meetings."", ""source"": ""tatoeba"", ""source_id"": ""165575""}]","{""level_map"": ""open-anki-jlpt-decks"", ""level_map_guid"": ""A&O@O/^cS;"", ""dictionary"": ""JMdict"", ""dictionary_entry_id"": ""1315720"", ""dictionary_lookup_aliases"": [], ""examples"": ""JMdict sense-linked Tatoeba examples""}"
n5-vocab-0687,N5,687,664,"{""genki_lesson"": null}","{""primary"": ""門"", ""variants"": [""門""], ""without_furigana"": ""門"", ""with_furigana"": ""{門}(もん)"", ""lookup_text"": ""門""}","{""primary"": ""もん"", ""variants"": [""もん""], ""source_text"": ""もん""}","[""gate""]","[{""code"": ""n"", ""label"": ""noun (common) (futsuumeishi)""}, {""code"": ""n-suf"", ""label"": ""noun, used as a suffix""}, {""code"": ""ctr"", ""label"": ""counter""}]",True,"[{""japanese_raw"": ""２人の兵士が、門のところで見張りをしていた。"", ""japanese_furigana"": ""<furigana>２人の兵士が、門のところで見張りをしていた。</furigana>"", ""english"": ""Two soldiers kept guard at the gate."", ""source"": ""tatoeba"", ""source_id"": ""235442""}]","{""level_map"": ""open-anki-jlpt-decks"", ""level_map_guid"": ""H&[yCKRvgq"", ""dictionary"": ""JMdict"", ""dictionary_entry_id"": ""1584800"", ""dictionary_lookup_aliases"": [], ""examples"": ""JMdict sense-linked Tatoeba examples""}"
n5-vocab-0688,N5,688,665,"{""genki_lesson"": null}","{""primary"": ""問題"", ""variants"": [""問題""], ""without_furigana"": ""問題"", ""with_furigana"": ""{問題}(もんだい)"", ""lookup_text"": ""問題""}","{""primary"": ""もんだい"", ""variants"": [""もんだい""], ""source_text"": ""もんだい""}","[""a problem""]","[{""code"": ""n"", ""label"": ""noun (common) (futsuumeishi)""}]",True,"[{""japanese_raw"": ""あなたはどのようにしてその問題を解いたのですか。"", ""japanese_furigana"": ""<furigana>あなたはどのようにしてその問題を解いたのですか。</furigana>"", ""english"": ""How did you solve the problem?"", ""source"": ""tatoeba"", ""source_id"": ""232460""}]","{""level_map"": ""open-anki-jlpt-decks"", ""level_map_guid"": ""Eh6&Bnk+Z%"", ""dictionary"": ""JMdict"", ""dictionary_entry_id"": ""1536010"", ""dictionary_lookup_aliases"": [], ""examples"": ""JMdict sense-linked Tatoeba examples""}"
n5-vocab-0689,N5,689,667,"{""genki_lesson"": null}","{""primary"": ""八百屋"", ""variants"": [""八百屋""], ""without_furigana"": ""八百屋"", ""with_furigana"": ""{八百屋}(やおや)"", ""lookup_text"": ""八百屋""}","{""primary"": ""やおや"", ""variants"": [""やおや""], ""source_text"": ""やおや""}","[""greengrocer""]","[{""code"": ""n"", ""label"": ""noun (common) (futsuumeishi)""}]",True,"[{""japanese_raw"": ""その八百屋は客にとても親切だ。"", ""japanese_furigana"": ""<furigana>その八百屋は客にとても親切だ。</furigana>"", ""english"": ""The greengrocer is very kind to his customers."", ""source"": ""tatoeba"", ""source_id"": ""207193""}]","{""level_map"": ""open-anki-jlpt-decks"", ""level_map_guid"": ""C[.TX0anRy"", ""dictionary"": ""JMdict"", ""dictionary_entry_id"": ""1476960"", ""dictionary_lookup_aliases"": [], ""examples"": ""JMdict sense-linked Tatoeba examples""}"
n5-vocab-0690,N5,690,669,"{""genki_lesson"": null}","{""primary"": ""易しい"", ""variants"": [""易しい""], ""without_furigana"": ""易しい"", ""with_furigana"": ""{易}(やさ)しい"", ""lookup_text"": ""易しい""}","{""primary"": ""やさしい"", ""variants"": [""やさしい""], ""source_text"": ""やさしい""}","[""easy"", ""plain"", ""simple""]","[{""code"": ""adj-i"", ""label"": ""adjective (keiyoushi)""}]",True,"[{""japanese_raw"": ""この仕事は決してやさしくない。"", ""japanese_furigana"": ""<furigana>この仕事は決してやさしくない。</furigana>"", ""english"": ""This work is by no means easy."", ""source"": ""tatoeba"", ""source_id"": ""221812""}]","{""level_map"": ""open-anki-jlpt-decks"", ""level_map_guid"": ""O&W|&R47Dm"", ""dictionary"": ""JMdict"", ""dictionary_entry_id"": ""1157000"", ""dictionary_lookup_aliases"": [], ""examples"": ""JMdict sense-linked Tatoeba examples""}"
n5-vocab-0691,N5,691,672,"{""genki_lesson"": null}","{""primary"": ""休む"", ""variants"": [""休む""], ""without_furigana"": ""休む"", ""with_furigana"": ""{休}(やす)む"", ""lookup_text"": ""休む""}","{""primary"": ""やすむ"", ""variants"": [""やすむ""], ""source_text"": ""やすむ""}","[""to rest"", ""to have a break"", ""to get time off""]","[{""code"": ""v5m"", ""label"": ""Godan verb with 'mu' ending""}, {""code"": ""vi"", ""label"": ""intransitive verb""}]",True,"[{""japanese_raw"": ""彼はよく会合を休む。"", ""japanese_furigana"": ""<furigana>彼はよく会合を休む。</furigana>"", ""english"": ""He often absents himself from meetings."", ""source"": ""tatoeba"", ""source_id"": ""110418""}, {""japanese_raw"": ""父はまだ休んでいる。"", ""japanese_furigana"": ""<furigana>父はまだ休んでいる。</furigana>"", ""english"": ""Father is still in bed."", ""source"": ""tatoeba"", ""source_id"": ""84662""}]","{""level_map"": ""open-anki-jlpt-decks"", ""level_map_guid"": ""i~a&f>8]D["", ""dictionary"": ""JMdict"", ""dictionary_entry_id"": ""1227560"", ""dictionary_lookup_aliases"": [], ""examples"": ""JMdict sense-linked Tatoeba examples""}"
n5-vocab-0692,N5,692,677,"{""genki_lesson"": null}","{""primary"": ""夕飯"", ""variants"": [""夕飯""], ""without_furigana"": ""夕飯"", ""with_furigana"": ""{夕飯}(ゆうはん)"", ""lookup_text"": ""夕飯""}","{""primary"": ""ゆうはん"", ""variants"": [""ゆうはん""], ""source_text"": ""ゆうはん""}","[""dinner"", ""supper"", ""evening meal""]","[{""code"": ""n"", ""label"": ""noun (common) (futsuumeishi)""}]",True,"[{""japanese_raw"": ""私は昨日夕飯を作った。"", ""japanese_furigana"": ""<furigana>私は昨日夕飯を作った。</furigana>"", ""english"": ""I cooked supper last night."", ""source"": ""tatoeba"", ""source_id"": ""156721""}]","{""level_map"": ""open-anki-jlpt-decks"", ""level_map_guid"": ""x@-+;z#Bdx"", ""dictionary"": ""JMdict"", ""dictionary_entry_id"": ""1584910"", ""dictionary_lookup_aliases"": [], ""examples"": ""JMdict sense-linked Tatoeba examples""}"
n5-vocab-0693,N5,693,679,"{""genki_lesson"": null}","{""primary"": ""昨夜"", ""variants"": [""昨夜""], ""without_furigana"": ""昨夜"", ""with_furigana"": ""{昨夜}(ゆうべ)"", ""lookup_text"": ""昨夜""}","{""primary"": ""ゆうべ"", ""variants"": [""ゆうべ""], ""source_text"": ""ゆうべ""}","[""last night""]","[{""code"": ""n"", ""label"": ""noun (common) (futsuumeishi)""}, {""code"": ""adv"", ""label"": ""adverb (fukushi)""}]",True,"[{""japanese_raw"": ""昨夜はよく眠れましたか。"", ""japanese_furigana"": ""<furigana>昨夜はよく眠れましたか。</furigana>"", ""english"": ""Did you have a good sleep last night?"", ""source"": ""tatoeba"", ""source_id"": ""169654""}]","{""level_map"": ""open-anki-jlpt-decks"", ""level_map_guid"": ""h5wsUbx`&$"", ""dictionary"": ""JMdict"", ""dictionary_entry_id"": ""1542640"", ""dictionary_lookup_aliases"": [], ""examples"": ""JMdict sense-linked Tatoeba examples""}"
n5-vocab-0694,N5,694,680,"{""genki_lesson"": null}","{""primary"": ""有名"", ""variants"": [""有名""], ""without_furigana"": ""有名"", ""with_furigana"": ""{有名}(ゆうめい)"", ""lookup_text"": ""有名""}","{""primary"": ""ゆうめい"", ""variants"": [""ゆうめい""], ""source_text"": ""ゆうめい""}","[""famous""]","[{""code"": ""adj-na"", ""label"": ""adjectival nouns or quasi-adjectives (keiyodoshi)""}]",True,"[{""japanese_raw"": ""これは芭蕉の非常に有名な俳句です。"", ""japanese_furigana"": ""<furigana>これは芭蕉の非常に有名な俳句です。</furigana>"", ""english"": ""This is a very famous haiku by Basho."", ""source"": ""tatoeba"", ""source_id"": ""218151""}]","{""level_map"": ""open-anki-jlpt-decks"", ""level_map_guid"": ""cV2lu-%dm7"", ""dictionary"": ""JMdict"", ""dictionary_entry_id"": ""1541620"", ""dictionary_lookup_aliases"": [], ""examples"": ""JMdict sense-linked Tatoeba examples""}"
n5-vocab-0695,N5,695,682,"{""genki_lesson"": null}","{""primary"": ""ゆっくりと"", ""variants"": [""ゆっくりと""], ""without_furigana"": ""ゆっくりと"", ""with_furigana"": ""ゆっくりと"", ""lookup_text"": ""ゆっくりと""}","{""primary"": ""ゆっくりと"", ""variants"": [""ゆっくりと""], ""source_text"": ""ゆっくりと""}","[""slowly"", ""at ease""]","[{""code"": ""adv"", ""label"": ""adverb (fukushi)""}, {""code"": ""adv-to"", ""label"": ""adverb taking the 'to' particle""}, {""code"": ""vs"", ""label"": ""noun or participle which takes the aux. verb suru""}]",True,"[{""japanese_raw"": ""ゆっくりしてお茶でも飲んでいきませんか。"", ""japanese_furigana"": ""<furigana>ゆっくりしてお茶でも飲んでいきませんか。</furigana>"", ""english"": ""Won't you stay for tea?"", ""source"": ""tatoeba"", ""source_id"": ""192973""}, {""japanese_raw"": ""ゆっくりでも着実にやってゆけば勝負には勝つ。"", ""japanese_furigana"": ""<furigana>ゆっくりでも着実にやってゆけば勝負には勝つ。</furigana>"", ""english"": ""Slow and steady wins the race."", ""source"": ""tatoeba"", ""source_id"": ""192972""}]","{""level_map"": ""open-anki-jlpt-decks"", ""level_map_guid"": ""w_ef65R9#}"", ""dictionary"": ""JMdict"", ""dictionary_entry_id"": ""1013050"", ""dictionary_lookup_aliases"": [""ゆっくり""], ""examples"": ""JMdict sense-linked Tatoeba examples""}"
n5-vocab-0696,N5,696,684,"{""genki_lesson"": null}","{""primary"": ""洋服"", ""variants"": [""洋服""], ""without_furigana"": ""洋服"", ""with_furigana"": ""{洋服}(ようふく)"", ""lookup_text"": ""洋服""}","{""primary"": ""ようふく"", ""variants"": [""ようふく""], ""source_text"": ""ようふく""}","[""Western-style clothes""]","[{""code"": ""n"", ""label"": ""noun (common) (futsuumeishi)""}]",True,"[{""japanese_raw"": ""お前に新しい洋服を作ってあげよう。"", ""japanese_furigana"": ""<furigana>お前に新しい洋服を作ってあげよう。</furigana>"", ""english"": ""I will make a new suit for you."", ""source"": ""tatoeba"", ""source_id"": ""226963""}]","{""level_map"": ""open-anki-jlpt-decks"", ""level_map_guid"": ""uv*)pIfBA|"", ""dictionary"": ""JMdict"", ""dictionary_entry_id"": ""1546020"", ""dictionary_lookup_aliases"": [], ""examples"": ""JMdict sense-linked Tatoeba examples""}"
n5-vocab-0697,N5,697,686,"{""genki_lesson"": null}","{""primary"": ""横"", ""variants"": [""横""], ""without_furigana"": ""横"", ""with_furigana"": ""{横}(よこ)"", ""lookup_text"": ""横""}","{""primary"": ""よこ"", ""variants"": [""よこ""], ""source_text"": ""よこ""}","[""beside"", ""side"", ""width""]","[{""code"": ""n"", ""label"": ""noun (common) (futsuumeishi)""}]",True,"[{""japanese_raw"": ""家の横はつたで覆われていた。"", ""japanese_furigana"": ""<furigana>家の横はつたで覆われていた。</furigana>"", ""english"": ""The side of the house was covered with ivy."", ""source"": ""tatoeba"", ""source_id"": ""187052""}, {""japanese_raw"": ""あの人は眼の横にほくろがある。"", ""japanese_furigana"": ""<furigana>あの人は眼の横にほくろがある。</furigana>"", ""english"": ""That person has a mole at the side of his eye."", ""source"": ""tatoeba"", ""source_id"": ""230726""}]","{""level_map"": ""open-anki-jlpt-decks"", ""level_map_guid"": ""C?K**~xaVS"", ""dictionary"": ""JMdict"", ""dictionary_entry_id"": ""1180570"", ""dictionary_lookup_aliases"": [], ""examples"": ""JMdict sense-linked Tatoeba examples""}"
n5-vocab-0698,N5,698,690,"{""genki_lesson"": null}","{""primary"": ""読む"", ""variants"": [""読む""], ""without_furigana"": ""読む"", ""with_furigana"": ""{読}(よ)む"", ""lookup_text"": ""読む""}","{""primary"": ""よむ"", ""variants"": [""よむ""], ""source_text"": ""よむ""}","[""to read""]","[{""code"": ""v5m"", ""label"": ""Godan verb with 'mu' ending""}, {""code"": ""vt"", ""label"": ""transitive verb""}]",True,"[{""japanese_raw"": ""ミルトンの作品を読んだことがありますか。"", ""japanese_furigana"": ""<furigana>ミルトンの作品を読んだことがありますか。</furigana>"", ""english"": ""Have you ever read Milton's works?"", ""source"": ""tatoeba"", ""source_id"": ""195029""}, {""japanese_raw"": ""彼女の心の動きを読むことさえできなかった。"", ""japanese_furigana"": ""<furigana>彼女の心の動きを読むことさえできなかった。</furigana>"", ""english"": ""I could not even make a guess at the working of her mind."", ""source"": ""tatoeba"", ""source_id"": ""94272""}]","{""level_map"": ""open-anki-jlpt-decks"", ""level_map_guid"": ""G8F?CvYLz|"", ""dictionary"": ""JMdict"", ""dictionary_entry_id"": ""1456360"", ""dictionary_lookup_aliases"": [], ""examples"": ""JMdict sense-linked Tatoeba examples""}"
n5-vocab-0699,N5,699,692,"{""genki_lesson"": null}","{""primary"": ""弱い"", ""variants"": [""弱い""], ""without_furigana"": ""弱い"", ""with_furigana"": ""{弱}(よわ)い"", ""lookup_text"": ""弱い""}","{""primary"": ""よわい"", ""variants"": [""よわい""], ""source_text"": ""よわい""}","[""weak""]","[{""code"": ""adj-i"", ""label"": ""adjective (keiyoushi)""}]",True,"[{""japanese_raw"": ""それを言われると弱いなあ。"", ""japanese_furigana"": ""<furigana>それを言われると弱いなあ。</furigana>"", ""english"": ""That sure puts me on the spot."", ""source"": ""tatoeba"", ""source_id"": ""204593""}]","{""level_map"": ""open-anki-jlpt-decks"", ""level_map_guid"": ""x)3Ur1<az7"", ""dictionary"": ""JMdict"", ""dictionary_entry_id"": ""1324520"", ""dictionary_lookup_aliases"": [], ""examples"": ""JMdict sense-linked Tatoeba examples""}"
n5-vocab-0700,N5,700,697,"{""genki_lesson"": null}","{""primary"": ""ラジオカセ"", ""variants"": [""ラジオカセ""], ""without_furigana"": ""ラジオカセ"", ""with_furigana"": ""ラジオカセ"", ""lookup_text"": ""ラジオカセ""}","{""primary"": ""ラジオカセ"", ""variants"": [""ラジオカセ""], ""source_text"": ""ラジオカセ""}","[""radio cassette player""]","[{""code"": ""n"", ""label"": ""noun (common) (futsuumeishi)""}]",True,[],"{""level_map"": ""open-anki-jlpt-decks"", ""level_map_guid"": ""eBPF6I+,&0"", ""dictionary"": ""JMdict"", ""dictionary_entry_id"": ""1138960"", ""dictionary_lookup_aliases"": [""ラジカセ"", ""ラジオカセット""], ""examples"": ""JMdict sense-linked Tatoeba examples""}"
n5-vocab-0701,N5,701,698,"{""genki_lesson"": null}","{""primary"": ""りっぱ"", ""variants"": [""りっぱ""], ""without_furigana"": ""りっぱ"", ""with_furigana"": ""りっぱ"", ""lookup_text"": ""りっぱ""}","{""primary"": ""りっぱ"", ""variants"": [""りっぱ""], ""source_text"": ""りっぱ""}","[""splendid"", ""fine""]","[{""code"": ""adj-na"", ""label"": ""adjectival nouns or quasi-adjectives (keiyodoshi)""}]",True,"[{""japanese_raw"": ""私たちの学校には立派な図書館があります。"", ""japanese_furigana"": ""<furigana>私たちの学校には立派な図書館があります。</furigana>"", ""english"": ""We have a nice school library."", ""source"": ""tatoeba"", ""source_id"": ""167040""}]","{""level_map"": ""open-anki-jlpt-decks"", ""level_map_guid"": ""J%`%&)W1.O"", ""dictionary"": ""JMdict"", ""dictionary_entry_id"": ""1551790"", ""dictionary_lookup_aliases"": [], ""examples"": ""JMdict sense-linked Tatoeba examples""}"
n5-vocab-0702,N5,702,701,"{""genki_lesson"": null}","{""primary"": ""料理"", ""variants"": [""料理""], ""without_furigana"": ""料理"", ""with_furigana"": ""{料理}(りょうり)"", ""lookup_text"": ""料理""}","{""primary"": ""りょうり"", ""variants"": [""りょうり""], ""source_text"": ""りょうり""}","[""cooking"", ""cuisine""]","[{""code"": ""n"", ""label"": ""noun (common) (futsuumeishi)""}, {""code"": ""vs"", ""label"": ""noun or participle which takes the aux. verb suru""}, {""code"": ""vt"", ""label"": ""transitive verb""}]",True,"[{""japanese_raw"": ""これらのりんごは料理用にもってこいだ。"", ""japanese_furigana"": ""<furigana>これらのりんごは料理用にもってこいだ。</furigana>"", ""english"": ""These apples are good cookers."", ""source"": ""tatoeba"", ""source_id"": ""217962""}, {""japanese_raw"": ""良い所：様々なコンボで自由に敵を料理する楽しさ。"", ""japanese_furigana"": ""<furigana>良い所：様々なコンボで自由に敵を料理する楽しさ。</furigana>"", ""english"": ""Good points: The pleasure of disposing of enemies with a variety of combos."", ""source"": ""tatoeba"", ""source_id"": ""74119""}]","{""level_map"": ""open-anki-jlpt-decks"", ""level_map_guid"": ""G!~TK}MKdj"", ""dictionary"": ""JMdict"", ""dictionary_entry_id"": ""1554310"", ""dictionary_lookup_aliases"": [], ""examples"": ""JMdict sense-linked Tatoeba examples""}"
n5-vocab-0703,N5,703,703,"{""genki_lesson"": null}","{""primary"": ""零"", ""variants"": [""零""], ""without_furigana"": ""零"", ""with_furigana"": ""{零}(れい)"", ""lookup_text"": ""零""}","{""primary"": ""れい"", ""variants"": [""れい""], ""source_text"": ""れい""}","[""zero"", ""nought""]","[{""code"": ""n"", ""label"": ""noun (common) (futsuumeishi)""}]",True,[],"{""level_map"": ""open-anki-jlpt-decks"", ""level_map_guid"": ""rc1t]Q^qI("", ""dictionary"": ""JMdict"", ""dictionary_entry_id"": ""1557630"", ""dictionary_lookup_aliases"": [], ""examples"": ""JMdict sense-linked Tatoeba examples""}"
n5-vocab-0704,N5,704,705,"{""genki_lesson"": null}","{""primary"": ""レコード"", ""variants"": [""レコード""], ""without_furigana"": ""レコード"", ""with_furigana"": ""レコード"", ""lookup_text"": ""レコード""}","{""primary"": ""レコード"", ""variants"": [""レコード""], ""source_text"": ""レコード""}","[""record""]","[{""code"": ""n"", ""label"": ""noun (common) (futsuumeishi)""}]",True,"[{""japanese_raw"": ""ＣＤはすっかりレコードに取って代わった。"", ""japanese_furigana"": ""<furigana>ＣＤはすっかりレコードに取って代わった。</furigana>"", ""english"": ""Compact discs have entirely taken the place of phonograph records."", ""source"": ""tatoeba"", ""source_id"": ""234862""}]","{""level_map"": ""open-anki-jlpt-decks"", ""level_map_guid"": ""xn:3qV.c32"", ""dictionary"": ""JMdict"", ""dictionary_entry_id"": ""1144940"", ""dictionary_lookup_aliases"": [], ""examples"": ""JMdict sense-linked Tatoeba examples""}"
n5-vocab-0705,N5,705,707,"{""genki_lesson"": null}","{""primary"": ""練習"", ""variants"": [""練習""], ""without_furigana"": ""練習"", ""with_furigana"": ""{練習}(れんしゅう)"", ""lookup_text"": ""練習""}","{""primary"": ""れんしゅう"", ""variants"": [""れんしゅう""], ""source_text"": ""れんしゅう (する)""}","[""(to) practice""]","[{""code"": ""n"", ""label"": ""noun (common) (futsuumeishi)""}, {""code"": ""vs"", ""label"": ""noun or participle which takes the aux. verb suru""}, {""code"": ""vt"", ""label"": ""transitive verb""}]",True,"[{""japanese_raw"": ""あなたはいつピアノの練習をしますか。"", ""japanese_furigana"": ""<furigana>あなたはいつピアノの練習をしますか。</furigana>"", ""english"": ""When do you practice the piano?"", ""source"": ""tatoeba"", ""source_id"": ""232827""}]","{""level_map"": ""open-anki-jlpt-decks"", ""level_map_guid"": ""KaUYN0c91a"", ""dictionary"": ""JMdict"", ""dictionary_entry_id"": ""1559160"", ""dictionary_lookup_aliases"": [], ""examples"": ""JMdict sense-linked Tatoeba examples""}"
n5-vocab-0706,N5,706,708,"{""genki_lesson"": null}","{""primary"": ""廊下"", ""variants"": [""廊下""], ""without_furigana"": ""廊下"", ""with_furigana"": ""{廊下}(ろうか)"", ""lookup_text"": ""廊下""}","{""primary"": ""ろうか"", ""variants"": [""ろうか""], ""source_text"": ""ろうか""}","[""corridor""]","[{""code"": ""n"", ""label"": ""noun (common) (futsuumeishi)""}]",True,"[{""japanese_raw"": ""「学園の廊下で、濃厚なキスシーン・・・聞いたぞ聞いたぞ」「濃厚じゃなーい！話に尾ひれ付いてるって・・・」"", ""japanese_furigana"": ""<furigana>「学園の廊下で、濃厚なキスシーン・・・聞いたぞ聞いたぞ」「濃厚じゃなーい！話に尾ひれ付いてるって・・・」</furigana>"", ""english"": ""\""A passionate kiss scene in a school corridor ... I've heard all about it!\"" \""It wasn't passionate! That's an exaggeration...\"""", ""source"": ""tatoeba"", ""source_id"": ""77000""}]","{""level_map"": ""open-anki-jlpt-decks"", ""level_map_guid"": ""AsH$#BLZ{M"", ""dictionary"": ""JMdict"", ""dictionary_entry_id"": ""1560670"", ""dictionary_lookup_aliases"": [], ""examples"": ""JMdict sense-linked Tatoeba examples""}"
n5-vocab-0707,N5,707,709,"{""genki_lesson"": null}","{""primary"": ""六"", ""variants"": [""六""], ""without_furigana"": ""六"", ""with_furigana"": ""{六}(ろく)"", ""lookup_text"": ""六""}","{""primary"": ""ろく"", ""variants"": [""ろく""], ""source_text"": ""ろく""}","[""six""]","[{""code"": ""num"", ""label"": ""numeric""}]",True,"[{""japanese_raw"": ""私は毎朝六時に起きます。"", ""japanese_furigana"": ""<furigana>私は毎朝六時に起きます。</furigana>"", ""english"": ""I get up at six every morning."", ""source"": ""tatoeba"", ""source_id"": ""152733""}]","{""level_map"": ""open-anki-jlpt-decks"", ""level_map_guid"": ""w>WY?cJ:VM"", ""dictionary"": ""JMdict"", ""dictionary_entry_id"": ""1585310"", ""dictionary_lookup_aliases"": [], ""examples"": ""JMdict sense-linked Tatoeba examples""}"
n5-vocab-0708,N5,708,710,"{""genki_lesson"": null}","{""primary"": ""ワイシャツ"", ""variants"": [""ワイシャツ""], ""without_furigana"": ""ワイシャツ"", ""with_furigana"": ""ワイシャツ"", ""lookup_text"": ""ワイシャツ""}","{""primary"": ""ワイシャツ"", ""variants"": [""ワイシャツ""], ""source_text"": ""ワイシャツ""}","[""shirt (lit: white shirt)"", ""business shirt""]","[{""code"": ""n"", ""label"": ""noun (common) (futsuumeishi)""}]",True,"[{""japanese_raw"": ""このワイシャツは首まわりが合わない。"", ""japanese_furigana"": ""<furigana>このワイシャツは首まわりが合わない。</furigana>"", ""english"": ""This shirt doesn't fit me round the neck."", ""source"": ""tatoeba"", ""source_id"": ""222985""}]","{""level_map"": ""open-anki-jlpt-decks"", ""level_map_guid"": ""x|nJIKNm*T"", ""dictionary"": ""JMdict"", ""dictionary_entry_id"": ""1148640"", ""dictionary_lookup_aliases"": [], ""examples"": ""JMdict sense-linked Tatoeba examples""}"
n5-vocab-0709,N5,709,712,"{""genki_lesson"": null}","{""primary"": ""分かる"", ""variants"": [""分かる""], ""without_furigana"": ""分かる"", ""with_furigana"": ""{分}(わ)かる"", ""lookup_text"": ""分かる""}","{""primary"": ""わかる"", ""variants"": [""わかる""], ""source_text"": ""わかる""}","[""to understand""]","[{""code"": ""v5r"", ""label"": ""Godan verb with 'ru' ending""}, {""code"": ""vi"", ""label"": ""intransitive verb""}, {""code"": ""int"", ""label"": ""interjection (kandoushi)""}]",True,"[{""japanese_raw"": ""彼が有名な人物だというのがわかります。"", ""japanese_furigana"": ""<furigana>彼が有名な人物だというのがわかります。</furigana>"", ""english"": ""I understand that he's something of a famous personality."", ""source"": ""tatoeba"", ""source_id"": ""119408""}, {""japanese_raw"": ""「博、君の気持ちは分かるよ」とマイクが言います。"", ""japanese_furigana"": ""<furigana>「博、君の気持ちは分かるよ」とマイクが言います。</furigana>"", ""english"": ""\""I understand how you feel, Hiroshi,\"" says Mike."", ""source"": ""tatoeba"", ""source_id"": ""236205""}]","{""level_map"": ""open-anki-jlpt-decks"", ""level_map_guid"": ""vF3#$3|-lu"", ""dictionary"": ""JMdict"", ""dictionary_entry_id"": ""1606560"", ""dictionary_lookup_aliases"": [], ""examples"": ""JMdict sense-linked Tatoeba examples""}"
n5-vocab-0710,N5,710,713,"{""genki_lesson"": null}","{""primary"": ""忘れる"", ""variants"": [""忘れる""], ""without_furigana"": ""忘れる"", ""with_furigana"": ""{忘}(わす)れる"", ""lookup_text"": ""忘れる""}","{""primary"": ""わすれる"", ""variants"": [""わすれる""], ""source_text"": ""わすれる""}","[""to forget""]","[{""code"": ""v1"", ""label"": ""Ichidan verb""}, {""code"": ""vt"", ""label"": ""transitive verb""}]",True,[],"{""level_map"": ""open-anki-jlpt-decks"", ""level_map_guid"": ""HW)xrzU[Z4"", ""dictionary"": ""JMdict"", ""dictionary_entry_id"": ""1519210"", ""dictionary_lookup_aliases"": [], ""examples"": ""JMdict sense-linked Tatoeba examples""}"
n5-vocab-0711,N5,711,716,"{""genki_lesson"": null}","{""primary"": ""渡す"", ""variants"": [""渡す""], ""without_furigana"": ""渡す"", ""with_furigana"": ""{渡}(わた)す"", ""lookup_text"": ""渡す""}","{""primary"": ""わたす"", ""variants"": [""わたす""], ""source_text"": ""わたす""}","[""to hand (something) over (v.t.)"", ""to get across""]","[{""code"": ""v5s"", ""label"": ""Godan verb with 'su' ending""}, {""code"": ""vt"", ""label"": ""transitive verb""}]",True,"[{""japanese_raw"": ""わたしを向こう側へわたしてください。"", ""japanese_furigana"": ""<furigana>わたしを向こう側へわたしてください。</furigana>"", ""english"": ""Please take me over to the other side."", ""source"": ""tatoeba"", ""source_id"": ""191764""}, {""japanese_raw"": ""それじゃあこのメモを渡してください。緊急です。"", ""japanese_furigana"": ""<furigana>それじゃあこのメモを渡してください。緊急です。</furigana>"", ""english"": ""Then, please give him this note. This is urgent."", ""source"": ""tatoeba"", ""source_id"": ""205820""}]","{""level_map"": ""open-anki-jlpt-decks"", ""level_map_guid"": ""KvDHRUZ*r&"", ""dictionary"": ""JMdict"", ""dictionary_entry_id"": ""1444610"", ""dictionary_lookup_aliases"": [], ""examples"": ""JMdict sense-linked Tatoeba examples""}"
n5-vocab-0712,N5,712,717,"{""genki_lesson"": null}","{""primary"": ""渡る"", ""variants"": [""渡る""], ""without_furigana"": ""渡る"", ""with_furigana"": ""{渡}(わた)る"", ""lookup_text"": ""渡る""}","{""primary"": ""わたる"", ""variants"": [""わたる""], ""source_text"": ""わたる""}","[""to cross over"", ""to go across""]","[{""code"": ""v5r"", ""label"": ""Godan verb with 'ru' ending""}, {""code"": ""vi"", ""label"": ""intransitive verb""}]",True,"[{""japanese_raw"": ""橋は安全です。車でわたれます。"", ""japanese_furigana"": ""<furigana>橋は安全です。車でわたれます。</furigana>"", ""english"": ""The bridge is safe; you can drive across."", ""source"": ""tatoeba"", ""source_id"": ""180123""}, {""japanese_raw"": ""この儀式は幾世代にもわたって伝わってきた。"", ""japanese_furigana"": ""<furigana>この儀式は幾世代にもわたって伝わってきた。</furigana>"", ""english"": ""This ceremony has been handed down from generation to generation."", ""source"": ""tatoeba"", ""source_id"": ""222402""}]","{""level_map"": ""open-anki-jlpt-decks"", ""level_map_guid"": ""z9kLvI4/{d"", ""dictionary"": ""JMdict"", ""dictionary_entry_id"": ""1444680"", ""dictionary_lookup_aliases"": [], ""examples"": ""JMdict sense-linked Tatoeba examples""}"
n5-vocab-0713,N5,713,109,"{""genki_lesson"": null}","{""primary"": ""お皿"", ""variants"": [""お皿""], ""without_furigana"": ""お皿"", ""with_furigana"": ""お{皿}(さら)"", ""lookup_text"": ""お皿""}","{""primary"": ""おさら"", ""variants"": [""おさら""], ""source_text"": ""おさら""}","[""plate"", ""dish""]","[{""code"": ""n"", ""label"": ""noun (common) (futsuumeishi)""}]",False,"[{""japanese_raw"": ""給仕は新しいお皿を持ってきた。"", ""japanese_furigana"": ""<furigana>給仕は新しいお皿を持ってきた。</furigana>"", ""english"": ""The waiter brought a new plate."", ""source"": ""tatoeba"", ""source_id"": ""182363""}]","{""level_map"": ""open-anki-jlpt-decks"", ""level_map_guid"": ""lNBs!SV,D!"", ""dictionary"": ""JMdict"", ""dictionary_entry_id"": ""1299685"", ""dictionary_lookup_aliases"": [], ""examples"": ""JMdict sense-linked Tatoeba examples""}"
n5-vocab-0714,N5,714,110,"{""genki_lesson"": null}","{""primary"": ""伯父"", ""variants"": [""伯父"", ""叔父さん""], ""without_furigana"": ""伯父"", ""with_furigana"": ""{伯父}(おじさん)"", ""lookup_text"": ""伯父""}","{""primary"": ""おじさん"", ""variants"": [""おじさん""], ""source_text"": ""おじさん""}","[""uncle"", ""middle-aged man""]","[{""code"": ""n"", ""label"": ""noun (common) (futsuumeishi)""}]",False,[],"{""level_map"": ""open-anki-jlpt-decks"", ""level_map_guid"": ""s$4&3o9W|{"", ""dictionary"": ""JMdict"", ""dictionary_entry_id"": ""2261490"", ""dictionary_lookup_aliases"": [], ""examples"": ""JMdict sense-linked Tatoeba examples""}"
n5-vocab-0715,N5,715,128,"{""genki_lesson"": null}","{""primary"": ""伯母さん"", ""variants"": [""伯母さん"", ""叔母さん""], ""without_furigana"": ""伯母さん"", ""with_furigana"": ""{伯母}(おば)さん"", ""lookup_text"": ""伯母さん""}","{""primary"": ""おばさん"", ""variants"": [""おばさん""], ""source_text"": ""おばさん""}","[""aunt""]","[{""code"": ""n"", ""label"": ""noun (common) (futsuumeishi)""}]",False,"[{""japanese_raw"": ""叔母さんを訪ねた時はすごいごちそうだったね。"", ""japanese_furigana"": ""<furigana>叔母さんを訪ねた時はすごいごちそうだったね。</furigana>"", ""english"": ""What a feast we had when we visited my aunt!"", ""source"": ""tatoeba"", ""source_id"": ""227572""}]","{""level_map"": ""open-anki-jlpt-decks"", ""level_map_guid"": ""fk]_fvvw.h"", ""dictionary"": ""JMdict"", ""dictionary_entry_id"": ""2261500"", ""dictionary_lookup_aliases"": [], ""examples"": ""JMdict sense-linked Tatoeba examples""}"
n5-vocab-0716,N5,716,426,"{""genki_lesson"": null}","{""primary"": ""テープレコーダー"", ""variants"": [""テープレコーダー""], ""without_furigana"": ""テープレコーダー"", ""with_furigana"": ""テープレコーダー"", ""lookup_text"": ""テープレコーダー""}","{""primary"": ""テープレコーダー"", ""variants"": [""テープレコーダー""], ""source_text"": ""テープレコーダー""}","[""tape recorder""]","[{""code"": ""n"", ""label"": ""noun (common) (futsuumeishi)""}]",False,"[{""japanese_raw"": ""このテープレコーダーは新しくない。"", ""japanese_furigana"": ""<furigana>このテープレコーダーは新しくない。</furigana>"", ""english"": ""This tape recorder is not new."", ""source"": ""tatoeba"", ""source_id"": ""223518""}]","{""level_map"": ""open-anki-jlpt-decks"", ""level_map_guid"": ""izd^3[1~Pe"", ""dictionary"": ""JMdict"", ""dictionary_entry_id"": ""1078810"", ""dictionary_lookup_aliases"": [], ""examples"": ""JMdict sense-linked Tatoeba examples""}"
n5-vocab-0717,N5,717,520,"{""genki_lesson"": null}","{""primary"": ""〜杯"", ""variants"": [""〜杯""], ""without_furigana"": ""〜杯"", ""with_furigana"": ""〜{杯}(はい)"", ""lookup_text"": ""杯""}","{""primary"": ""〜はい"", ""variants"": [""〜はい""], ""source_text"": ""～はい""}","[""counter for cupfuls""]","[{""code"": ""n"", ""label"": ""noun (common) (futsuumeishi)""}, {""code"": ""ctr"", ""label"": ""counter""}, {""code"": ""n-suf"", ""label"": ""noun, used as a suffix""}]",False,"[{""japanese_raw"": ""何杯か飲むと、その男は酔って気持ちよくなった。"", ""japanese_furigana"": ""<furigana>何杯か飲むと、その男は酔って気持ちよくなった。</furigana>"", ""english"": ""After a couple of drinks, the guy was feeling no pain."", ""source"": ""tatoeba"", ""source_id"": ""187320""}, {""japanese_raw"": ""アメリカでは杯やコーヒーメーカーを結婚式で花嫁にプレゼントすることがよくあります。"", ""japanese_furigana"": ""<furigana>アメリカでは杯やコーヒーメーカーを結婚式で花嫁にプレゼントすることがよくあります。</furigana>"", ""english"": ""In the U.S., it is common to give a present, such as glasses or a coffee-maker, to the bride at weddings."", ""source"": ""tatoeba"", ""source_id"": ""230249""}]","{""level_map"": ""open-anki-jlpt-decks"", ""level_map_guid"": ""JTOz#Az0jW"", ""dictionary"": ""JMdict"", ""dictionary_entry_id"": ""2019640"", ""dictionary_lookup_aliases"": [], ""examples"": ""JMdict sense-linked Tatoeba examples""}"
n5-vocab-0718,N5,718,666,"{""genki_lesson"": null}","{""primary"": ""〜屋"", ""variants"": [""〜屋""], ""without_furigana"": ""〜屋"", ""with_furigana"": ""〜{屋}(や)"", ""lookup_text"": ""屋""}","{""primary"": ""〜や"", ""variants"": [""〜や""], ""source_text"": ""～や""}","[""~ shop""]","[{""code"": ""suf"", ""label"": ""suffix""}, {""code"": ""n"", ""label"": ""noun (common) (futsuumeishi)""}]",False,"[{""japanese_raw"": ""日本にあるインドカレー屋のカレーって、やっぱり日本人の口に合わせて本場よりマイルドに作られてるよね。"", ""japanese_furigana"": ""<furigana>日本にあるインドカレー屋のカレーって、やっぱり日本人の口に合わせて本場よりマイルドに作られてるよね。</furigana>"", ""english"": ""The curry they serve in Japan is milder than real Indian curry. They adapt it to Japanese tastes."", ""source"": ""tatoeba"", ""source_id"": ""122685""}]","{""level_map"": ""open-anki-jlpt-decks"", ""level_map_guid"": ""ht#2@^87+]"", ""dictionary"": ""JMdict"", ""dictionary_entry_id"": ""2082160"", ""dictionary_lookup_aliases"": [], ""examples"": ""JMdict sense-linked Tatoeba examples""}"
